2026-09-22T14:40:28Z,zavod=401,survey=200,brand=405,smm=200,ssh22=OK,tcp443=OK
2026-09-22T14:45:47Z,zavod=401,survey=200,brand=405,smm=200,ssh22=OK,tcp443=OK
2026-09-22T14:50:35Z,zavod=401,survey=200,brand=405,smm=200,ssh22=OK,tcp443=OK
2026-09-22T14:55:50Z,zavod=401,survey=TIMEOUT,brand=405,smm=200,ssh22=OK,tcp443=OK
2026-09-22T15:00:54Z,zavod=401,survey=200,brand=TIMEOUT,smm=200,ssh22=OK,tcp443=OK
2026-09-22T15:05:28Z,zavod=401,survey=200,brand=405,smm=200,ssh22=OK,tcp443=OK
2026-09-22T15:10:27Z,zavod=401,survey=200,brand=405,smm=200,ssh22=OK,tcp443=OK
2026-09-22T15:15:47Z,zavod=401,survey=200,brand=405,smm=200,ssh22=OK,tcp443=OK
2026-09-22T15:20:34Z,zavod=401,survey=200,brand=405,smm=TIMEOUT,ssh22=OK,tcp443=OK
2026-09-22T15:25:49Z,zavod=401,survey=200,brand=405,smm=200,ssh22=OK,tcp443=OK
2026-09-22T15:30:39Z,zavod=401,survey=200,brand=405,smm=200,ssh22=OK,tcp443=OK
2026-09-22T15:35:52Z,zavod=401,survey=200,brand=405,smm=200,ssh22=OK,tcp443=OK
2026-09-22T15:40:37Z,zavod=401,survey=TIMEOUT,brand=405,smm=200,ssh22=OK,tcp443=OK
2026-09-22T15:45:54Z,zavod=401,survey=200,brand=405,smm=200,ssh22=OK,tcp443=OK
2026-09-22T15:50:49Z,zavod=401,survey=200,brand=405,smm=200,ssh22=OK,tcp443=OK
2026-09-22T15:55:31Z,zavod=401,survey=200,brand=405,smm=200,ssh22=OK,tcp443=OK
2026-09-22T16:01:01Z,zavod=401,survey=TIMEOUT,brand=405,smm=200,ssh22=OK,tcp443=OK
2026-09-22T16:05:48Z,zavod=401,survey=200,brand=405,smm=200,ssh22=OK,tcp443=OK
2026-09-22T16:10:42Z,zavod=401,survey=TIMEOUT,brand=405,smm=200,ssh22=OK,tcp443=OK
2026-09-22T16:15:28Z,zavod=401,survey=200,brand=405,smm=200,ssh22=OK,tcp443=OK
2026-09-22T16:20:45Z,zavod=401,survey=TIMEOUT,brand=TIMEOUT,smm=200,ssh22=OK,tcp443=OK
2026-09-22T16:25:26Z,zavod=401,survey=200,brand=405,smm=200,ssh22=OK,tcp443=OK
2026-09-22T16:30:46Z,zavod=401,survey=200,brand=405,smm=200,ssh22=OK,tcp443=OK
2026-09-22T16:35:30Z,zavod=401,survey=TIMEOUT,brand=TIMEOUT,smm=200,ssh22=OK,tcp443=OK
2026-09-22T16:40:45Z,zavod=401,survey=200,brand=405,smm=200,ssh22=OK,tcp443=OK
2026-09-22T16:45:31Z,zavod=401,survey=200,brand=405,smm=200,ssh22=OK,tcp443=OK
2026-09-22T16:50:50Z,zavod=401,survey=200,brand=405,smm=200,ssh22=OK,tcp443=OK
2026-09-22T16:55:38Z,zavod=401,survey=TIMEOUT,brand=405,smm=TIMEOUT,ssh22=OK,tcp443=OK
2026-09-22T17:01:11Z,zavod=401,survey=TIMEOUT,brand=405,smm=200,ssh22=OK,tcp443=OK
2026-09-22T17:05:30Z,zavod=401,survey=200,brand=405,smm=200,ssh22=OK,tcp443=OK
2026-09-22T17:10:49Z,zavod=401,survey=200,brand=405,smm=200,ssh22=OK,tcp443=OK
2026-09-22T17:15:39Z,zavod=401,survey=TIMEOUT,brand=405,smm=200,ssh22=OK,tcp443=OK
2026-09-22T17:20:28Z,zavod=401,survey=200,brand=405,smm=200,ssh22=OK,tcp443=OK
2026-09-22T17:25:25Z,zavod=401,survey=200,brand=405,smm=200,ssh22=OK,tcp443=OK
2026-09-22T17:30:50Z,zavod=401,survey=TIMEOUT,brand=TIMEOUT,smm=200,ssh22=OK,tcp443=OK
2026-09-22T17:35:36Z,zavod=401,survey=TIMEOUT,brand=405,smm=200,ssh22=OK,tcp443=OK
2026-09-22T17:40:55Z,zavod=401,survey=200,brand=405,smm=200,ssh22=OK,tcp443=OK
2026-09-22T17:45:44Z,zavod=401,survey=200,brand=405,smm=200,ssh22=OK,tcp443=OK
2026-09-22T17:50:55Z,zavod=401,survey=200,brand=TIMEOUT,smm=200,ssh22=OK,tcp443=OK
2026-09-22T17:55:40Z,zavod=401,survey=TIMEOUT,brand=405,smm=200,ssh22=OK,tcp443=OK
2026-09-22T18:01:12Z,zavod=401,survey=TIMEOUT,brand=405,smm=200,ssh22=OK,tcp443=OK
2026-09-22T18:05:42Z,zavod=401,survey=200,brand=405,smm=200,ssh22=OK,tcp443=OK
2026-09-22T18:10:30Z,zavod=401,survey=TIMEOUT,brand=TIMEOUT,smm=200,ssh22=OK,tcp443=OK
2026-09-22T18:15:29Z,zavod=401,survey=200,brand=405,smm=200,ssh22=OK,tcp443=OK
2026-09-22T18:20:48Z,zavod=401,survey=200,brand=405,smm=200,ssh22=OK,tcp443=OK
2026-09-22T18:25:33Z,zavod=401,survey=200,brand=405,smm=200,ssh22=OK,tcp443=OK
2026-09-22T18:30:39Z,zavod=401,survey=200,brand=405,smm=200,ssh22=OK,tcp443=OK
2026-09-22T18:35:36Z,zavod=401,survey=TIMEOUT,brand=405,smm=200,ssh22=OK,tcp443=OK
2026-09-22T18:40:55Z,zavod=401,survey=TIMEOUT,brand=TIMEOUT,smm=200,ssh22=OK,tcp443=OK
2026-09-22T18:45:54Z,zavod=401,survey=TIMEOUT,brand=405,smm=200,ssh22=OK,tcp443=OK
2026-09-22T18:50:42Z,zavod=401,survey=200,brand=405,smm=200,ssh22=OK,tcp443=OK
2026-09-22T18:55:27Z,zavod=401,survey=200,brand=405,smm=200,ssh22=OK,tcp443=OK
2026-09-22T19:01:09Z,zavod=401,survey=200,brand=405,smm=200,ssh22=OK,tcp443=OK
2026-09-22T19:05:28Z,zavod=401,survey=200,brand=405,smm=200,ssh22=OK,tcp443=OK
2026-09-22T19:10:46Z,zavod=401,survey=200,brand=405,smm=200,ssh22=OK,tcp443=OK
2026-09-22T19:15:34Z,zavod=401,survey=TIMEOUT,brand=405,smm=200,ssh22=OK,tcp443=OK
2026-09-22T19:20:53Z,zavod=401,survey=200,brand=405,smm=200,ssh22=OK,tcp443=OK
2026-09-22T19:25:38Z,zavod=401,survey=TIMEOUT,brand=405,smm=200,ssh22=OK,tcp443=OK
2026-09-22T19:31:01Z,zavod=401,survey=TIMEOUT,brand=TIMEOUT,smm=200,ssh22=OK,tcp443=OK
2026-09-22T19:35:48Z,zavod=401,survey=TIMEOUT,brand=405,smm=200,ssh22=OK,tcp443=OK
2026-09-22T19:40:35Z,zavod=401,survey=200,brand=405,smm=200,ssh22=OK,tcp443=OK
2026-09-22T19:45:34Z,zavod=401,survey=200,brand=405,smm=200,ssh22=OK,tcp443=OK
2026-09-22T19:50:34Z,zavod=401,survey=200,brand=405,smm=200,ssh22=OK,tcp443=OK
2026-09-22T19:55:54Z,zavod=401,survey=TIMEOUT,brand=405,smm=200,ssh22=OK,tcp443=OK
2026-09-22T20:01:00Z,zavod=401,survey=TIMEOUT,brand=TIMEOUT,smm=200,ssh22=OK,tcp443=OK
2026-09-22T20:05:52Z,zavod=401,survey=200,brand=405,smm=200,ssh22=OK,tcp443=OK
2026-09-22T20:10:40Z,zavod=401,survey=200,brand=405,smm=200,ssh22=OK,tcp443=OK
2026-09-22T20:15:38Z,zavod=401,survey=TIMEOUT,brand=405,smm=200,ssh22=OK,tcp443=OK
2026-09-22T20:20:57Z,zavod=401,survey=200,brand=405,smm=200,ssh22=OK,tcp443=OK
2026-09-22T20:25:41Z,zavod=401,survey=200,brand=405,smm=200,ssh22=OK,tcp443=OK
2026-09-22T20:31:04Z,zavod=401,survey=200,brand=405,smm=200,ssh22=OK,tcp443=OK
2026-09-22T20:35:52Z,zavod=401,survey=200,brand=405,smm=200,ssh22=OK,tcp443=OK
2026-09-22T20:40:55Z,zavod=401,survey=TIMEOUT,brand=TIMEOUT,smm=200,ssh22=OK,tcp443=OK
2026-09-22T20:45:48Z,zavod=401,survey=200,brand=405,smm=200,ssh22=OK,tcp443=OK
2026-09-22T20:50:51Z,zavod=401,survey=TIMEOUT,brand=405,smm=200,ssh22=OK,tcp443=OK
2026-09-22T20:55:41Z,zavod=401,survey=200,brand=405,smm=200,ssh22=OK,tcp443=OK
2026-09-22T21:00:47Z,zavod=401,survey=200,brand=405,smm=200,ssh22=OK,tcp443=OK
2026-09-22T21:05:40Z,zavod=401,survey=TIMEOUT,brand=405,smm=200,ssh22=OK,tcp443=OK
2026-09-22T21:10:32Z,zavod=401,survey=200,brand=405,smm=200,ssh22=OK,tcp443=OK
2026-09-22T21:15:55Z,zavod=401,survey=TIMEOUT,brand=405,smm=200,ssh22=OK,tcp443=OK
2026-09-22T21:20:48Z,zavod=401,survey=200,brand=405,smm=200,ssh22=OK,tcp443=OK
2026-09-22T21:25:37Z,zavod=401,survey=200,brand=TIMEOUT,smm=TIMEOUT,ssh22=OK,tcp443=OK
2026-09-22T21:30:46Z,zavod=401,survey=200,brand=405,smm=200,ssh22=OK,tcp443=OK
2026-09-22T21:35:46Z,zavod=401,survey=200,brand=405,smm=200,ssh22=OK,tcp443=OK
2026-09-22T21:40:38Z,zavod=401,survey=200,brand=405,smm=200,ssh22=OK,tcp443=OK
2026-09-22T21:45:30Z,zavod=401,survey=TIMEOUT,brand=405,smm=200,ssh22=OK,tcp443=OK
2026-09-22T21:50:52Z,zavod=401,survey=TIMEOUT,brand=TIMEOUT,smm=200,ssh22=OK,tcp443=OK
2026-09-22T21:55:41Z,zavod=401,survey=200,brand=405,smm=200,ssh22=OK,tcp443=OK
2026-09-22T22:00:58Z,zavod=401,survey=200,brand=405,smm=200,ssh22=OK,tcp443=OK
2026-09-22T22:05:50Z,zavod=401,survey=200,brand=405,smm=200,ssh22=OK,tcp443=OK
2026-09-22T22:10:42Z,zavod=TIMEOUT,survey=200,brand=TIMEOUT,smm=200,ssh22=OK,tcp443=OK
2026-09-22T22:15:34Z,zavod=401,survey=TIMEOUT,brand=405,smm=200,ssh22=OK,tcp443=OK
2026-09-22T22:20:56Z,zavod=401,survey=200,brand=405,smm=200,ssh22=OK,tcp443=OK
2026-09-22T22:25:45Z,zavod=401,survey=200,brand=405,smm=200,ssh22=OK,tcp443=OK
2026-09-22T22:30:43Z,zavod=401,survey=TIMEOUT,brand=405,smm=200,ssh22=OK,tcp443=OK
2026-09-22T22:35:34Z,zavod=401,survey=200,brand=405,smm=200,ssh22=OK,tcp443=OK
2026-09-22T22:40:35Z,zavod=401,survey=TIMEOUT,brand=TIMEOUT,smm=200,ssh22=OK,tcp443=OK
2026-09-22T22:45:58Z,zavod=401,survey=200,brand=405,smm=200,ssh22=OK,tcp443=OK
2026-09-22T22:50:49Z,zavod=401,survey=TIMEOUT,brand=405,smm=200,ssh22=OK,tcp443=OK
2026-09-22T22:55:49Z,zavod=401,survey=200,brand=405,smm=200,ssh22=OK,tcp443=OK
2026-09-22T23:00:53Z,zavod=401,survey=200,brand=405,smm=200,ssh22=OK,tcp443=OK
2026-09-22T23:05:45Z,zavod=401,survey=200,brand=TIMEOUT,smm=200,ssh22=OK,tcp443=OK
2026-09-22T23:10:47Z,zavod=401,survey=TIMEOUT,brand=TIMEOUT,smm=200,ssh22=OK,tcp443=OK
2026-09-22T23:15:39Z,zavod=401,survey=200,brand=405,smm=200,ssh22=OK,tcp443=OK
2026-09-22T23:20:30Z,zavod=401,survey=TIMEOUT,brand=TIMEOUT,smm=200,ssh22=OK,tcp443=OK
2026-09-22T23:25:49Z,zavod=401,survey=200,brand=405,smm=200,ssh22=OK,tcp443=OK
2026-09-22T23:30:46Z,zavod=401,survey=200,brand=405,smm=200,ssh22=OK,tcp443=OK
2026-09-22T23:35:36Z,zavod=401,survey=TIMEOUT,brand=405,smm=200,ssh22=OK,tcp443=OK
2026-09-22T23:40:57Z,zavod=401,survey=TIMEOUT,brand=405,smm=200,ssh22=OK,tcp443=OK
2026-09-22T23:45:50Z,zavod=401,survey=200,brand=405,smm=200,ssh22=OK,tcp443=OK
2026-09-22T23:50:40Z,zavod=401,survey=200,brand=405,smm=200,ssh22=OK,tcp443=OK
2026-09-22T23:55:28Z,zavod=401,survey=200,brand=405,smm=200,ssh22=OK,tcp443=OK
2026-09-23T00:01:05Z,zavod=401,survey=200,brand=405,smm=200,ssh22=OK,tcp443=OK
2026-09-23T00:05:28Z,zavod=401,survey=200,brand=405,smm=200,ssh22=OK,tcp443=OK
2026-09-23T00:10:49Z,zavod=401,survey=200,brand=405,smm=200,ssh22=OK,tcp443=OK
2026-09-23T00:15:42Z,zavod=401,survey=200,brand=405,smm=200,ssh22=OK,tcp443=OK
2026-09-23T00:20:34Z,zavod=401,survey=200,brand=405,smm=200,ssh22=OK,tcp443=OK
2026-09-23T00:25:53Z,zavod=401,survey=200,brand=405,smm=200,ssh22=OK,tcp443=OK
2026-09-23T00:30:51Z,zavod=401,survey=200,brand=405,smm=200,ssh22=OK,tcp443=OK
2026-09-23T00:35:52Z,zavod=401,survey=200,brand=TIMEOUT,smm=200,ssh22=OK,tcp443=OK
2026-09-23T00:40:44Z,zavod=401,survey=200,brand=405,smm=200,ssh22=OK,tcp443=OK
2026-09-23T00:45:37Z,zavod=401,survey=200,brand=405,smm=200,ssh22=OK,tcp443=OK
2026-09-23T00:50:39Z,zavod=401,survey=TIMEOUT,brand=405,smm=200,ssh22=OK,tcp443=OK
2026-09-23T00:55:28Z,zavod=401,survey=TIMEOUT,brand=405,smm=200,ssh22=OK,tcp443=OK
2026-09-23T01:01:03Z,zavod=401,survey=200,brand=405,smm=200,ssh22=OK,tcp443=OK
2026-09-23T01:05:36Z,zavod=401,survey=200,brand=405,smm=200,ssh22=OK,tcp443=OK
2026-09-23T01:10:58Z,zavod=401,survey=TIMEOUT,brand=TIMEOUT,smm=200,ssh22=OK,tcp443=OK
2026-09-23T01:15:50Z,zavod=401,survey=200,brand=405,smm=200,ssh22=OK,tcp443=OK
2026-09-23T01:20:43Z,zavod=401,survey=200,brand=405,smm=200,ssh22=OK,tcp443=OK
2026-09-23T01:25:32Z,zavod=401,survey=200,brand=405,smm=200,ssh22=OK,tcp443=OK
2026-09-23T01:30:59Z,zavod=401,survey=200,brand=405,smm=200,ssh22=OK,tcp443=OK
2026-09-23T01:35:29Z,zavod=401,survey=TIMEOUT,brand=405,smm=200,ssh22=OK,tcp443=OK
2026-09-23T01:40:51Z,zavod=401,survey=200,brand=405,smm=200,ssh22=OK,tcp443=OK
2026-09-23T01:45:43Z,zavod=401,survey=200,brand=405,smm=200,ssh22=OK,tcp443=OK
2026-09-23T01:50:34Z,zavod=401,survey=TIMEOUT,brand=405,smm=200,ssh22=OK,tcp443=OK
2026-09-23T01:55:53Z,zavod=401,survey=200,brand=405,smm=200,ssh22=OK,tcp443=OK
2026-09-23T02:01:08Z,zavod=401,survey=200,brand=405,smm=200,ssh22=OK,tcp443=OK
2026-09-23T02:05:31Z,zavod=401,survey=TIMEOUT,brand=TIMEOUT,smm=200,ssh22=OK,tcp443=OK
2026-09-23T02:10:53Z,zavod=401,survey=TIMEOUT,brand=405,smm=200,ssh22=OK,tcp443=OK
2026-09-23T02:15:46Z,zavod=401,survey=200,brand=405,smm=200,ssh22=OK,tcp443=OK
2026-09-23T02:20:49Z,zavod=401,survey=TIMEOUT,brand=405,smm=200,ssh22=OK,tcp443=OK
2026-09-23T02:25:38Z,zavod=401,survey=TIMEOUT,brand=405,smm=200,ssh22=FAIL,tcp443=FAIL
2026-09-23T02:30:36Z,zavod=401,survey=200,brand=405,smm=200,ssh22=OK,tcp443=OK
2026-09-23T02:35:27Z,zavod=401,survey=200,brand=405,smm=200,ssh22=OK,tcp443=OK
2026-09-23T02:40:50Z,zavod=401,survey=200,brand=405,smm=200,ssh22=OK,tcp443=OK
2026-09-23T02:45:53Z,zavod=401,survey=200,brand=405,smm=200,ssh22=OK,tcp443=OK
2026-09-23T02:50:56Z,zavod=401,survey=TIMEOUT,brand=405,smm=200,ssh22=OK,tcp443=OK
2026-09-23T02:55:26Z,zavod=401,survey=200,brand=405,smm=200,ssh22=OK,tcp443=OK
2026-09-23T03:01:03Z,zavod=401,survey=200,brand=405,smm=200,ssh22=OK,tcp443=OK
2026-09-23T03:05:26Z,zavod=401,survey=TIMEOUT,brand=405,smm=200,ssh22=OK,tcp443=OK
2026-09-23T03:10:49Z,zavod=401,survey=TIMEOUT,brand=405,smm=200,ssh22=OK,tcp443=OK
2026-09-23T03:15:42Z,zavod=401,survey=TIMEOUT,brand=TIMEOUT,smm=TIMEOUT,ssh22=OK,tcp443=OK
2026-09-23T03:20:36Z,zavod=401,survey=200,brand=405,smm=200,ssh22=OK,tcp443=OK
2026-09-23T03:25:25Z,zavod=401,survey=200,brand=405,smm=200,ssh22=OK,tcp443=OK
2026-09-23T03:31:05Z,zavod=401,survey=200,brand=405,smm=200,ssh22=OK,tcp443=OK
2026-09-23T03:35:26Z,zavod=401,survey=TIMEOUT,brand=405,smm=200,ssh22=OK,tcp443=OK
2026-09-23T03:40:50Z,zavod=401,survey=200,brand=405,smm=200,ssh22=OK,tcp443=OK
2026-09-23T03:45:43Z,zavod=401,survey=200,brand=405,smm=200,ssh22=OK,tcp443=OK
2026-09-23T03:50:47Z,zavod=401,survey=TIMEOUT,brand=TIMEOUT,smm=200,ssh22=OK,tcp443=OK
2026-09-23T03:55:37Z,zavod=401,survey=200,brand=405,smm=200,ssh22=OK,tcp443=OK
2026-09-23T04:01:14Z,zavod=401,survey=200,brand=405,smm=200,ssh22=OK,tcp443=OK
2026-09-23T04:05:38Z,zavod=401,survey=TIMEOUT,brand=TIMEOUT,smm=200,ssh22=OK,tcp443=OK
2026-09-23T04:10:31Z,zavod=401,survey=200,brand=405,smm=200,ssh22=OK,tcp443=OK
2026-09-23T04:15:54Z,zavod=401,survey=200,brand=405,smm=200,ssh22=OK,tcp443=OK
2026-09-23T04:20:57Z,zavod=401,survey=200,brand=405,smm=200,ssh22=OK,tcp443=OK
2026-09-23T04:25:45Z,zavod=401,survey=TIMEOUT,brand=405,smm=200,ssh22=OK,tcp443=OK
2026-09-23T04:30:43Z,zavod=401,survey=200,brand=405,smm=200,ssh22=OK,tcp443=OK
2026-09-23T04:35:43Z,zavod=401,survey=TIMEOUT,brand=405,smm=200,ssh22=OK,tcp443=OK
2026-09-23T04:40:37Z,zavod=401,survey=TIMEOUT,brand=405,smm=200,ssh22=OK,tcp443=OK
2026-09-23T04:45:41Z,zavod=401,survey=200,brand=405,smm=200,ssh22=OK,tcp443=OK
2026-09-23T04:50:45Z,zavod=401,survey=TIMEOUT,brand=TIMEOUT,smm=200,ssh22=OK,tcp443=OK
2026-09-23T04:55:34Z,zavod=401,survey=TIMEOUT,brand=TIMEOUT,smm=TIMEOUT,ssh22=OK,tcp443=OK
2026-09-23T05:00:52Z,zavod=401,survey=TIMEOUT,brand=TIMEOUT,smm=200,ssh22=OK,tcp443=OK
2026-09-23T05:05:46Z,zavod=401,survey=200,brand=405,smm=200,ssh22=OK,tcp443=OK
2026-09-23T05:10:39Z,zavod=401,survey=TIMEOUT,brand=405,smm=200,ssh22=OK,tcp443=OK
2026-09-23T05:15:44Z,zavod=401,survey=200,brand=TIMEOUT,smm=200,ssh22=OK,tcp443=OK
2026-09-23T05:20:38Z,zavod=401,survey=TIMEOUT,brand=405,smm=200,ssh22=OK,tcp443=OK
2026-09-23T05:25:27Z,zavod=401,survey=200,brand=405,smm=200,ssh22=FAIL,tcp443=FAIL
2026-09-23T05:30:56Z,zavod=401,survey=TIMEOUT,brand=405,smm=200,ssh22=OK,tcp443=OK
2026-09-23T05:35:48Z,zavod=401,survey=200,brand=405,smm=200,ssh22=OK,tcp443=OK
2026-09-23T05:40:40Z,zavod=401,survey=200,brand=405,smm=200,ssh22=OK,tcp443=OK
2026-09-23T05:45:57Z,zavod=401,survey=TIMEOUT,brand=405,smm=200,ssh22=OK,tcp443=OK
2026-09-23T05:50:51Z,zavod=401,survey=200,brand=405,smm=200,ssh22=OK,tcp443=OK
2026-09-23T05:55:41Z,zavod=401,survey=200,brand=405,smm=200,ssh22=OK,tcp443=OK
2026-09-23T06:00:51Z,zavod=401,survey=200,brand=405,smm=200,ssh22=OK,tcp443=OK
2026-09-23T06:05:48Z,zavod=401,survey=TIMEOUT,brand=405,smm=200,ssh22=OK,tcp443=OK
2026-09-23T06:10:42Z,zavod=401,survey=200,brand=405,smm=200,ssh22=OK,tcp443=OK
2026-09-23T06:15:38Z,zavod=401,survey=TIMEOUT,brand=TIMEOUT,smm=200,ssh22=OK,tcp443=OK
2026-09-23T06:20:44Z,zavod=401,survey=200,brand=405,smm=200,ssh22=OK,tcp443=OK
2026-09-23T06:25:36Z,zavod=401,survey=200,brand=405,smm=200,ssh22=OK,tcp443=OK
2026-09-23T06:30:47Z,zavod=401,survey=TIMEOUT,brand=TIMEOUT,smm=TIMEOUT,ssh22=OK,tcp443=OK
2026-09-23T06:35:38Z,zavod=401,survey=200,brand=405,smm=200,ssh22=OK,tcp443=OK
2026-09-23T06:40:41Z,zavod=401,survey=200,brand=405,smm=200,ssh22=OK,tcp443=OK
2026-09-23T06:45:32Z,zavod=401,survey=TIMEOUT,brand=TIMEOUT,smm=200,ssh22=OK,tcp443=OK
2026-09-23T06:50:55Z,zavod=401,survey=200,brand=405,smm=200,ssh22=OK,tcp443=OK
2026-09-23T06:55:43Z,zavod=401,survey=200,brand=405,smm=200,ssh22=OK,tcp443=OK
2026-09-23T07:00:48Z,zavod=401,survey=200,brand=405,smm=200,ssh22=OK,tcp443=OK
2026-09-23T07:05:40Z,zavod=401,survey=200,brand=405,smm=200,ssh22=OK,tcp443=OK
2026-09-23T07:10:31Z,zavod=401,survey=200,brand=405,smm=200,ssh22=OK,tcp443=OK
2026-09-23T07:15:53Z,zavod=401,survey=TIMEOUT,brand=405,smm=200,ssh22=OK,tcp443=OK
2026-09-23T07:20:44Z,zavod=401,survey=200,brand=405,smm=200,ssh22=OK,tcp443=OK
2026-09-23T07:25:31Z,zavod=401,survey=200,brand=405,smm=200,ssh22=OK,tcp443=OK
2026-09-23T07:31:05Z,zavod=401,survey=200,brand=405,smm=200,ssh22=OK,tcp443=OK
2026-09-23T07:35:44Z,zavod=401,survey=200,brand=405,smm=200,ssh22=OK,tcp443=OK
2026-09-23T07:40:50Z,zavod=401,survey=200,brand=405,smm=200,ssh22=OK,tcp443=OK
2026-09-23T07:45:47Z,zavod=401,survey=TIMEOUT,brand=405,smm=200,ssh22=OK,tcp443=OK
2026-09-23T07:50:42Z,zavod=401,survey=TIMEOUT,brand=405,smm=200,ssh22=OK,tcp443=OK
2026-09-23T07:55:52Z,zavod=401,survey=200,brand=405,smm=200,ssh22=OK,tcp443=OK
2026-09-23T08:00:57Z,zavod=401,survey=200,brand=405,smm=200,ssh22=OK,tcp443=OK
2026-09-23T08:05:41Z,zavod=401,survey=200,brand=405,smm=200,ssh22=OK,tcp443=OK
2026-09-23T08:10:43Z,zavod=401,survey=200,brand=405,smm=200,ssh22=OK,tcp443=OK
2026-09-23T08:15:47Z,zavod=401,survey=200,brand=405,smm=200,ssh22=OK,tcp443=OK
2026-09-23T08:20:39Z,zavod=401,survey=200,brand=405,smm=200,ssh22=OK,tcp443=OK
2026-09-23T08:25:36Z,zavod=401,survey=200,brand=405,smm=200,ssh22=OK,tcp443=OK
2026-09-23T08:31:04Z,zavod=401,survey=200,brand=405,smm=200,ssh22=OK,tcp443=OK
2026-09-23T08:35:54Z,zavod=401,survey=200,brand=405,smm=200,ssh22=OK,tcp443=OK
2026-09-23T08:40:46Z,zavod=401,survey=200,brand=405,smm=200,ssh22=OK,tcp443=OK
2026-09-23T08:45:51Z,zavod=401,survey=200,brand=405,smm=200,ssh22=OK,tcp443=OK
2026-09-23T08:50:53Z,zavod=401,survey=TIMEOUT,brand=405,smm=200,ssh22=OK,tcp443=OK
2026-09-23T08:55:43Z,zavod=401,survey=200,brand=405,smm=200,ssh22=OK,tcp443=OK
2026-09-23T09:01:12Z,zavod=401,survey=200,brand=405,smm=200,ssh22=OK,tcp443=OK
2026-09-23T09:05:36Z,zavod=401,survey=200,brand=405,smm=200,ssh22=OK,tcp443=OK
2026-09-23T09:10:50Z,zavod=401,survey=200,brand=405,smm=200,ssh22=OK,tcp443=OK
2026-09-23T09:15:54Z,zavod=401,survey=200,brand=405,smm=200,ssh22=OK,tcp443=OK
2026-09-23T09:20:59Z,zavod=401,survey=TIMEOUT,brand=405,smm=200,ssh22=OK,tcp443=OK
2026-09-23T09:25:49Z,zavod=401,survey=200,brand=405,smm=200,ssh22=OK,tcp443=OK
2026-09-23T09:30:49Z,zavod=401,survey=200,brand=405,smm=200,ssh22=OK,tcp443=OK
2026-09-23T09:35:41Z,zavod=401,survey=200,brand=405,smm=200,ssh22=OK,tcp443=OK
2026-09-23T09:40:56Z,zavod=401,survey=TIMEOUT,brand=405,smm=200,ssh22=FAIL,tcp443=FAIL
2026-09-23T09:45:49Z,zavod=401,survey=200,brand=405,smm=200,ssh22=OK,tcp443=OK
2026-09-23T09:50:52Z,zavod=401,survey=TIMEOUT,brand=405,smm=200,ssh22=OK,tcp443=OK
2026-09-23T09:55:41Z,zavod=401,survey=TIMEOUT,brand=405,smm=200,ssh22=OK,tcp443=OK
2026-09-23T10:00:47Z,zavod=401,survey=200,brand=405,smm=200,ssh22=OK,tcp443=OK
2026-09-23T10:05:40Z,zavod=401,survey=TIMEOUT,brand=TIMEOUT,smm=200,ssh22=OK,tcp443=OK
2026-09-23T10:10:33Z,zavod=401,survey=200,brand=405,smm=200,ssh22=OK,tcp443=OK
2026-09-23T10:15:48Z,zavod=401,survey=TIMEOUT,brand=405,smm=200,ssh22=OK,tcp443=OK
2026-09-23T10:20:40Z,zavod=401,survey=200,brand=405,smm=200,ssh22=OK,tcp443=OK
2026-09-23T10:25:43Z,zavod=401,survey=200,brand=405,smm=200,ssh22=OK,tcp443=OK
2026-09-23T10:31:02Z,zavod=401,survey=200,brand=405,smm=200,ssh22=OK,tcp443=OK
2026-09-23T10:35:34Z,zavod=401,survey=200,brand=TIMEOUT,smm=200,ssh22=OK,tcp443=OK
2026-09-23T10:40:47Z,zavod=401,survey=200,brand=405,smm=200,ssh22=OK,tcp443=OK
2026-09-23T10:45:52Z,zavod=401,survey=TIMEOUT,brand=TIMEOUT,smm=200,ssh22=OK,tcp443=OK
2026-09-23T10:50:43Z,zavod=401,survey=200,brand=405,smm=200,ssh22=OK,tcp443=OK
2026-09-23T10:55:44Z,zavod=401,survey=200,brand=405,smm=200,ssh22=FAIL,tcp443=FAIL
2026-09-23T11:01:00Z,zavod=401,survey=200,brand=405,smm=200,ssh22=OK,tcp443=OK
2026-09-23T11:05:52Z,zavod=401,survey=200,brand=405,smm=200,ssh22=OK,tcp443=OK
2026-09-23T11:10:45Z,zavod=TIMEOUT,survey=200,brand=405,smm=200,ssh22=OK,tcp443=OK
2026-09-23T11:15:51Z,zavod=401,survey=200,brand=405,smm=200,ssh22=OK,tcp443=OK
2026-09-23T11:20:56Z,zavod=401,survey=200,brand=405,smm=200,ssh22=FAIL,tcp443=FAIL
2026-09-23T11:25:50Z,zavod=401,survey=200,brand=405,smm=200,ssh22=OK,tcp443=OK
2026-09-23T11:30:50Z,zavod=401,survey=200,brand=405,smm=200,ssh22=OK,tcp443=OK
2026-09-23T11:35:42Z,zavod=401,survey=200,brand=405,smm=200,ssh22=OK,tcp443=OK
2026-09-23T11:40:35Z,zavod=401,survey=200,brand=405,smm=200,ssh22=OK,tcp443=OK
2026-09-23T11:45:41Z,zavod=401,survey=200,brand=405,smm=200,ssh22=OK,tcp443=OK
2026-09-23T11:50:46Z,zavod=401,survey=200,brand=405,smm=200,ssh22=OK,tcp443=OK
2026-09-23T11:55:47Z,zavod=401,survey=TIMEOUT,brand=405,smm=200,ssh22=OK,tcp443=OK
2026-09-23T12:00:57Z,zavod=401,survey=200,brand=405,smm=200,ssh22=OK,tcp443=OK
2026-09-23T12:05:33Z,zavod=401,survey=200,brand=405,smm=200,ssh22=OK,tcp443=OK
2026-09-23T12:10:58Z,zavod=401,survey=200,brand=405,smm=200,ssh22=OK,tcp443=OK
2026-09-23T12:15:32Z,zavod=401,survey=200,brand=405,smm=200,ssh22=OK,tcp443=OK
2026-09-23T12:20:36Z,zavod=401,survey=200,brand=405,smm=200,ssh22=OK,tcp443=OK
2026-09-23T12:25:48Z,zavod=401,survey=TIMEOUT,brand=405,smm=200,ssh22=OK,tcp443=OK
2026-09-23T12:30:46Z,zavod=401,survey=TIMEOUT,brand=405,smm=200,ssh22=OK,tcp443=OK
2026-09-23T12:35:39Z,zavod=401,survey=200,brand=405,smm=200,ssh22=OK,tcp443=OK
2026-09-23T12:40:55Z,zavod=401,survey=200,brand=405,smm=200,ssh22=OK,tcp443=OK
2026-09-23T12:46:00Z,zavod=401,survey=200,brand=405,smm=200,ssh22=OK,tcp443=OK
2026-09-23T12:50:55Z,zavod=TIMEOUT,survey=200,brand=405,smm=200,ssh22=OK,tcp443=OK
2026-09-23T12:55:25Z,zavod=401,survey=200,brand=405,smm=200,ssh22=OK,tcp443=OK
2026-09-23T13:00:54Z,zavod=401,survey=200,brand=405,smm=200,ssh22=OK,tcp443=OK
2026-09-23T13:05:29Z,zavod=401,survey=200,brand=405,smm=200,ssh22=OK,tcp443=OK
2026-09-23T13:10:45Z,zavod=401,survey=TIMEOUT,brand=405,smm=200,ssh22=OK,tcp443=OK
2026-09-23T13:15:40Z,zavod=401,survey=200,brand=405,smm=200,ssh22=OK,tcp443=OK
2026-09-23T13:20:43Z,zavod=401,survey=200,brand=405,smm=200,ssh22=OK,tcp443=OK
2026-09-23T13:25:44Z,zavod=401,survey=200,brand=405,smm=200,ssh22=OK,tcp443=OK
2026-09-23T13:30:55Z,zavod=401,survey=200,brand=405,smm=200,ssh22=OK,tcp443=OK
2026-09-23T13:35:29Z,zavod=TIMEOUT,survey=200,brand=405,smm=200,ssh22=OK,tcp443=OK
2026-09-23T13:40:54Z,zavod=401,survey=TIMEOUT,brand=405,smm=200,ssh22=OK,tcp443=OK
2026-09-23T13:45:32Z,zavod=401,survey=TIMEOUT,brand=405,smm=200,ssh22=OK,tcp443=OK
2026-09-23T13:50:31Z,zavod=401,survey=TIMEOUT,brand=TIMEOUT,smm=200,ssh22=OK,tcp443=OK
2026-09-23T13:55:36Z,zavod=401,survey=TIMEOUT,brand=405,smm=200,ssh22=OK,tcp443=OK
2026-09-23T14:00:59Z,zavod=401,survey=TIMEOUT,brand=405,smm=200,ssh22=OK,tcp443=OK
2026-09-23T14:05:37Z,zavod=401,survey=TIMEOUT,brand=TIMEOUT,smm=TIMEOUT,ssh22=OK,tcp443=OK
2026-09-23T14:10:45Z,zavod=401,survey=200,brand=405,smm=200,ssh22=OK,tcp443=OK
2026-09-23T14:15:53Z,zavod=401,survey=200,brand=405,smm=200,ssh22=OK,tcp443=OK
2026-09-23T14:20:31Z,zavod=401,survey=200,brand=405,smm=200,ssh22=OK,tcp443=OK
2026-09-23T14:25:46Z,zavod=401,survey=200,brand=405,smm=200,ssh22=OK,tcp443=OK
2026-09-23T14:31:00Z,zavod=401,survey=200,brand=405,smm=200,ssh22=OK,tcp443=OK
2026-09-23T14:35:46Z,zavod=401,survey=200,brand=405,smm=200,ssh22=OK,tcp443=OK
2026-09-23T14:40:53Z,zavod=401,survey=200,brand=405,smm=200,ssh22=OK,tcp443=OK
2026-09-23T14:45:51Z,zavod=401,survey=200,brand=405,smm=200,ssh22=OK,tcp443=OK
2026-09-23T14:50:57Z,zavod=401,survey=200,brand=405,smm=200,ssh22=OK,tcp443=OK
2026-09-23T14:55:49Z,zavod=401,survey=200,brand=405,smm=200,ssh22=OK,tcp443=OK
2026-09-23T15:01:10Z,zavod=401,survey=TIMEOUT,brand=405,smm=200,ssh22=OK,tcp443=OK
2026-09-23T15:05:36Z,zavod=401,survey=TIMEOUT,brand=TIMEOUT,smm=200,ssh22=OK,tcp443=OK
2026-09-23T15:10:52Z,zavod=401,survey=TIMEOUT,brand=TIMEOUT,smm=200,ssh22=OK,tcp443=OK
2026-09-23T15:15:59Z,zavod=401,survey=200,brand=405,smm=200,ssh22=OK,tcp443=OK
2026-09-23T15:20:55Z,zavod=401,survey=TIMEOUT,brand=TIMEOUT,smm=200,ssh22=OK,tcp443=OK
2026-09-23T15:25:48Z,zavod=401,survey=200,brand=405,smm=200,ssh22=OK,tcp443=OK
2026-09-23T15:30:59Z,zavod=401,survey=TIMEOUT,brand=405,smm=200,ssh22=OK,tcp443=OK
2026-09-23T15:35:54Z,zavod=401,survey=TIMEOUT,brand=TIMEOUT,smm=200,ssh22=OK,tcp443=OK
2026-09-23T15:40:48Z,zavod=401,survey=TIMEOUT,brand=405,smm=200,ssh22=OK,tcp443=OK
2026-09-23T15:45:45Z,zavod=401,survey=TIMEOUT,brand=TIMEOUT,smm=TIMEOUT,ssh22=OK,tcp443=OK
2026-09-23T15:50:41Z,zavod=401,survey=200,brand=TIMEOUT,smm=200,ssh22=OK,tcp443=OK
2026-09-23T15:55:44Z,zavod=401,survey=200,brand=405,smm=200,ssh22=OK,tcp443=OK
2026-09-23T16:01:05Z,zavod=401,survey=TIMEOUT,brand=405,smm=200,ssh22=OK,tcp443=OK
2026-09-23T16:05:31Z,zavod=401,survey=200,brand=405,smm=200,ssh22=OK,tcp443=OK
2026-09-23T16:10:57Z,zavod=401,survey=TIMEOUT,brand=405,smm=200,ssh22=OK,tcp443=OK
2026-09-23T16:15:45Z,zavod=401,survey=200,brand=405,smm=200,ssh22=OK,tcp443=OK
2026-09-23T16:20:41Z,zavod=401,survey=200,brand=405,smm=200,ssh22=OK,tcp443=OK
2026-09-23T16:25:33Z,zavod=401,survey=200,brand=405,smm=200,ssh22=OK,tcp443=OK
2026-09-23T16:31:05Z,zavod=401,survey=200,brand=405,smm=200,ssh22=OK,tcp443=OK
2026-09-23T16:35:30Z,zavod=401,survey=200,brand=405,smm=200,ssh22=OK,tcp443=OK
2026-09-23T16:40:35Z,zavod=401,survey=TIMEOUT,brand=TIMEOUT,smm=200,ssh22=OK,tcp443=OK
2026-09-23T16:45:30Z,zavod=401,survey=TIMEOUT,brand=TIMEOUT,smm=200,ssh22=OK,tcp443=OK
2026-09-23T16:50:49Z,zavod=401,survey=TIMEOUT,brand=405,smm=200,ssh22=OK,tcp443=OK
2026-09-23T16:55:51Z,zavod=401,survey=200,brand=405,smm=200,ssh22=OK,tcp443=OK
2026-09-23T17:00:50Z,zavod=401,survey=200,brand=405,smm=200,ssh22=OK,tcp443=OK
2026-09-23T17:05:47Z,zavod=401,survey=200,brand=405,smm=200,ssh22=OK,tcp443=OK
2026-09-23T17:10:52Z,zavod=401,survey=200,brand=405,smm=200,ssh22=OK,tcp443=OK
2026-09-23T17:15:37Z,zavod=401,survey=200,brand=405,smm=200,ssh22=OK,tcp443=OK
2026-09-23T17:20:31Z,zavod=401,survey=200,brand=405,smm=200,ssh22=OK,tcp443=OK
2026-09-23T17:25:51Z,zavod=401,survey=200,brand=405,smm=200,ssh22=OK,tcp443=OK
2026-09-23T17:31:02Z,zavod=401,survey=200,brand=405,smm=200,ssh22=OK,tcp443=OK
2026-09-23T17:35:35Z,zavod=401,survey=200,brand=405,smm=200,ssh22=OK,tcp443=OK
2026-09-23T17:40:40Z,zavod=401,survey=200,brand=405,smm=200,ssh22=OK,tcp443=OK
2026-09-23T17:45:45Z,zavod=401,survey=200,brand=405,smm=200,ssh22=OK,tcp443=OK
2026-09-23T17:50:50Z,zavod=401,survey=200,brand=405,smm=200,ssh22=OK,tcp443=OK
2026-09-23T17:55:43Z,zavod=401,survey=200,brand=405,smm=200,ssh22=OK,tcp443=OK
2026-09-23T18:01:03Z,zavod=401,survey=200,brand=405,smm=200,ssh22=OK,tcp443=OK
2026-09-23T18:05:38Z,zavod=401,survey=200,brand=405,smm=200,ssh22=OK,tcp443=OK
2026-09-23T18:10:41Z,zavod=401,survey=200,brand=405,smm=200,ssh22=OK,tcp443=OK
2026-09-23T18:15:37Z,zavod=401,survey=200,brand=405,smm=200,ssh22=OK,tcp443=OK
2026-09-23T18:20:53Z,zavod=401,survey=200,brand=405,smm=200,ssh22=OK,tcp443=OK
2026-09-23T18:25:34Z,zavod=401,survey=200,brand=405,smm=200,ssh22=OK,tcp443=OK
2026-09-23T18:30:44Z,zavod=401,survey=200,brand=405,smm=200,ssh22=OK,tcp443=OK
2026-09-23T18:35:37Z,zavod=401,survey=200,brand=405,smm=200,ssh22=OK,tcp443=OK
2026-09-23T18:40:44Z,zavod=401,survey=TIMEOUT,brand=405,smm=200,ssh22=OK,tcp443=OK
2026-09-23T18:45:49Z,zavod=401,survey=200,brand=405,smm=200,ssh22=OK,tcp443=OK
2026-09-23T18:50:54Z,zavod=401,survey=200,brand=405,smm=200,ssh22=OK,tcp443=OK
2026-09-23T18:55:44Z,zavod=401,survey=200,brand=405,smm=200,ssh22=OK,tcp443=OK
2026-09-23T19:01:03Z,zavod=401,survey=200,brand=405,smm=200,ssh22=OK,tcp443=OK
2026-09-23T19:05:39Z,zavod=401,survey=TIMEOUT,brand=405,smm=200,ssh22=OK,tcp443=OK
2026-09-23T19:10:54Z,zavod=401,survey=200,brand=405,smm=200,ssh22=OK,tcp443=OK
2026-09-23T19:15:50Z,zavod=401,survey=TIMEOUT,brand=405,smm=200,ssh22=OK,tcp443=OK
2026-09-23T19:20:45Z,zavod=401,survey=TIMEOUT,brand=405,smm=200,ssh22=OK,tcp443=OK
2026-09-23T19:25:48Z,zavod=401,survey=TIMEOUT,brand=405,smm=200,ssh22=OK,tcp443=OK
2026-09-23T19:30:48Z,zavod=401,survey=TIMEOUT,brand=405,smm=200,ssh22=OK,tcp443=OK
2026-09-23T19:35:41Z,zavod=401,survey=200,brand=405,smm=200,ssh22=OK,tcp443=OK
2026-09-23T19:40:36Z,zavod=401,survey=200,brand=405,smm=200,ssh22=OK,tcp443=OK
2026-09-23T19:45:52Z,zavod=401,survey=200,brand=405,smm=200,ssh22=OK,tcp443=OK
2026-09-23T19:50:46Z,zavod=401,survey=TIMEOUT,brand=405,smm=200,ssh22=OK,tcp443=OK
2026-09-23T19:55:49Z,zavod=401,survey=200,brand=405,smm=200,ssh22=OK,tcp443=OK
2026-09-23T20:00:47Z,zavod=401,survey=200,brand=TIMEOUT,smm=200,ssh22=OK,tcp443=OK
2026-09-23T20:05:42Z,zavod=401,survey=200,brand=405,smm=200,ssh22=OK,tcp443=OK
2026-09-23T20:10:49Z,zavod=401,survey=TIMEOUT,brand=405,smm=200,ssh22=OK,tcp443=OK
2026-09-23T20:15:45Z,zavod=401,survey=200,brand=405,smm=200,ssh22=OK,tcp443=OK
2026-09-23T20:20:30Z,zavod=401,survey=200,brand=405,smm=200,ssh22=OK,tcp443=OK
2026-09-23T20:25:31Z,zavod=401,survey=200,brand=405,smm=200,ssh22=OK,tcp443=OK
2026-09-23T20:30:42Z,zavod=401,survey=200,brand=405,smm=200,ssh22=OK,tcp443=OK
2026-09-23T20:35:44Z,zavod=401,survey=TIMEOUT,brand=405,smm=200,ssh22=OK,tcp443=OK
2026-09-23T20:40:48Z,zavod=401,survey=200,brand=405,smm=200,ssh22=OK,tcp443=OK
2026-09-23T20:45:54Z,zavod=401,survey=200,brand=405,smm=200,ssh22=OK,tcp443=OK
2026-09-23T20:50:59Z,zavod=401,survey=200,brand=405,smm=200,ssh22=OK,tcp443=OK
2026-09-23T20:55:29Z,zavod=401,survey=TIMEOUT,brand=405,smm=200,ssh22=OK,tcp443=OK
2026-09-23T21:00:47Z,zavod=401,survey=200,brand=405,smm=200,ssh22=OK,tcp443=OK
2026-09-23T21:05:31Z,zavod=401,survey=TIMEOUT,brand=405,smm=200,ssh22=OK,tcp443=OK
2026-09-23T21:10:44Z,zavod=401,survey=200,brand=405,smm=200,ssh22=FAIL,tcp443=FAIL
2026-09-23T21:15:48Z,zavod=401,survey=200,brand=405,smm=200,ssh22=OK,tcp443=OK
2026-09-23T21:20:51Z,zavod=401,survey=TIMEOUT,brand=405,smm=200,ssh22=OK,tcp443=OK
2026-09-23T21:25:41Z,zavod=401,survey=TIMEOUT,brand=405,smm=200,ssh22=OK,tcp443=OK
2026-09-23T21:30:50Z,zavod=TIMEOUT,survey=200,brand=TIMEOUT,smm=TIMEOUT,ssh22=OK,tcp443=OK
2026-09-23T21:35:51Z,zavod=401,survey=TIMEOUT,brand=405,smm=200,ssh22=OK,tcp443=OK
2026-09-23T21:40:44Z,zavod=401,survey=200,brand=405,smm=200,ssh22=OK,tcp443=OK
2026-09-23T21:45:38Z,zavod=401,survey=TIMEOUT,brand=405,smm=200,ssh22=OK,tcp443=OK
2026-09-23T21:50:52Z,zavod=401,survey=TIMEOUT,brand=405,smm=200,ssh22=OK,tcp443=OK
2026-09-23T21:55:52Z,zavod=401,survey=200,brand=405,smm=200,ssh22=OK,tcp443=OK
2026-09-23T22:00:59Z,zavod=401,survey=TIMEOUT,brand=405,smm=200,ssh22=OK,tcp443=OK
2026-09-23T22:05:34Z,zavod=401,survey=200,brand=405,smm=200,ssh22=OK,tcp443=OK
2026-09-23T22:10:58Z,zavod=401,survey=200,brand=405,smm=200,ssh22=OK,tcp443=OK
2026-09-23T22:15:51Z,zavod=401,survey=200,brand=405,smm=200,ssh22=OK,tcp443=OK
2026-09-23T22:20:53Z,zavod=401,survey=200,brand=405,smm=200,ssh22=OK,tcp443=OK
2026-09-23T22:25:43Z,zavod=401,survey=TIMEOUT,brand=405,smm=200,ssh22=OK,tcp443=OK
2026-09-23T22:30:41Z,zavod=401,survey=200,brand=405,smm=200,ssh22=OK,tcp443=OK
2026-09-23T22:35:32Z,zavod=401,survey=TIMEOUT,brand=405,smm=200,ssh22=OK,tcp443=OK
2026-09-23T22:40:54Z,zavod=401,survey=200,brand=TIMEOUT,smm=200,ssh22=OK,tcp443=OK
2026-09-23T22:45:57Z,zavod=401,survey=200,brand=405,smm=200,ssh22=FAIL,tcp443=FAIL
2026-09-23T22:50:49Z,zavod=401,survey=TIMEOUT,brand=405,smm=200,ssh22=OK,tcp443=OK
2026-09-23T22:55:28Z,zavod=401,survey=200,brand=405,smm=200,ssh22=OK,tcp443=OK
2026-09-23T23:00:42Z,zavod=401,survey=200,brand=405,smm=200,ssh22=OK,tcp443=OK
2026-09-23T23:05:47Z,zavod=401,survey=TIMEOUT,brand=TIMEOUT,smm=200,ssh22=OK,tcp443=OK
2026-09-23T23:10:49Z,zavod=401,survey=200,brand=405,smm=200,ssh22=OK,tcp443=OK
2026-09-23T23:15:43Z,zavod=401,survey=200,brand=405,smm=200,ssh22=OK,tcp443=OK
2026-09-23T23:20:47Z,zavod=401,survey=200,brand=405,smm=200,ssh22=OK,tcp443=OK
2026-09-23T23:25:46Z,zavod=401,survey=200,brand=405,smm=200,ssh22=OK,tcp443=OK
2026-09-23T23:30:44Z,zavod=401,survey=200,brand=405,smm=200,ssh22=OK,tcp443=OK
2026-09-23T23:35:55Z,zavod=401,survey=TIMEOUT,brand=405,smm=200,ssh22=OK,tcp443=OK
2026-09-23T23:40:47Z,zavod=401,survey=200,brand=405,smm=200,ssh22=OK,tcp443=OK
2026-09-23T23:45:30Z,zavod=401,survey=TIMEOUT,brand=405,smm=200,ssh22=OK,tcp443=OK
2026-09-23T23:50:33Z,zavod=401,survey=200,brand=405,smm=200,ssh22=OK,tcp443=OK
2026-09-23T23:55:32Z,zavod=401,survey=200,brand=405,smm=200,ssh22=OK,tcp443=OK
2026-09-24T00:01:13Z,zavod=401,survey=TIMEOUT,brand=405,smm=200,ssh22=OK,tcp443=OK
2026-09-24T00:05:38Z,zavod=401,survey=200,brand=405,smm=200,ssh22=OK,tcp443=OK
2026-09-24T00:10:40Z,zavod=401,survey=TIMEOUT,brand=405,smm=200,ssh22=OK,tcp443=OK
2026-09-24T00:15:44Z,zavod=401,survey=200,brand=405,smm=200,ssh22=OK,tcp443=OK
2026-09-24T00:20:37Z,zavod=401,survey=200,brand=405,smm=200,ssh22=OK,tcp443=OK
2026-09-24T00:25:36Z,zavod=401,survey=TIMEOUT,brand=405,smm=200,ssh22=OK,tcp443=OK
2026-09-24T00:31:05Z,zavod=401,survey=TIMEOUT,brand=405,smm=200,ssh22=OK,tcp443=OK
2026-09-24T00:35:25Z,zavod=401,survey=200,brand=405,smm=200,ssh22=OK,tcp443=OK
2026-09-24T00:40:37Z,zavod=401,survey=200,brand=405,smm=200,ssh22=OK,tcp443=OK
2026-09-24T00:45:31Z,zavod=401,survey=200,brand=405,smm=200,ssh22=OK,tcp443=OK
2026-09-24T00:50:33Z,zavod=401,survey=TIMEOUT,brand=405,smm=200,ssh22=OK,tcp443=OK
2026-09-24T00:55:32Z,zavod=401,survey=200,brand=405,smm=200,ssh22=OK,tcp443=OK
2026-09-24T01:00:48Z,zavod=401,survey=200,brand=405,smm=200,ssh22=OK,tcp443=OK
2026-09-24T01:05:40Z,zavod=401,survey=200,brand=405,smm=200,ssh22=OK,tcp443=OK
2026-09-24T01:10:31Z,zavod=401,survey=200,brand=405,smm=200,ssh22=OK,tcp443=OK
2026-09-24T01:15:53Z,zavod=401,survey=200,brand=405,smm=200,ssh22=OK,tcp443=OK
2026-09-24T01:20:57Z,zavod=401,survey=200,brand=405,smm=200,ssh22=OK,tcp443=OK
2026-09-24T01:25:25Z,zavod=401,survey=200,brand=405,smm=200,ssh22=OK,tcp443=OK
2026-09-24T01:31:02Z,zavod=401,survey=200,brand=405,smm=200,ssh22=OK,tcp443=OK
2026-09-24T01:35:49Z,zavod=TIMEOUT,survey=200,brand=405,smm=200,ssh22=OK,tcp443=OK
2026-09-24T01:40:39Z,zavod=401,survey=TIMEOUT,brand=405,smm=200,ssh22=OK,tcp443=OK
2026-09-24T01:45:42Z,zavod=401,survey=200,brand=TIMEOUT,smm=200,ssh22=OK,tcp443=OK
2026-09-24T01:50:36Z,zavod=401,survey=TIMEOUT,brand=405,smm=200,ssh22=OK,tcp443=OK
2026-09-24T01:55:25Z,zavod=401,survey=TIMEOUT,brand=405,smm=200,ssh22=OK,tcp443=OK
2026-09-24T02:01:11Z,zavod=401,survey=200,brand=405,smm=200,ssh22=OK,tcp443=OK
2026-09-24T02:05:34Z,zavod=401,survey=TIMEOUT,brand=405,smm=200,ssh22=OK,tcp443=OK
2026-09-24T02:10:59Z,zavod=401,survey=200,brand=405,smm=200,ssh22=OK,tcp443=OK
2026-09-24T02:15:34Z,zavod=401,survey=200,brand=405,smm=200,ssh22=OK,tcp443=OK
2026-09-24T02:20:38Z,zavod=401,survey=200,brand=405,smm=200,ssh22=OK,tcp443=OK
2026-09-24T02:25:28Z,zavod=401,survey=200,brand=405,smm=200,ssh22=OK,tcp443=OK
2026-09-24T02:30:37Z,zavod=401,survey=TIMEOUT,brand=405,smm=200,ssh22=OK,tcp443=OK
2026-09-24T02:35:50Z,zavod=401,survey=TIMEOUT,brand=405,smm=200,ssh22=OK,tcp443=OK
2026-09-24T02:40:34Z,zavod=401,survey=200,brand=405,smm=200,ssh22=OK,tcp443=OK
2026-09-24T02:45:38Z,zavod=401,survey=200,brand=405,smm=200,ssh22=OK,tcp443=OK
2026-09-24T02:50:32Z,zavod=401,survey=TIMEOUT,brand=TIMEOUT,smm=200,ssh22=OK,tcp443=OK
2026-09-24T02:55:44Z,zavod=401,survey=200,brand=405,smm=200,ssh22=FAIL,tcp443=FAIL
2026-09-24T03:00:51Z,zavod=401,survey=200,brand=405,smm=200,ssh22=OK,tcp443=OK
2026-09-24T03:05:46Z,zavod=401,survey=200,brand=405,smm=200,ssh22=OK,tcp443=OK
2026-09-24T03:10:51Z,zavod=401,survey=TIMEOUT,brand=405,smm=200,ssh22=OK,tcp443=OK
2026-09-24T03:15:46Z,zavod=401,survey=TIMEOUT,brand=TIMEOUT,smm=200,ssh22=OK,tcp443=OK
2026-09-24T03:20:40Z,zavod=401,survey=200,brand=405,smm=200,ssh22=OK,tcp443=OK
2026-09-24T03:25:31Z,zavod=401,survey=200,brand=405,smm=200,ssh22=OK,tcp443=OK
2026-09-24T03:31:01Z,zavod=401,survey=200,brand=405,smm=200,ssh22=OK,tcp443=OK
2026-09-24T03:35:51Z,zavod=401,survey=200,brand=405,smm=200,ssh22=FAIL,tcp443=FAIL
2026-09-24T03:40:44Z,zavod=401,survey=TIMEOUT,brand=405,smm=200,ssh22=OK,tcp443=OK
2026-09-24T03:45:31Z,zavod=401,survey=200,brand=405,smm=200,ssh22=OK,tcp443=OK
2026-09-24T03:50:35Z,zavod=401,survey=200,brand=405,smm=200,ssh22=OK,tcp443=OK
2026-09-24T03:55:36Z,zavod=401,survey=200,brand=405,smm=200,ssh22=OK,tcp443=OK
2026-09-24T04:01:04Z,zavod=401,survey=TIMEOUT,brand=405,smm=200,ssh22=OK,tcp443=OK
2026-09-24T04:05:49Z,zavod=401,survey=200,brand=405,smm=200,ssh22=OK,tcp443=OK
2026-09-24T04:10:43Z,zavod=401,survey=200,brand=405,smm=200,ssh22=OK,tcp443=OK
2026-09-24T04:15:52Z,zavod=401,survey=200,brand=405,smm=200,ssh22=OK,tcp443=OK
2026-09-24T04:20:38Z,zavod=401,survey=200,brand=405,smm=200,ssh22=OK,tcp443=OK
2026-09-24T04:25:50Z,zavod=401,survey=200,brand=405,smm=200,ssh22=OK,tcp443=OK
2026-09-24T04:31:01Z,zavod=401,survey=200,brand=405,smm=200,ssh22=OK,tcp443=OK
2026-09-24T04:35:33Z,zavod=401,survey=200,brand=405,smm=200,ssh22=OK,tcp443=OK
2026-09-24T04:40:39Z,zavod=401,survey=200,brand=405,smm=200,ssh22=OK,tcp443=OK
2026-09-24T04:45:55Z,zavod=401,survey=200,brand=405,smm=200,ssh22=OK,tcp443=OK
2026-09-24T04:50:50Z,zavod=401,survey=200,brand=405,smm=200,ssh22=OK,tcp443=OK
2026-09-24T04:55:33Z,zavod=401,survey=200,brand=405,smm=200,ssh22=OK,tcp443=OK
2026-09-24T05:01:13Z,zavod=401,survey=200,brand=405,smm=200,ssh22=OK,tcp443=OK
2026-09-24T05:05:39Z,zavod=401,survey=200,brand=405,smm=200,ssh22=FAIL,tcp443=FAIL
2026-09-24T05:10:44Z,zavod=401,survey=200,brand=405,smm=200,ssh22=OK,tcp443=OK
2026-09-24T05:15:32Z,zavod=401,survey=200,brand=405,smm=200,ssh22=OK,tcp443=OK
2026-09-24T05:20:48Z,zavod=401,survey=200,brand=405,smm=200,ssh22=OK,tcp443=OK
2026-09-24T05:25:51Z,zavod=401,survey=TIMEOUT,brand=405,smm=200,ssh22=OK,tcp443=OK
2026-09-24T05:30:52Z,zavod=401,survey=200,brand=405,smm=200,ssh22=OK,tcp443=OK
2026-09-24T05:35:46Z,zavod=TIMEOUT,survey=200,brand=TIMEOUT,smm=200,ssh22=OK,tcp443=OK
2026-09-24T05:40:41Z,zavod=401,survey=200,brand=405,smm=200,ssh22=OK,tcp443=OK
2026-09-24T05:45:47Z,zavod=401,survey=200,brand=405,smm=200,ssh22=OK,tcp443=OK
2026-09-24T05:50:53Z,zavod=401,survey=200,brand=405,smm=200,ssh22=OK,tcp443=OK
2026-09-24T05:55:56Z,zavod=401,survey=200,brand=405,smm=200,ssh22=OK,tcp443=OK
2026-09-24T06:00:59Z,zavod=401,survey=200,brand=405,smm=200,ssh22=OK,tcp443=OK
2026-09-24T06:05:56Z,zavod=401,survey=TIMEOUT,brand=405,smm=200,ssh22=OK,tcp443=OK
2026-09-24T06:10:52Z,zavod=401,survey=200,brand=405,smm=200,ssh22=OK,tcp443=OK
2026-09-24T06:15:31Z,zavod=401,survey=200,brand=405,smm=200,ssh22=OK,tcp443=OK
2026-09-24T06:20:49Z,zavod=401,survey=TIMEOUT,brand=405,smm=200,ssh22=OK,tcp443=OK
2026-09-24T06:25:51Z,zavod=401,survey=200,brand=405,smm=200,ssh22=OK,tcp443=OK
2026-09-24T06:30:54Z,zavod=401,survey=200,brand=405,smm=200,ssh22=OK,tcp443=OK
2026-09-24T06:35:28Z,zavod=401,survey=200,brand=405,smm=200,ssh22=OK,tcp443=OK
2026-09-24T06:40:55Z,zavod=401,survey=TIMEOUT,brand=TIMEOUT,smm=200,ssh22=OK,tcp443=OK
2026-09-24T06:45:45Z,zavod=401,survey=200,brand=405,smm=200,ssh22=OK,tcp443=OK
2026-09-24T06:50:51Z,zavod=401,survey=TIMEOUT,brand=405,smm=200,ssh22=OK,tcp443=OK
2026-09-24T06:55:44Z,zavod=401,survey=200,brand=405,smm=200,ssh22=OK,tcp443=OK
2026-09-24T07:01:07Z,zavod=401,survey=200,brand=405,smm=200,ssh22=OK,tcp443=OK
2026-09-24T07:05:34Z,zavod=401,survey=200,brand=TIMEOUT,smm=200,ssh22=OK,tcp443=OK
2026-09-24T07:10:41Z,zavod=401,survey=200,brand=405,smm=200,ssh22=OK,tcp443=OK
2026-09-24T07:15:39Z,zavod=401,survey=200,brand=405,smm=200,ssh22=FAIL,tcp443=FAIL
2026-09-24T07:20:47Z,zavod=TIMEOUT,survey=200,brand=405,smm=200,ssh22=OK,tcp443=OK
2026-09-24T07:25:40Z,zavod=401,survey=200,brand=405,smm=200,ssh22=OK,tcp443=OK
2026-09-24T07:30:43Z,zavod=401,survey=200,brand=405,smm=200,ssh22=OK,tcp443=OK
2026-09-24T07:35:48Z,zavod=401,survey=TIMEOUT,brand=TIMEOUT,smm=200,ssh22=OK,tcp443=OK
2026-09-24T07:40:34Z,zavod=401,survey=200,brand=405,smm=200,ssh22=OK,tcp443=OK
2026-09-24T07:45:52Z,zavod=401,survey=200,brand=405,smm=200,ssh22=OK,tcp443=OK
2026-09-24T07:51:00Z,zavod=401,survey=200,brand=405,smm=200,ssh22=OK,tcp443=OK
2026-09-24T07:55:34Z,zavod=401,survey=TIMEOUT,brand=TIMEOUT,smm=200,ssh22=OK,tcp443=OK
2026-09-24T08:01:07Z,zavod=401,survey=200,brand=405,smm=200,ssh22=OK,tcp443=OK
2026-09-24T08:05:47Z,zavod=401,survey=200,brand=405,smm=200,ssh22=OK,tcp443=OK
2026-09-24T08:10:43Z,zavod=401,survey=200,brand=405,smm=200,ssh22=OK,tcp443=OK
2026-09-24T08:15:40Z,zavod=401,survey=200,brand=405,smm=200,ssh22=OK,tcp443=OK
2026-09-24T08:20:39Z,zavod=401,survey=TIMEOUT,brand=TIMEOUT,smm=200,ssh22=OK,tcp443=OK
2026-09-24T08:25:45Z,zavod=401,survey=200,brand=405,smm=200,ssh22=OK,tcp443=OK
2026-09-24T08:30:59Z,zavod=401,survey=200,brand=405,smm=200,ssh22=OK,tcp443=OK
2026-09-24T08:35:56Z,zavod=401,survey=200,brand=405,smm=200,ssh22=OK,tcp443=OK
2026-09-24T08:40:33Z,zavod=401,survey=200,brand=405,smm=200,ssh22=OK,tcp443=OK
2026-09-24T08:45:43Z,zavod=401,survey=TIMEOUT,brand=TIMEOUT,smm=200,ssh22=OK,tcp443=OK
2026-09-24T08:50:39Z,zavod=401,survey=200,brand=405,smm=200,ssh22=OK,tcp443=OK
2026-09-24T08:55:55Z,zavod=401,survey=200,brand=405,smm=200,ssh22=OK,tcp443=OK
2026-09-24T09:01:08Z,zavod=401,survey=200,brand=405,smm=200,ssh22=OK,tcp443=OK
2026-09-24T09:05:38Z,zavod=401,survey=200,brand=405,smm=200,ssh22=OK,tcp443=OK
2026-09-24T09:10:56Z,zavod=401,survey=TIMEOUT,brand=TIMEOUT,smm=200,ssh22=OK,tcp443=OK
2026-09-24T09:15:56Z,zavod=401,survey=200,brand=405,smm=200,ssh22=OK,tcp443=OK
2026-09-24T09:20:36Z,zavod=401,survey=200,brand=405,smm=200,ssh22=OK,tcp443=OK
2026-09-24T09:25:53Z,zavod=401,survey=TIMEOUT,brand=405,smm=200,ssh22=OK,tcp443=OK
2026-09-24T09:30:58Z,zavod=401,survey=200,brand=405,smm=200,ssh22=OK,tcp443=OK
2026-09-24T09:35:36Z,zavod=401,survey=200,brand=405,smm=200,ssh22=OK,tcp443=OK
2026-09-24T09:40:46Z,zavod=401,survey=200,brand=405,smm=200,ssh22=OK,tcp443=OK
2026-09-24T09:45:45Z,zavod=401,survey=200,brand=405,smm=200,ssh22=OK,tcp443=OK
2026-09-24T09:50:42Z,zavod=401,survey=TIMEOUT,brand=405,smm=200,ssh22=OK,tcp443=OK
2026-09-24T09:55:27Z,zavod=401,survey=TIMEOUT,brand=405,smm=200,ssh22=OK,tcp443=OK
2026-09-24T10:01:00Z,zavod=401,survey=200,brand=405,smm=200,ssh22=OK,tcp443=OK
2026-09-24T10:05:49Z,zavod=401,survey=TIMEOUT,brand=TIMEOUT,smm=200,ssh22=OK,tcp443=OK
2026-09-24T10:10:56Z,zavod=401,survey=200,brand=405,smm=200,ssh22=OK,tcp443=OK
2026-09-24T10:15:37Z,zavod=401,survey=TIMEOUT,brand=TIMEOUT,smm=200,ssh22=OK,tcp443=OK
2026-09-24T10:20:35Z,zavod=401,survey=200,brand=405,smm=200,ssh22=OK,tcp443=OK
2026-09-24T10:25:30Z,zavod=401,survey=200,brand=405,smm=200,ssh22=OK,tcp443=OK
2026-09-24T10:30:54Z,zavod=401,survey=TIMEOUT,brand=405,smm=200,ssh22=OK,tcp443=OK
2026-09-24T10:35:30Z,zavod=401,survey=200,brand=TIMEOUT,smm=TIMEOUT,ssh22=OK,tcp443=OK
2026-09-24T10:40:58Z,zavod=401,survey=200,brand=405,smm=200,ssh22=OK,tcp443=OK
2026-09-24T10:45:57Z,zavod=401,survey=200,brand=405,smm=200,ssh22=OK,tcp443=OK
2026-09-24T10:50:55Z,zavod=401,survey=TIMEOUT,brand=TIMEOUT,smm=200,ssh22=OK,tcp443=OK
2026-09-24T10:55:30Z,zavod=401,survey=200,brand=405,smm=200,ssh22=OK,tcp443=OK
2026-09-24T11:01:12Z,zavod=401,survey=200,brand=405,smm=200,ssh22=OK,tcp443=OK
2026-09-24T11:05:41Z,zavod=401,survey=200,brand=405,smm=200,ssh22=OK,tcp443=OK
2026-09-24T11:10:39Z,zavod=401,survey=TIMEOUT,brand=405,smm=200,ssh22=OK,tcp443=OK
2026-09-24T11:15:38Z,zavod=401,survey=200,brand=TIMEOUT,smm=200,ssh22=OK,tcp443=OK
2026-09-24T11:20:46Z,zavod=401,survey=200,brand=405,smm=200,ssh22=OK,tcp443=OK
2026-09-24T11:25:50Z,zavod=TIMEOUT,survey=200,brand=TIMEOUT,smm=TIMEOUT,ssh22=OK,tcp443=OK
2026-09-24T11:30:54Z,zavod=401,survey=200,brand=405,smm=200,ssh22=OK,tcp443=OK
2026-09-24T11:35:51Z,zavod=401,survey=200,brand=405,smm=200,ssh22=OK,tcp443=OK
2026-09-24T11:40:59Z,zavod=401,survey=200,brand=405,smm=200,ssh22=OK,tcp443=OK
2026-09-24T11:45:38Z,zavod=401,survey=200,brand=405,smm=200,ssh22=OK,tcp443=OK
2026-09-24T11:50:35Z,zavod=401,survey=200,brand=405,smm=200,ssh22=OK,tcp443=OK
2026-09-24T11:55:30Z,zavod=401,survey=200,brand=405,smm=200,ssh22=OK,tcp443=OK
2026-09-24T12:00:53Z,zavod=401,survey=TIMEOUT,brand=405,smm=200,ssh22=OK,tcp443=OK
2026-09-24T12:05:52Z,zavod=401,survey=200,brand=405,smm=200,ssh22=OK,tcp443=OK
2026-09-24T12:10:50Z,zavod=401,survey=200,brand=405,smm=200,ssh22=OK,tcp443=OK
2026-09-24T12:15:40Z,zavod=401,survey=200,brand=405,smm=200,ssh22=OK,tcp443=OK
2026-09-24T12:20:49Z,zavod=401,survey=200,brand=405,smm=200,ssh22=OK,tcp443=OK
2026-09-24T12:25:55Z,zavod=401,survey=TIMEOUT,brand=405,smm=200,ssh22=OK,tcp443=OK
2026-09-24T12:30:59Z,zavod=401,survey=200,brand=405,smm=200,ssh22=OK,tcp443=OK
2026-09-24T12:35:36Z,zavod=401,survey=200,brand=405,smm=200,ssh22=OK,tcp443=OK
2026-09-24T12:40:44Z,zavod=401,survey=TIMEOUT,brand=405,smm=200,ssh22=OK,tcp443=OK
2026-09-24T12:45:43Z,zavod=401,survey=200,brand=TIMEOUT,smm=200,ssh22=OK,tcp443=OK
2026-09-24T12:50:51Z,zavod=401,survey=TIMEOUT,brand=TIMEOUT,smm=200,ssh22=OK,tcp443=OK
2026-09-24T12:55:47Z,zavod=401,survey=TIMEOUT,brand=405,smm=200,ssh22=OK,tcp443=OK
2026-09-24T13:01:09Z,zavod=401,survey=200,brand=405,smm=200,ssh22=OK,tcp443=OK
2026-09-24T13:05:38Z,zavod=401,survey=200,brand=405,smm=200,ssh22=OK,tcp443=OK
2026-09-24T13:10:35Z,zavod=401,survey=200,brand=405,smm=200,ssh22=OK,tcp443=OK
2026-09-24T13:15:34Z,zavod=401,survey=200,brand=405,smm=200,ssh22=OK,tcp443=OK
2026-09-24T13:20:53Z,zavod=401,survey=TIMEOUT,brand=TIMEOUT,smm=200,ssh22=OK,tcp443=OK
2026-09-24T13:25:27Z,zavod=401,survey=200,brand=405,smm=200,ssh22=OK,tcp443=OK
2026-09-24T13:31:03Z,zavod=401,survey=200,brand=405,smm=200,ssh22=OK,tcp443=OK
2026-09-24T13:35:29Z,zavod=401,survey=TIMEOUT,brand=405,smm=200,ssh22=OK,tcp443=OK
2026-09-24T13:40:30Z,zavod=401,survey=200,brand=405,smm=200,ssh22=OK,tcp443=OK
2026-09-24T13:45:40Z,zavod=401,survey=TIMEOUT,brand=405,smm=200,ssh22=OK,tcp443=OK
2026-09-24T13:50:48Z,zavod=401,survey=200,brand=TIMEOUT,smm=200,ssh22=OK,tcp443=OK
2026-09-24T13:55:53Z,zavod=401,survey=TIMEOUT,brand=TIMEOUT,smm=200,ssh22=OK,tcp443=OK
2026-09-24T14:01:05Z,zavod=401,survey=200,brand=405,smm=200,ssh22=OK,tcp443=OK
2026-09-24T14:05:55Z,zavod=401,survey=200,brand=405,smm=200,ssh22=OK,tcp443=OK
2026-09-24T14:10:32Z,zavod=401,survey=TIMEOUT,brand=405,smm=200,ssh22=OK,tcp443=OK
2026-09-24T14:15:55Z,zavod=401,survey=TIMEOUT,brand=405,smm=200,ssh22=OK,tcp443=OK
2026-09-24T14:20:34Z,zavod=401,survey=TIMEOUT,brand=405,smm=200,ssh22=OK,tcp443=OK
2026-09-24T14:25:28Z,zavod=401,survey=TIMEOUT,brand=405,smm=200,ssh22=OK,tcp443=OK
2026-09-24T14:30:44Z,zavod=401,survey=200,brand=405,smm=200,ssh22=OK,tcp443=OK
2026-09-24T14:35:40Z,zavod=401,survey=200,brand=405,smm=200,ssh22=OK,tcp443=OK
2026-09-24T14:40:37Z,zavod=401,survey=200,brand=405,smm=200,ssh22=OK,tcp443=OK
2026-09-24T14:45:49Z,zavod=401,survey=200,brand=405,smm=200,ssh22=OK,tcp443=OK
2026-09-24T14:50:47Z,zavod=401,survey=200,brand=405,smm=200,ssh22=OK,tcp443=OK
2026-09-24T14:55:51Z,zavod=401,survey=200,brand=405,smm=200,ssh22=OK,tcp443=OK
2026-09-24T15:01:14Z,zavod=401,survey=200,brand=405,smm=200,ssh22=OK,tcp443=OK
2026-09-24T15:05:54Z,zavod=401,survey=200,brand=405,smm=200,ssh22=OK,tcp443=OK
2026-09-24T15:10:50Z,zavod=401,survey=200,brand=405,smm=200,ssh22=OK,tcp443=OK
2026-09-24T15:15:58Z,zavod=401,survey=TIMEOUT,brand=405,smm=200,ssh22=OK,tcp443=OK
2026-09-24T15:20:55Z,zavod=401,survey=TIMEOUT,brand=405,smm=200,ssh22=OK,tcp443=OK
2026-09-24T15:25:48Z,zavod=401,survey=200,brand=405,smm=TIMEOUT,ssh22=OK,tcp443=OK
2026-09-24T15:31:01Z,zavod=401,survey=200,brand=405,smm=200,ssh22=OK,tcp443=OK
2026-09-24T15:35:55Z,zavod=401,survey=TIMEOUT,brand=405,smm=200,ssh22=OK,tcp443=OK
2026-09-24T15:40:30Z,zavod=401,survey=TIMEOUT,brand=405,smm=200,ssh22=OK,tcp443=OK
2026-09-24T15:45:37Z,zavod=401,survey=200,brand=405,smm=200,ssh22=OK,tcp443=OK
2026-09-24T15:50:33Z,zavod=401,survey=TIMEOUT,brand=405,smm=200,ssh22=OK,tcp443=OK
2026-09-24T15:55:48Z,zavod=401,survey=200,brand=405,smm=200,ssh22=OK,tcp443=OK
2026-09-24T16:01:10Z,zavod=401,survey=200,brand=405,smm=200,ssh22=OK,tcp443=OK
2026-09-24T16:05:47Z,zavod=401,survey=200,brand=405,smm=200,ssh22=OK,tcp443=OK
2026-09-24T16:10:43Z,zavod=401,survey=200,brand=TIMEOUT,smm=200,ssh22=FAIL,tcp443=FAIL
2026-09-24T16:15:51Z,zavod=401,survey=200,brand=405,smm=200,ssh22=OK,tcp443=OK
2026-09-24T16:20:48Z,zavod=401,survey=TIMEOUT,brand=405,smm=200,ssh22=OK,tcp443=OK
2026-09-24T16:25:52Z,zavod=401,survey=TIMEOUT,brand=405,smm=200,ssh22=OK,tcp443=OK
2026-09-24T16:31:05Z,zavod=401,survey=200,brand=405,smm=200,ssh22=OK,tcp443=OK
2026-09-24T16:35:38Z,zavod=401,survey=200,brand=405,smm=200,ssh22=OK,tcp443=OK
2026-09-24T16:40:33Z,zavod=401,survey=200,brand=405,smm=200,ssh22=OK,tcp443=OK
2026-09-24T16:45:54Z,zavod=401,survey=200,brand=405,smm=200,ssh22=OK,tcp443=OK
2026-09-24T16:50:49Z,zavod=401,survey=200,brand=405,smm=200,ssh22=OK,tcp443=OK
2026-09-24T16:55:42Z,zavod=401,survey=200,brand=405,smm=200,ssh22=OK,tcp443=OK
2026-09-24T17:00:51Z,zavod=401,survey=200,brand=405,smm=200,ssh22=OK,tcp443=OK
2026-09-24T17:05:28Z,zavod=401,survey=200,brand=405,smm=200,ssh22=OK,tcp443=OK
2026-09-24T17:10:34Z,zavod=401,survey=200,brand=405,smm=200,ssh22=OK,tcp443=OK
2026-09-24T17:15:40Z,zavod=401,survey=200,brand=405,smm=200,ssh22=OK,tcp443=OK
2026-09-24T17:20:48Z,zavod=401,survey=200,brand=405,smm=200,ssh22=OK,tcp443=OK
2026-09-24T17:25:41Z,zavod=401,survey=200,brand=405,smm=200,ssh22=OK,tcp443=OK
2026-09-24T17:31:03Z,zavod=401,survey=200,brand=405,smm=200,ssh22=OK,tcp443=OK
2026-09-24T17:35:27Z,zavod=401,survey=TIMEOUT,brand=TIMEOUT,smm=200,ssh22=OK,tcp443=OK
2026-09-24T17:40:55Z,zavod=401,survey=200,brand=405,smm=200,ssh22=OK,tcp443=OK
2026-09-24T17:45:32Z,zavod=401,survey=TIMEOUT,brand=405,smm=200,ssh22=OK,tcp443=OK
2026-09-24T17:50:48Z,zavod=401,survey=TIMEOUT,brand=405,smm=200,ssh22=OK,tcp443=OK
2026-09-24T17:55:27Z,zavod=401,survey=TIMEOUT,brand=405,smm=200,ssh22=OK,tcp443=OK
2026-09-24T18:01:06Z,zavod=401,survey=TIMEOUT,brand=405,smm=200,ssh22=OK,tcp443=OK
2026-09-24T18:05:49Z,zavod=401,survey=TIMEOUT,brand=405,smm=200,ssh22=OK,tcp443=OK
2026-09-24T18:10:40Z,zavod=401,survey=200,brand=405,smm=200,ssh22=OK,tcp443=OK
2026-09-24T18:15:31Z,zavod=401,survey=TIMEOUT,brand=405,smm=200,ssh22=OK,tcp443=OK
2026-09-24T18:20:44Z,zavod=401,survey=200,brand=405,smm=200,ssh22=FAIL,tcp443=FAIL
2026-09-24T18:25:45Z,zavod=401,survey=TIMEOUT,brand=TIMEOUT,smm=TIMEOUT,ssh22=OK,tcp443=OK
2026-09-24T18:30:42Z,zavod=401,survey=TIMEOUT,brand=405,smm=200,ssh22=OK,tcp443=OK
2026-09-24T18:35:41Z,zavod=401,survey=TIMEOUT,brand=405,smm=200,ssh22=OK,tcp443=OK
2026-09-24T18:40:33Z,zavod=401,survey=200,brand=405,smm=200,ssh22=OK,tcp443=OK
2026-09-24T18:45:46Z,zavod=401,survey=TIMEOUT,brand=405,smm=200,ssh22=OK,tcp443=OK
2026-09-24T18:50:28Z,zavod=401,survey=200,brand=405,smm=200,ssh22=OK,tcp443=OK
2026-09-24T18:55:26Z,zavod=401,survey=200,brand=405,smm=200,ssh22=OK,tcp443=OK
2026-09-24T19:01:02Z,zavod=401,survey=TIMEOUT,brand=405,smm=200,ssh22=OK,tcp443=OK
2026-09-24T19:05:45Z,zavod=401,survey=TIMEOUT,brand=TIMEOUT,smm=TIMEOUT,ssh22=OK,tcp443=OK
2026-09-24T19:10:36Z,zavod=401,survey=200,brand=405,smm=200,ssh22=OK,tcp443=OK
2026-09-24T19:15:38Z,zavod=401,survey=TIMEOUT,brand=405,smm=200,ssh22=OK,tcp443=OK
2026-09-24T19:20:40Z,zavod=401,survey=TIMEOUT,brand=405,smm=200,ssh22=OK,tcp443=OK
2026-09-24T19:25:49Z,zavod=401,survey=200,brand=405,smm=200,ssh22=OK,tcp443=OK
2026-09-24T19:30:36Z,zavod=401,survey=200,brand=405,smm=200,ssh22=OK,tcp443=OK
2026-09-24T19:35:47Z,zavod=401,survey=TIMEOUT,brand=405,smm=200,ssh22=OK,tcp443=OK
2026-09-24T19:40:47Z,zavod=401,survey=200,brand=TIMEOUT,smm=200,ssh22=OK,tcp443=OK
2026-09-24T19:45:50Z,zavod=401,survey=200,brand=405,smm=200,ssh22=OK,tcp443=OK
2026-09-24T19:50:41Z,zavod=401,survey=200,brand=405,smm=200,ssh22=OK,tcp443=OK
2026-09-24T19:55:30Z,zavod=401,survey=TIMEOUT,brand=405,smm=200,ssh22=OK,tcp443=OK
2026-09-24T20:00:43Z,zavod=401,survey=200,brand=405,smm=200,ssh22=OK,tcp443=OK
2026-09-24T20:05:44Z,zavod=401,survey=200,brand=405,smm=200,ssh22=OK,tcp443=OK
2026-09-24T20:10:33Z,zavod=401,survey=200,brand=405,smm=200,ssh22=OK,tcp443=OK
2026-09-24T20:15:36Z,zavod=401,survey=200,brand=405,smm=200,ssh22=OK,tcp443=OK
2026-09-24T20:20:30Z,zavod=401,survey=TIMEOUT,brand=TIMEOUT,smm=200,ssh22=OK,tcp443=OK
2026-09-24T20:25:29Z,zavod=401,survey=TIMEOUT,brand=405,smm=200,ssh22=OK,tcp443=OK
2026-09-24T20:31:02Z,zavod=401,survey=TIMEOUT,brand=405,smm=200,ssh22=OK,tcp443=OK
2026-09-24T20:35:46Z,zavod=401,survey=TIMEOUT,brand=405,smm=200,ssh22=OK,tcp443=OK
2026-09-24T20:40:39Z,zavod=401,survey=TIMEOUT,brand=TIMEOUT,smm=200,ssh22=OK,tcp443=OK
2026-09-24T20:45:47Z,zavod=401,survey=200,brand=405,smm=200,ssh22=OK,tcp443=OK
2026-09-24T20:50:52Z,zavod=401,survey=200,brand=405,smm=200,ssh22=OK,tcp443=OK
2026-09-24T20:55:42Z,zavod=401,survey=TIMEOUT,brand=TIMEOUT,smm=TIMEOUT,ssh22=FAIL,tcp443=FAIL
2026-09-24T21:00:48Z,zavod=401,survey=TIMEOUT,brand=405,smm=200,ssh22=OK,tcp443=OK
2026-09-24T21:05:34Z,zavod=401,survey=200,brand=405,smm=200,ssh22=OK,tcp443=OK
2026-09-24T21:10:58Z,zavod=401,survey=TIMEOUT,brand=405,smm=200,ssh22=OK,tcp443=OK
2026-09-24T21:15:31Z,zavod=401,survey=TIMEOUT,brand=TIMEOUT,smm=200,ssh22=OK,tcp443=OK
2026-09-24T21:20:34Z,zavod=401,survey=TIMEOUT,brand=TIMEOUT,smm=TIMEOUT,ssh22=OK,tcp443=OK
2026-09-24T21:25:34Z,zavod=401,survey=200,brand=405,smm=200,ssh22=OK,tcp443=OK
2026-09-24T21:30:41Z,zavod=401,survey=200,brand=405,smm=200,ssh22=OK,tcp443=OK
2026-09-24T21:35:25Z,zavod=401,survey=200,brand=405,smm=200,ssh22=OK,tcp443=OK
2026-09-24T21:40:49Z,zavod=401,survey=200,brand=TIMEOUT,smm=200,ssh22=OK,tcp443=OK
2026-09-24T21:45:44Z,zavod=401,survey=200,brand=405,smm=200,ssh22=OK,tcp443=OK
2026-09-24T21:50:37Z,zavod=401,survey=200,brand=405,smm=200,ssh22=OK,tcp443=OK
2026-09-24T21:55:49Z,zavod=401,survey=TIMEOUT,brand=405,smm=200,ssh22=OK,tcp443=OK
2026-09-24T22:00:55Z,zavod=401,survey=200,brand=405,smm=200,ssh22=OK,tcp443=OK
2026-09-24T22:05:48Z,zavod=401,survey=TIMEOUT,brand=405,smm=TIMEOUT,ssh22=OK,tcp443=OK
2026-09-24T22:10:40Z,zavod=401,survey=200,brand=405,smm=200,ssh22=OK,tcp443=OK
2026-09-24T22:15:45Z,zavod=401,survey=TIMEOUT,brand=TIMEOUT,smm=TIMEOUT,ssh22=OK,tcp443=OK
2026-09-24T22:20:49Z,zavod=401,survey=200,brand=405,smm=200,ssh22=OK,tcp443=OK
2026-09-24T22:25:48Z,zavod=401,survey=200,brand=405,smm=200,ssh22=OK,tcp443=OK
2026-09-24T22:30:45Z,zavod=401,survey=TIMEOUT,brand=405,smm=200,ssh22=OK,tcp443=OK
2026-09-24T22:35:46Z,zavod=401,survey=TIMEOUT,brand=405,smm=200,ssh22=OK,tcp443=OK
2026-09-24T22:40:40Z,zavod=401,survey=200,brand=405,smm=200,ssh22=OK,tcp443=OK
2026-09-24T22:45:57Z,zavod=401,survey=200,brand=405,smm=200,ssh22=OK,tcp443=OK
2026-09-24T22:50:50Z,zavod=401,survey=TIMEOUT,brand=TIMEOUT,smm=200,ssh22=OK,tcp443=OK
2026-09-24T22:55:50Z,zavod=401,survey=200,brand=405,smm=200,ssh22=OK,tcp443=OK
2026-09-24T23:01:07Z,zavod=401,survey=TIMEOUT,brand=405,smm=TIMEOUT,ssh22=OK,tcp443=OK
2026-09-24T23:05:29Z,zavod=401,survey=200,brand=405,smm=200,ssh22=OK,tcp443=OK
2026-09-24T23:10:30Z,zavod=401,survey=200,brand=TIMEOUT,smm=200,ssh22=OK,tcp443=OK
2026-09-24T23:15:46Z,zavod=401,survey=200,brand=405,smm=200,ssh22=OK,tcp443=OK
2026-09-24T23:20:37Z,zavod=401,survey=TIMEOUT,brand=405,smm=200,ssh22=OK,tcp443=OK
2026-09-24T23:25:25Z,zavod=401,survey=200,brand=405,smm=200,ssh22=OK,tcp443=OK
2026-09-24T23:30:53Z,zavod=401,survey=200,brand=405,smm=200,ssh22=OK,tcp443=OK
2026-09-24T23:35:44Z,zavod=401,survey=200,brand=405,smm=200,ssh22=OK,tcp443=OK
2026-09-24T23:40:46Z,zavod=401,survey=200,brand=405,smm=200,ssh22=OK,tcp443=OK
2026-09-24T23:45:39Z,zavod=401,survey=200,brand=405,smm=200,ssh22=OK,tcp443=OK
2026-09-24T23:50:34Z,zavod=401,survey=200,brand=405,smm=200,ssh22=OK,tcp443=OK
2026-09-24T23:55:35Z,zavod=401,survey=200,brand=405,smm=200,ssh22=OK,tcp443=OK
2026-09-25T00:01:17Z,zavod=401,survey=200,brand=405,smm=200,ssh22=OK,tcp443=OK
2026-09-25T00:05:41Z,zavod=401,survey=200,brand=405,smm=200,ssh22=OK,tcp443=OK
2026-09-25T00:10:57Z,zavod=401,survey=200,brand=405,smm=200,ssh22=OK,tcp443=OK
2026-09-25T00:15:31Z,zavod=401,survey=TIMEOUT,brand=405,smm=200,ssh22=OK,tcp443=OK
2026-09-25T00:20:54Z,zavod=401,survey=200,brand=405,smm=200,ssh22=OK,tcp443=OK
2026-09-25T00:25:43Z,zavod=401,survey=200,brand=405,smm=200,ssh22=OK,tcp443=OK
2026-09-25T00:30:42Z,zavod=401,survey=200,brand=405,smm=200,ssh22=OK,tcp443=OK
2026-09-25T00:35:43Z,zavod=401,survey=200,brand=405,smm=200,ssh22=OK,tcp443=OK
2026-09-25T00:40:56Z,zavod=401,survey=200,brand=405,smm=200,ssh22=OK,tcp443=OK
2026-09-25T00:45:47Z,zavod=401,survey=200,brand=405,smm=200,ssh22=OK,tcp443=OK
2026-09-25T00:50:49Z,zavod=401,survey=200,brand=405,smm=200,ssh22=OK,tcp443=OK
2026-09-25T00:55:28Z,zavod=401,survey=200,brand=405,smm=200,ssh22=OK,tcp443=OK
2026-09-25T01:01:04Z,zavod=401,survey=200,brand=405,smm=200,ssh22=OK,tcp443=OK
2026-09-25T01:05:26Z,zavod=401,survey=TIMEOUT,brand=405,smm=200,ssh22=OK,tcp443=OK
2026-09-25T01:10:38Z,zavod=401,survey=200,brand=405,smm=200,ssh22=OK,tcp443=OK
2026-09-25T01:15:31Z,zavod=401,survey=200,brand=405,smm=200,ssh22=OK,tcp443=OK
2026-09-25T01:20:44Z,zavod=401,survey=200,brand=405,smm=200,ssh22=OK,tcp443=OK
2026-09-25T01:25:25Z,zavod=401,survey=200,brand=405,smm=200,ssh22=OK,tcp443=OK
2026-09-25T01:31:02Z,zavod=401,survey=200,brand=405,smm=200,ssh22=OK,tcp443=OK
2026-09-25T01:35:51Z,zavod=401,survey=200,brand=405,smm=200,ssh22=OK,tcp443=OK
2026-09-25T01:40:52Z,zavod=401,survey=TIMEOUT,brand=405,smm=200,ssh22=OK,tcp443=OK
2026-09-25T01:45:54Z,zavod=401,survey=200,brand=TIMEOUT,smm=200,ssh22=OK,tcp443=OK
2026-09-25T01:50:45Z,zavod=401,survey=TIMEOUT,brand=405,smm=200,ssh22=OK,tcp443=OK
2026-09-25T01:55:43Z,zavod=401,survey=200,brand=405,smm=200,ssh22=OK,tcp443=OK
2026-09-25T02:00:48Z,zavod=401,survey=TIMEOUT,brand=405,smm=200,ssh22=OK,tcp443=OK
2026-09-25T02:05:42Z,zavod=401,survey=TIMEOUT,brand=TIMEOUT,smm=200,ssh22=OK,tcp443=OK
2026-09-25T02:10:57Z,zavod=401,survey=200,brand=405,smm=200,ssh22=OK,tcp443=OK
2026-09-25T02:15:31Z,zavod=401,survey=200,brand=405,smm=200,ssh22=OK,tcp443=OK
2026-09-25T02:20:54Z,zavod=401,survey=200,brand=TIMEOUT,smm=200,ssh22=OK,tcp443=OK
2026-09-25T02:25:44Z,zavod=401,survey=TIMEOUT,brand=405,smm=200,ssh22=OK,tcp443=OK
2026-09-25T02:30:42Z,zavod=401,survey=TIMEOUT,brand=405,smm=200,ssh22=OK,tcp443=OK
2026-09-25T02:35:54Z,zavod=401,survey=200,brand=405,smm=200,ssh22=OK,tcp443=OK
2026-09-25T02:40:57Z,zavod=401,survey=200,brand=405,smm=200,ssh22=OK,tcp443=OK
2026-09-25T02:45:50Z,zavod=401,survey=TIMEOUT,brand=TIMEOUT,smm=200,ssh22=OK,tcp443=OK
2026-09-25T02:50:43Z,zavod=401,survey=200,brand=405,smm=200,ssh22=OK,tcp443=OK
2026-09-25T02:55:32Z,zavod=TIMEOUT,survey=200,brand=TIMEOUT,smm=200,ssh22=OK,tcp443=OK
2026-09-25T03:00:49Z,zavod=401,survey=200,brand=405,smm=200,ssh22=OK,tcp443=OK
2026-09-25T03:05:54Z,zavod=401,survey=TIMEOUT,brand=405,smm=200,ssh22=OK,tcp443=OK
2026-09-25T03:10:47Z,zavod=401,survey=200,brand=405,smm=200,ssh22=OK,tcp443=OK
2026-09-25T03:15:41Z,zavod=401,survey=TIMEOUT,brand=TIMEOUT,smm=200,ssh22=OK,tcp443=OK
2026-09-25T03:20:34Z,zavod=401,survey=200,brand=405,smm=200,ssh22=FAIL,tcp443=FAIL
2026-09-25T03:25:34Z,zavod=401,survey=200,brand=405,smm=200,ssh22=OK,tcp443=OK
2026-09-25T03:31:03Z,zavod=401,survey=TIMEOUT,brand=TIMEOUT,smm=200,ssh22=OK,tcp443=OK
2026-09-25T03:35:55Z,zavod=401,survey=200,brand=405,smm=200,ssh22=OK,tcp443=OK
2026-09-25T03:40:58Z,zavod=401,survey=TIMEOUT,brand=405,smm=200,ssh22=OK,tcp443=OK
2026-09-25T03:45:52Z,zavod=401,survey=TIMEOUT,brand=405,smm=200,ssh22=OK,tcp443=OK
2026-09-25T03:50:44Z,zavod=401,survey=TIMEOUT,brand=405,smm=200,ssh22=OK,tcp443=OK
2026-09-25T03:55:44Z,zavod=401,survey=200,brand=405,smm=200,ssh22=OK,tcp443=OK
2026-09-25T04:01:01Z,zavod=401,survey=200,brand=405,smm=200,ssh22=OK,tcp443=OK
2026-09-25T04:05:26Z,zavod=401,survey=200,brand=405,smm=200,ssh22=OK,tcp443=OK
2026-09-25T04:10:31Z,zavod=401,survey=TIMEOUT,brand=405,smm=200,ssh22=OK,tcp443=OK
2026-09-25T04:15:37Z,zavod=401,survey=TIMEOUT,brand=405,smm=200,ssh22=OK,tcp443=OK
2026-09-25T04:20:41Z,zavod=401,survey=TIMEOUT,brand=405,smm=200,ssh22=OK,tcp443=OK
2026-09-25T04:25:32Z,zavod=401,survey=TIMEOUT,brand=405,smm=200,ssh22=FAIL,tcp443=FAIL
2026-09-25T04:30:42Z,zavod=401,survey=TIMEOUT,brand=TIMEOUT,smm=200,ssh22=OK,tcp443=OK
2026-09-25T04:35:34Z,zavod=401,survey=TIMEOUT,brand=405,smm=200,ssh22=OK,tcp443=OK
2026-09-25T04:40:58Z,zavod=401,survey=TIMEOUT,brand=405,smm=200,ssh22=OK,tcp443=OK
2026-09-25T04:45:52Z,zavod=401,survey=200,brand=405,smm=200,ssh22=FAIL,tcp443=FAIL
2026-09-25T04:50:45Z,zavod=401,survey=200,brand=405,smm=200,ssh22=OK,tcp443=OK
2026-09-25T04:55:47Z,zavod=401,survey=TIMEOUT,brand=405,smm=200,ssh22=OK,tcp443=OK
2026-09-25T05:00:55Z,zavod=401,survey=200,brand=405,smm=200,ssh22=OK,tcp443=OK
2026-09-25T05:05:32Z,zavod=401,survey=200,brand=405,smm=200,ssh22=OK,tcp443=OK
2026-09-25T05:10:38Z,zavod=401,survey=200,brand=405,smm=200,ssh22=OK,tcp443=OK
2026-09-25T05:15:35Z,zavod=401,survey=200,brand=405,smm=200,ssh22=OK,tcp443=OK
2026-09-25T05:20:30Z,zavod=401,survey=200,brand=405,smm=200,ssh22=OK,tcp443=OK
2026-09-25T05:25:46Z,zavod=401,survey=200,brand=405,smm=200,ssh22=OK,tcp443=OK
2026-09-25T05:30:56Z,zavod=401,survey=200,brand=405,smm=200,ssh22=OK,tcp443=OK
2026-09-25T05:35:50Z,zavod=401,survey=200,brand=405,smm=200,ssh22=OK,tcp443=OK
2026-09-25T05:40:55Z,zavod=401,survey=TIMEOUT,brand=405,smm=200,ssh22=OK,tcp443=OK
2026-09-25T05:45:53Z,zavod=401,survey=200,brand=405,smm=200,ssh22=OK,tcp443=OK
2026-09-25T05:50:48Z,zavod=401,survey=200,brand=405,smm=200,ssh22=FAIL,tcp443=FAIL
2026-09-25T05:55:30Z,zavod=401,survey=200,brand=405,smm=200,ssh22=OK,tcp443=OK
2026-09-25T06:00:54Z,zavod=401,survey=200,brand=405,smm=200,ssh22=OK,tcp443=OK
2026-09-25T06:05:33Z,zavod=401,survey=TIMEOUT,brand=TIMEOUT,smm=200,ssh22=OK,tcp443=OK
2026-09-25T06:10:41Z,zavod=401,survey=TIMEOUT,brand=405,smm=200,ssh22=OK,tcp443=OK
2026-09-25T06:15:39Z,zavod=401,survey=200,brand=405,smm=200,ssh22=OK,tcp443=OK
2026-09-25T06:20:37Z,zavod=401,survey=200,brand=405,smm=200,ssh22=OK,tcp443=OK
2026-09-25T06:25:53Z,zavod=401,survey=TIMEOUT,brand=TIMEOUT,smm=200,ssh22=OK,tcp443=OK
2026-09-25T06:30:58Z,zavod=401,survey=200,brand=405,smm=200,ssh22=OK,tcp443=OK
2026-09-25T06:35:36Z,zavod=401,survey=200,brand=405,smm=200,ssh22=OK,tcp443=OK
2026-09-25T06:40:46Z,zavod=401,survey=TIMEOUT,brand=405,smm=200,ssh22=OK,tcp443=OK
2026-09-25T06:45:46Z,zavod=401,survey=200,brand=405,smm=200,ssh22=OK,tcp443=OK
2026-09-25T06:50:56Z,zavod=401,survey=200,brand=405,smm=200,ssh22=OK,tcp443=OK
2026-09-25T06:55:51Z,zavod=401,survey=200,brand=405,smm=200,ssh22=OK,tcp443=OK
2026-09-25T07:01:06Z,zavod=401,survey=200,brand=405,smm=200,ssh22=OK,tcp443=OK
2026-09-25T07:05:37Z,zavod=401,survey=TIMEOUT,brand=405,smm=200,ssh22=OK,tcp443=OK
2026-09-25T07:10:36Z,zavod=401,survey=200,brand=405,smm=200,ssh22=OK,tcp443=OK
2026-09-25T07:15:50Z,zavod=401,survey=TIMEOUT,brand=TIMEOUT,smm=200,ssh22=OK,tcp443=OK
2026-09-25T07:20:51Z,zavod=401,survey=200,brand=405,smm=200,ssh22=OK,tcp443=OK
2026-09-25T07:25:47Z,zavod=401,survey=200,brand=405,smm=200,ssh22=OK,tcp443=OK
2026-09-25T07:30:53Z,zavod=401,survey=200,brand=405,smm=200,ssh22=OK,tcp443=OK
2026-09-25T07:35:53Z,zavod=401,survey=200,brand=405,smm=200,ssh22=OK,tcp443=OK
2026-09-25T07:40:53Z,zavod=TIMEOUT,survey=200,brand=405,smm=200,ssh22=OK,tcp443=OK
2026-09-25T07:45:55Z,zavod=401,survey=200,brand=405,smm=200,ssh22=OK,tcp443=OK
2026-09-25T07:50:56Z,zavod=401,survey=200,brand=405,smm=200,ssh22=OK,tcp443=OK
2026-09-25T07:55:54Z,zavod=401,survey=200,brand=405,smm=200,ssh22=OK,tcp443=OK
2026-09-25T08:01:13Z,zavod=401,survey=200,brand=405,smm=200,ssh22=OK,tcp443=OK
2026-09-25T08:05:55Z,zavod=401,survey=200,brand=405,smm=200,ssh22=OK,tcp443=OK
2026-09-25T08:10:34Z,zavod=401,survey=TIMEOUT,brand=TIMEOUT,smm=200,ssh22=OK,tcp443=OK
2026-09-25T08:15:53Z,zavod=401,survey=200,brand=TIMEOUT,smm=TIMEOUT,ssh22=OK,tcp443=OK
2026-09-25T08:20:51Z,zavod=401,survey=TIMEOUT,brand=405,smm=200,ssh22=OK,tcp443=OK
2026-09-25T08:25:35Z,zavod=401,survey=200,brand=405,smm=200,ssh22=OK,tcp443=OK
2026-09-25T08:30:48Z,zavod=401,survey=TIMEOUT,brand=TIMEOUT,smm=200,ssh22=OK,tcp443=OK
2026-09-25T08:35:54Z,zavod=401,survey=200,brand=405,smm=200,ssh22=OK,tcp443=OK
2026-09-25T08:40:31Z,zavod=401,survey=200,brand=405,smm=200,ssh22=OK,tcp443=OK
2026-09-25T08:45:59Z,zavod=401,survey=200,brand=405,smm=200,ssh22=OK,tcp443=OK
2026-09-25T08:50:56Z,zavod=401,survey=200,brand=405,smm=200,ssh22=OK,tcp443=OK
2026-09-25T08:55:49Z,zavod=401,survey=200,brand=405,smm=200,ssh22=OK,tcp443=OK
2026-09-25T09:01:11Z,zavod=401,survey=200,brand=405,smm=200,ssh22=OK,tcp443=OK
2026-09-25T09:05:49Z,zavod=401,survey=200,brand=405,smm=200,ssh22=FAIL,tcp443=FAIL
2026-09-25T09:10:57Z,zavod=401,survey=200,brand=405,smm=200,ssh22=OK,tcp443=OK
2026-09-25T09:15:55Z,zavod=401,survey=200,brand=405,smm=200,ssh22=OK,tcp443=OK
2026-09-25T09:20:54Z,zavod=401,survey=200,brand=405,smm=200,ssh22=OK,tcp443=OK
2026-09-25T09:25:29Z,zavod=401,survey=200,brand=405,smm=200,ssh22=OK,tcp443=OK
2026-09-25T09:31:04Z,zavod=401,survey=200,brand=405,smm=200,ssh22=OK,tcp443=OK
2026-09-25T09:35:31Z,zavod=401,survey=200,brand=405,smm=200,ssh22=OK,tcp443=OK
2026-09-25T09:40:59Z,zavod=401,survey=200,brand=405,smm=200,ssh22=OK,tcp443=OK
2026-09-25T09:45:38Z,zavod=401,survey=200,brand=405,smm=200,ssh22=OK,tcp443=OK
2026-09-25T09:50:35Z,zavod=401,survey=TIMEOUT,brand=TIMEOUT,smm=200,ssh22=OK,tcp443=OK
2026-09-25T09:55:40Z,zavod=401,survey=200,brand=405,smm=200,ssh22=OK,tcp443=OK
2026-09-25T10:00:53Z,zavod=401,survey=200,brand=405,smm=200,ssh22=OK,tcp443=OK
2026-09-25T10:05:31Z,zavod=401,survey=200,brand=405,smm=200,ssh22=OK,tcp443=OK
2026-09-25T10:20:39Z,zavod=401,survey=200,brand=405,smm=200,ssh22=OK,tcp443=OK
2026-09-25T10:25:45Z,zavod=401,survey=200,brand=405,smm=200,ssh22=OK,tcp443=OK
2026-09-25T10:30:58Z,zavod=401,survey=TIMEOUT,brand=405,smm=200,ssh22=OK,tcp443=OK
2026-09-25T10:35:34Z,zavod=401,survey=200,brand=405,smm=200,ssh22=OK,tcp443=OK
2026-09-25T10:40:32Z,zavod=401,survey=200,brand=405,smm=200,ssh22=OK,tcp443=OK
2026-09-25T10:46:01Z,zavod=401,survey=200,brand=405,smm=200,ssh22=OK,tcp443=OK
2026-09-25T10:50:40Z,zavod=401,survey=200,brand=405,smm=200,ssh22=OK,tcp443=OK
2026-09-25T10:55:46Z,zavod=401,survey=200,brand=405,smm=200,ssh22=OK,tcp443=OK
2026-09-25T11:01:07Z,zavod=401,survey=200,brand=405,smm=200,ssh22=OK,tcp443=OK
2026-09-25T11:05:35Z,zavod=401,survey=200,brand=405,smm=200,ssh22=OK,tcp443=OK
2026-09-25T11:10:33Z,zavod=401,survey=200,brand=405,smm=200,ssh22=OK,tcp443=OK
2026-09-25T11:15:44Z,zavod=401,survey=200,brand=405,smm=200,ssh22=OK,tcp443=OK
2026-09-25T11:20:53Z,zavod=401,survey=200,brand=405,smm=200,ssh22=OK,tcp443=OK
2026-09-25T11:25:29Z,zavod=401,survey=200,brand=405,smm=200,ssh22=OK,tcp443=OK
2026-09-25T11:30:45Z,zavod=401,survey=200,brand=405,smm=200,ssh22=OK,tcp443=OK
2026-09-25T11:35:55Z,zavod=401,survey=TIMEOUT,brand=405,smm=200,ssh22=OK,tcp443=OK
2026-09-25T11:40:54Z,zavod=401,survey=200,brand=405,smm=200,ssh22=OK,tcp443=OK
2026-09-25T11:45:55Z,zavod=401,survey=200,brand=405,smm=200,ssh22=OK,tcp443=OK
2026-09-25T11:50:34Z,zavod=401,survey=TIMEOUT,brand=405,smm=200,ssh22=OK,tcp443=OK
2026-09-25T11:55:30Z,zavod=401,survey=TIMEOUT,brand=TIMEOUT,smm=200,ssh22=FAIL,tcp443=FAIL
2026-09-25T12:00:56Z,zavod=401,survey=TIMEOUT,brand=405,smm=200,ssh22=OK,tcp443=OK
2026-09-25T12:05:27Z,zavod=401,survey=200,brand=405,smm=200,ssh22=OK,tcp443=OK
2026-09-25T12:10:57Z,zavod=401,survey=200,brand=405,smm=200,ssh22=OK,tcp443=OK
2026-09-25T12:15:36Z,zavod=401,survey=200,brand=405,smm=200,ssh22=OK,tcp443=OK
2026-09-25T12:20:36Z,zavod=401,survey=200,brand=405,smm=200,ssh22=OK,tcp443=OK
2026-09-25T12:25:31Z,zavod=401,survey=200,brand=405,smm=200,ssh22=OK,tcp443=OK
2026-09-25T12:31:06Z,zavod=401,survey=200,brand=405,smm=200,ssh22=OK,tcp443=OK
2026-09-25T12:35:45Z,zavod=401,survey=200,brand=405,smm=200,ssh22=OK,tcp443=OK
2026-09-25T12:40:43Z,zavod=401,survey=200,brand=405,smm=200,ssh22=OK,tcp443=OK
2026-09-25T12:45:52Z,zavod=401,survey=200,brand=405,smm=200,ssh22=OK,tcp443=OK
2026-09-25T12:50:31Z,zavod=401,survey=TIMEOUT,brand=405,smm=200,ssh22=OK,tcp443=OK
2026-09-25T12:55:47Z,zavod=401,survey=200,brand=405,smm=200,ssh22=OK,tcp443=OK
2026-09-25T13:00:59Z,zavod=401,survey=200,brand=405,smm=200,ssh22=OK,tcp443=OK
2026-09-25T13:05:28Z,zavod=401,survey=200,brand=405,smm=200,ssh22=OK,tcp443=OK
2026-09-25T13:10:36Z,zavod=401,survey=200,brand=405,smm=200,ssh22=OK,tcp443=OK
2026-09-25T13:15:46Z,zavod=401,survey=200,brand=405,smm=200,ssh22=OK,tcp443=OK
2026-09-25T13:20:56Z,zavod=401,survey=TIMEOUT,brand=405,smm=200,ssh22=OK,tcp443=OK
2026-09-25T13:25:29Z,zavod=401,survey=200,brand=405,smm=200,ssh22=OK,tcp443=OK
2026-09-25T13:30:55Z,zavod=401,survey=200,brand=405,smm=200,ssh22=OK,tcp443=OK
2026-09-25T13:35:31Z,zavod=401,survey=TIMEOUT,brand=405,smm=200,ssh22=OK,tcp443=OK
2026-09-25T13:40:48Z,zavod=401,survey=TIMEOUT,brand=405,smm=200,ssh22=OK,tcp443=OK
2026-09-25T13:45:47Z,zavod=401,survey=200,brand=405,smm=200,ssh22=OK,tcp443=OK
2026-09-25T13:50:56Z,zavod=401,survey=200,brand=405,smm=200,ssh22=OK,tcp443=OK
2026-09-25T13:55:50Z,zavod=TIMEOUT,survey=200,brand=TIMEOUT,smm=200,ssh22=OK,tcp443=OK
2026-09-25T14:01:12Z,zavod=401,survey=200,brand=405,smm=200,ssh22=OK,tcp443=OK
2026-09-25T14:05:42Z,zavod=401,survey=200,brand=405,smm=200,ssh22=OK,tcp443=OK
2026-09-25T14:10:50Z,zavod=401,survey=200,brand=405,smm=200,ssh22=OK,tcp443=OK
2026-09-25T14:15:49Z,zavod=TIMEOUT,survey=200,brand=405,smm=200,ssh22=OK,tcp443=OK
2026-09-25T14:20:51Z,zavod=401,survey=200,brand=405,smm=200,ssh22=OK,tcp443=OK
2026-09-25T14:25:49Z,zavod=401,survey=200,brand=405,smm=200,ssh22=OK,tcp443=OK
2026-09-25T14:31:06Z,zavod=401,survey=200,brand=405,smm=200,ssh22=OK,tcp443=OK
2026-09-25T14:35:46Z,zavod=401,survey=200,brand=405,smm=200,ssh22=OK,tcp443=OK
2026-09-25T14:40:46Z,zavod=401,survey=200,brand=405,smm=200,ssh22=OK,tcp443=OK
2026-09-25T14:45:38Z,zavod=401,survey=200,brand=405,smm=200,ssh22=OK,tcp443=OK
2026-09-25T14:50:38Z,zavod=401,survey=200,brand=405,smm=200,ssh22=OK,tcp443=OK
2026-09-25T14:55:46Z,zavod=401,survey=200,brand=405,smm=200,ssh22=OK,tcp443=OK
2026-09-25T15:01:02Z,zavod=401,survey=200,brand=405,smm=200,ssh22=OK,tcp443=OK
2026-09-25T15:05:46Z,zavod=401,survey=200,brand=405,smm=200,ssh22=OK,tcp443=OK
2026-09-25T15:10:46Z,zavod=401,survey=200,brand=405,smm=200,ssh22=OK,tcp443=OK
2026-09-25T15:15:49Z,zavod=401,survey=200,brand=405,smm=200,ssh22=OK,tcp443=OK
2026-09-25T15:20:50Z,zavod=401,survey=200,brand=405,smm=200,ssh22=OK,tcp443=OK
2026-09-25T15:25:26Z,zavod=401,survey=200,brand=405,smm=200,ssh22=OK,tcp443=OK
2026-09-25T15:30:42Z,zavod=401,survey=200,brand=405,smm=200,ssh22=OK,tcp443=OK
2026-09-25T15:35:40Z,zavod=401,survey=TIMEOUT,brand=405,smm=200,ssh22=OK,tcp443=OK
2026-09-25T15:40:40Z,zavod=401,survey=200,brand=405,smm=200,ssh22=OK,tcp443=OK
2026-09-25T15:45:50Z,zavod=401,survey=200,brand=405,smm=200,ssh22=OK,tcp443=OK
2026-09-25T15:50:39Z,zavod=401,survey=TIMEOUT,brand=405,smm=200,ssh22=FAIL,tcp443=FAIL
2026-09-25T15:55:45Z,zavod=401,survey=200,brand=405,smm=200,ssh22=OK,tcp443=OK
2026-09-25T16:01:09Z,zavod=401,survey=TIMEOUT,brand=405,smm=200,ssh22=OK,tcp443=OK
2026-09-25T16:05:49Z,zavod=401,survey=TIMEOUT,brand=405,smm=200,ssh22=OK,tcp443=OK
2026-09-25T16:10:48Z,zavod=401,survey=200,brand=405,smm=200,ssh22=FAIL,tcp443=FAIL
2026-09-25T16:15:48Z,zavod=401,survey=200,brand=405,smm=200,ssh22=OK,tcp443=OK
2026-09-25T16:20:47Z,zavod=401,survey=200,brand=405,smm=200,ssh22=OK,tcp443=OK
2026-09-25T16:25:42Z,zavod=401,survey=TIMEOUT,brand=TIMEOUT,smm=200,ssh22=OK,tcp443=OK
2026-09-25T16:30:57Z,zavod=401,survey=200,brand=405,smm=200,ssh22=OK,tcp443=OK
2026-09-25T16:35:54Z,zavod=401,survey=200,brand=405,smm=200,ssh22=OK,tcp443=OK
2026-09-25T16:40:33Z,zavod=401,survey=TIMEOUT,brand=TIMEOUT,smm=200,ssh22=OK,tcp443=OK
2026-09-25T16:45:54Z,zavod=401,survey=200,brand=405,smm=200,ssh22=OK,tcp443=OK
2026-09-25T16:50:32Z,zavod=401,survey=200,brand=405,smm=200,ssh22=OK,tcp443=OK
2026-09-25T16:55:40Z,zavod=401,survey=200,brand=405,smm=200,ssh22=OK,tcp443=OK
2026-09-25T17:00:51Z,zavod=401,survey=200,brand=405,smm=200,ssh22=OK,tcp443=OK
2026-09-25T17:05:27Z,zavod=401,survey=200,brand=405,smm=200,ssh22=OK,tcp443=OK
2026-09-25T17:10:49Z,zavod=401,survey=200,brand=405,smm=200,ssh22=OK,tcp443=OK
2026-09-25T17:15:49Z,zavod=401,survey=200,brand=405,smm=200,ssh22=OK,tcp443=OK
2026-09-25T17:20:39Z,zavod=401,survey=200,brand=405,smm=200,ssh22=OK,tcp443=OK
2026-09-25T17:25:26Z,zavod=401,survey=TIMEOUT,brand=405,smm=200,ssh22=OK,tcp443=OK
2026-09-25T17:31:03Z,zavod=401,survey=TIMEOUT,brand=405,smm=200,ssh22=OK,tcp443=OK
2026-09-25T17:35:51Z,zavod=401,survey=200,brand=TIMEOUT,smm=200,ssh22=OK,tcp443=OK
2026-09-25T17:40:52Z,zavod=401,survey=200,brand=405,smm=200,ssh22=OK,tcp443=OK
2026-09-25T17:45:52Z,zavod=401,survey=TIMEOUT,brand=TIMEOUT,smm=200,ssh22=OK,tcp443=OK
2026-09-25T17:50:52Z,zavod=401,survey=TIMEOUT,brand=405,smm=200,ssh22=FAIL,tcp443=FAIL
2026-09-25T17:55:38Z,zavod=401,survey=200,brand=405,smm=200,ssh22=OK,tcp443=OK
2026-09-25T18:00:51Z,zavod=401,survey=200,brand=405,smm=200,ssh22=OK,tcp443=OK
2026-09-25T18:05:52Z,zavod=401,survey=200,brand=405,smm=200,ssh22=OK,tcp443=OK
2026-09-25T18:10:51Z,zavod=401,survey=200,brand=405,smm=200,ssh22=OK,tcp443=OK
2026-09-25T18:15:40Z,zavod=401,survey=200,brand=405,smm=200,ssh22=OK,tcp443=OK
2026-09-25T18:20:28Z,zavod=401,survey=200,brand=405,smm=200,ssh22=OK,tcp443=OK
2026-09-25T18:25:35Z,zavod=401,survey=200,brand=405,smm=200,ssh22=OK,tcp443=OK
2026-09-25T18:30:59Z,zavod=401,survey=TIMEOUT,brand=405,smm=200,ssh22=OK,tcp443=OK
2026-09-25T18:35:27Z,zavod=401,survey=200,brand=405,smm=200,ssh22=FAIL,tcp443=FAIL
2026-09-25T18:40:56Z,zavod=401,survey=200,brand=405,smm=200,ssh22=OK,tcp443=OK
2026-09-25T18:45:45Z,zavod=401,survey=200,brand=405,smm=200,ssh22=OK,tcp443=OK
2026-09-25T18:50:55Z,zavod=401,survey=200,brand=405,smm=200,ssh22=OK,tcp443=OK
2026-09-25T18:55:50Z,zavod=401,survey=200,brand=405,smm=200,ssh22=OK,tcp443=OK
2026-09-25T19:00:50Z,zavod=401,survey=200,brand=405,smm=200,ssh22=OK,tcp443=OK
2026-09-25T19:05:39Z,zavod=401,survey=TIMEOUT,brand=405,smm=200,ssh22=OK,tcp443=OK
2026-09-25T19:10:36Z,zavod=401,survey=200,brand=405,smm=200,ssh22=OK,tcp443=OK
2026-09-25T19:15:54Z,zavod=401,survey=TIMEOUT,brand=405,smm=200,ssh22=OK,tcp443=OK
2026-09-25T19:20:42Z,zavod=401,survey=TIMEOUT,brand=405,smm=200,ssh22=OK,tcp443=OK
2026-09-25T19:25:36Z,zavod=401,survey=200,brand=405,smm=200,ssh22=OK,tcp443=OK
2026-09-25T19:30:39Z,zavod=401,survey=200,brand=405,smm=200,ssh22=OK,tcp443=OK
2026-09-25T19:35:35Z,zavod=401,survey=200,brand=405,smm=200,ssh22=OK,tcp443=OK
2026-09-25T19:40:52Z,zavod=401,survey=TIMEOUT,brand=405,smm=200,ssh22=OK,tcp443=OK
2026-09-25T19:45:40Z,zavod=401,survey=200,brand=405,smm=200,ssh22=OK,tcp443=OK
2026-09-25T19:50:37Z,zavod=401,survey=200,brand=405,smm=200,ssh22=OK,tcp443=OK
2026-09-25T19:55:51Z,zavod=401,survey=200,brand=405,smm=200,ssh22=OK,tcp443=OK
2026-09-25T20:01:01Z,zavod=401,survey=TIMEOUT,brand=405,smm=200,ssh22=OK,tcp443=OK
2026-09-25T20:05:48Z,zavod=401,survey=200,brand=405,smm=200,ssh22=OK,tcp443=OK
2026-09-25T20:10:34Z,zavod=401,survey=200,brand=405,smm=200,ssh22=OK,tcp443=OK
2026-09-25T20:15:31Z,zavod=401,survey=TIMEOUT,brand=405,smm=200,ssh22=OK,tcp443=OK
2026-09-25T20:20:28Z,zavod=401,survey=200,brand=405,smm=200,ssh22=OK,tcp443=OK
2026-09-25T20:25:51Z,zavod=401,survey=200,brand=405,smm=200,ssh22=OK,tcp443=OK
2026-09-25T20:31:04Z,zavod=401,survey=200,brand=405,smm=200,ssh22=OK,tcp443=OK
2026-09-25T20:35:27Z,zavod=401,survey=200,brand=405,smm=200,ssh22=OK,tcp443=OK
2026-09-25T20:40:44Z,zavod=401,survey=200,brand=405,smm=200,ssh22=OK,tcp443=OK
2026-09-25T20:45:30Z,zavod=401,survey=TIMEOUT,brand=405,smm=200,ssh22=OK,tcp443=OK
2026-09-25T20:50:46Z,zavod=401,survey=200,brand=405,smm=200,ssh22=OK,tcp443=OK
2026-09-25T20:55:29Z,zavod=401,survey=200,brand=405,smm=200,ssh22=OK,tcp443=OK
2026-09-25T21:00:59Z,zavod=401,survey=200,brand=TIMEOUT,smm=200,ssh22=OK,tcp443=OK
2026-09-25T21:05:26Z,zavod=401,survey=200,brand=405,smm=200,ssh22=OK,tcp443=OK
2026-09-25T21:10:43Z,zavod=401,survey=200,brand=405,smm=200,ssh22=OK,tcp443=OK
2026-09-25T21:15:29Z,zavod=401,survey=200,brand=405,smm=200,ssh22=OK,tcp443=OK
2026-09-25T21:20:56Z,zavod=401,survey=200,brand=405,smm=200,ssh22=OK,tcp443=OK
2026-09-25T21:25:49Z,zavod=401,survey=200,brand=405,smm=200,ssh22=OK,tcp443=OK
2026-09-25T21:30:50Z,zavod=401,survey=200,brand=405,smm=200,ssh22=OK,tcp443=OK
2026-09-25T21:35:44Z,zavod=401,survey=TIMEOUT,brand=405,smm=200,ssh22=OK,tcp443=OK
2026-09-25T21:40:29Z,zavod=401,survey=200,brand=405,smm=200,ssh22=OK,tcp443=OK
2026-09-25T21:45:46Z,zavod=401,survey=TIMEOUT,brand=TIMEOUT,smm=200,ssh22=OK,tcp443=OK
2026-09-25T21:50:42Z,zavod=401,survey=200,brand=405,smm=200,ssh22=OK,tcp443=OK
2026-09-25T21:55:35Z,zavod=401,survey=TIMEOUT,brand=405,smm=200,ssh22=OK,tcp443=OK
2026-09-25T22:01:02Z,zavod=401,survey=200,brand=405,smm=200,ssh22=OK,tcp443=OK
2026-09-25T22:05:28Z,zavod=401,survey=200,brand=405,smm=200,ssh22=OK,tcp443=OK
2026-09-25T22:10:44Z,zavod=401,survey=TIMEOUT,brand=TIMEOUT,smm=200,ssh22=FAIL,tcp443=FAIL
2026-09-25T22:15:30Z,zavod=401,survey=200,brand=405,smm=200,ssh22=OK,tcp443=OK
2026-09-25T22:20:45Z,zavod=401,survey=200,brand=405,smm=200,ssh22=OK,tcp443=OK
2026-09-25T22:25:39Z,zavod=401,survey=200,brand=405,smm=200,ssh22=OK,tcp443=OK
2026-09-25T22:31:00Z,zavod=401,survey=TIMEOUT,brand=405,smm=200,ssh22=OK,tcp443=OK
2026-09-25T22:35:53Z,zavod=401,survey=200,brand=405,smm=200,ssh22=OK,tcp443=OK
2026-09-25T22:40:47Z,zavod=401,survey=200,brand=405,smm=200,ssh22=OK,tcp443=OK
2026-09-25T22:45:32Z,zavod=401,survey=200,brand=405,smm=200,ssh22=OK,tcp443=OK
2026-09-25T22:50:47Z,zavod=401,survey=200,brand=405,smm=200,ssh22=OK,tcp443=OK
2026-09-25T22:55:40Z,zavod=401,survey=200,brand=405,smm=200,ssh22=OK,tcp443=OK
2026-09-25T23:01:07Z,zavod=401,survey=200,brand=405,smm=200,ssh22=OK,tcp443=OK
2026-09-25T23:05:52Z,zavod=401,survey=TIMEOUT,brand=405,smm=200,ssh22=OK,tcp443=OK
2026-09-25T23:10:37Z,zavod=401,survey=200,brand=405,smm=200,ssh22=FAIL,tcp443=FAIL
2026-09-25T23:15:33Z,zavod=401,survey=TIMEOUT,brand=405,smm=200,ssh22=OK,tcp443=OK
2026-09-25T23:20:49Z,zavod=401,survey=200,brand=405,smm=200,ssh22=OK,tcp443=OK
2026-09-25T23:25:42Z,zavod=401,survey=TIMEOUT,brand=405,smm=200,ssh22=OK,tcp443=OK
2026-09-25T23:30:42Z,zavod=401,survey=200,brand=405,smm=200,ssh22=OK,tcp443=OK
2026-09-25T23:35:27Z,zavod=401,survey=TIMEOUT,brand=TIMEOUT,smm=200,ssh22=OK,tcp443=OK
2026-09-25T23:40:43Z,zavod=401,survey=TIMEOUT,brand=405,smm=200,ssh22=OK,tcp443=OK
2026-09-25T23:45:42Z,zavod=401,survey=TIMEOUT,brand=405,smm=200,ssh22=OK,tcp443=OK
2026-09-25T23:50:37Z,zavod=401,survey=TIMEOUT,brand=TIMEOUT,smm=200,ssh22=OK,tcp443=OK
2026-09-25T23:55:29Z,zavod=401,survey=200,brand=TIMEOUT,smm=TIMEOUT,ssh22=OK,tcp443=OK
2026-09-26T00:01:00Z,zavod=401,survey=200,brand=405,smm=200,ssh22=OK,tcp443=OK
2026-09-26T00:05:29Z,zavod=401,survey=200,brand=405,smm=200,ssh22=OK,tcp443=OK
2026-09-26T00:10:45Z,zavod=401,survey=TIMEOUT,brand=405,smm=200,ssh22=OK,tcp443=OK
2026-09-26T00:15:42Z,zavod=401,survey=200,brand=405,smm=200,ssh22=OK,tcp443=OK
2026-09-26T00:20:28Z,zavod=401,survey=TIMEOUT,brand=405,smm=200,ssh22=OK,tcp443=OK
2026-09-26T00:25:42Z,zavod=401,survey=200,brand=405,smm=200,ssh22=OK,tcp443=OK
2026-09-26T00:30:43Z,zavod=401,survey=TIMEOUT,brand=405,smm=200,ssh22=OK,tcp443=OK
2026-09-26T00:35:26Z,zavod=401,survey=TIMEOUT,brand=405,smm=200,ssh22=OK,tcp443=OK
2026-09-26T00:40:43Z,zavod=401,survey=TIMEOUT,brand=405,smm=200,ssh22=OK,tcp443=OK
2026-09-26T00:45:38Z,zavod=401,survey=200,brand=405,smm=200,ssh22=OK,tcp443=OK
2026-09-26T00:50:33Z,zavod=401,survey=200,brand=405,smm=200,ssh22=OK,tcp443=OK
2026-09-26T00:55:45Z,zavod=401,survey=200,brand=405,smm=200,ssh22=OK,tcp443=OK
2026-09-26T01:00:43Z,zavod=401,survey=200,brand=405,smm=200,ssh22=OK,tcp443=OK
2026-09-26T01:05:30Z,zavod=401,survey=200,brand=405,smm=200,ssh22=OK,tcp443=OK
2026-09-26T01:10:56Z,zavod=401,survey=TIMEOUT,brand=405,smm=200,ssh22=OK,tcp443=OK
2026-09-26T01:15:51Z,zavod=401,survey=TIMEOUT,brand=TIMEOUT,smm=TIMEOUT,ssh22=OK,tcp443=OK
2026-09-26T01:20:47Z,zavod=401,survey=200,brand=405,smm=200,ssh22=OK,tcp443=OK
2026-09-26T01:25:29Z,zavod=401,survey=200,brand=405,smm=200,ssh22=OK,tcp443=OK
2026-09-26T01:31:01Z,zavod=401,survey=200,brand=405,smm=200,ssh22=OK,tcp443=OK
2026-09-26T01:35:24Z,zavod=401,survey=200,brand=405,smm=200,ssh22=OK,tcp443=OK
2026-09-26T01:40:50Z,zavod=401,survey=TIMEOUT,brand=405,smm=200,ssh22=OK,tcp443=OK
2026-09-26T01:45:45Z,zavod=401,survey=200,brand=405,smm=200,ssh22=OK,tcp443=OK
2026-09-26T01:50:30Z,zavod=401,survey=TIMEOUT,brand=TIMEOUT,smm=200,ssh22=OK,tcp443=OK
2026-09-26T01:55:33Z,zavod=401,survey=TIMEOUT,brand=405,smm=200,ssh22=OK,tcp443=OK
2026-09-26T02:01:02Z,zavod=401,survey=200,brand=405,smm=200,ssh22=OK,tcp443=OK
2026-09-26T02:05:28Z,zavod=401,survey=200,brand=405,smm=200,ssh22=OK,tcp443=OK
2026-09-26T02:10:53Z,zavod=401,survey=200,brand=405,smm=200,ssh22=FAIL,tcp443=FAIL
2026-09-26T02:15:50Z,zavod=TIMEOUT,survey=200,brand=TIMEOUT,smm=TIMEOUT,ssh22=OK,tcp443=OK
2026-09-26T02:20:46Z,zavod=401,survey=200,brand=405,smm=200,ssh22=OK,tcp443=OK
2026-09-26T02:25:28Z,zavod=401,survey=200,brand=405,smm=200,ssh22=OK,tcp443=OK
2026-09-26T02:31:00Z,zavod=401,survey=TIMEOUT,brand=405,smm=200,ssh22=OK,tcp443=OK
2026-09-26T02:35:24Z,zavod=TIMEOUT,survey=200,brand=405,smm=200,ssh22=OK,tcp443=OK
2026-09-26T02:40:50Z,zavod=401,survey=200,brand=405,smm=200,ssh22=OK,tcp443=OK
2026-09-26T02:45:37Z,zavod=401,survey=TIMEOUT,brand=405,smm=200,ssh22=OK,tcp443=OK
2026-09-26T02:50:32Z,zavod=401,survey=200,brand=405,smm=200,ssh22=OK,tcp443=OK
2026-09-26T02:55:26Z,zavod=401,survey=TIMEOUT,brand=405,smm=200,ssh22=OK,tcp443=OK
2026-09-26T03:00:46Z,zavod=401,survey=200,brand=405,smm=200,ssh22=OK,tcp443=OK
2026-09-26T03:05:33Z,zavod=401,survey=200,brand=405,smm=200,ssh22=FAIL,tcp443=FAIL
2026-09-26T03:10:48Z,zavod=TIMEOUT,survey=200,brand=TIMEOUT,smm=200,ssh22=OK,tcp443=OK
2026-09-26T03:15:34Z,zavod=401,survey=TIMEOUT,brand=TIMEOUT,smm=200,ssh22=OK,tcp443=OK
2026-09-26T03:20:42Z,zavod=401,survey=TIMEOUT,brand=405,smm=200,ssh22=OK,tcp443=OK
2026-09-26T03:25:35Z,zavod=401,survey=200,brand=405,smm=200,ssh22=OK,tcp443=OK
2026-09-26T03:30:36Z,zavod=401,survey=200,brand=405,smm=200,ssh22=OK,tcp443=OK
2026-09-26T03:35:51Z,zavod=401,survey=200,brand=405,smm=200,ssh22=OK,tcp443=OK
2026-09-26T03:40:46Z,zavod=401,survey=200,brand=405,smm=200,ssh22=OK,tcp443=OK
2026-09-26T03:45:32Z,zavod=401,survey=200,brand=405,smm=200,ssh22=OK,tcp443=OK
2026-09-26T03:50:29Z,zavod=401,survey=200,brand=405,smm=200,ssh22=OK,tcp443=OK
2026-09-26T03:55:42Z,zavod=401,survey=200,brand=405,smm=200,ssh22=OK,tcp443=OK
2026-09-26T04:00:52Z,zavod=401,survey=TIMEOUT,brand=TIMEOUT,smm=200,ssh22=OK,tcp443=OK
2026-09-26T04:05:50Z,zavod=401,survey=TIMEOUT,brand=TIMEOUT,smm=200,ssh22=OK,tcp443=OK
2026-09-26T04:10:47Z,zavod=401,survey=200,brand=405,smm=200,ssh22=OK,tcp443=OK
2026-09-26T04:15:34Z,zavod=401,survey=200,brand=405,smm=200,ssh22=OK,tcp443=OK
2026-09-26T04:20:50Z,zavod=401,survey=200,brand=405,smm=200,ssh22=OK,tcp443=OK
2026-09-26T04:25:44Z,zavod=401,survey=200,brand=405,smm=200,ssh22=OK,tcp443=OK
2026-09-26T04:30:58Z,zavod=401,survey=TIMEOUT,brand=405,smm=200,ssh22=OK,tcp443=OK
2026-09-26T04:35:52Z,zavod=401,survey=200,brand=405,smm=200,ssh22=OK,tcp443=OK
2026-09-26T04:40:39Z,zavod=401,survey=200,brand=405,smm=200,ssh22=OK,tcp443=OK
2026-09-26T04:45:37Z,zavod=401,survey=200,brand=405,smm=200,ssh22=OK,tcp443=OK
2026-09-26T04:50:44Z,zavod=401,survey=200,brand=405,smm=200,ssh22=OK,tcp443=OK
2026-09-26T04:55:28Z,zavod=401,survey=TIMEOUT,brand=405,smm=200,ssh22=OK,tcp443=OK
2026-09-26T05:01:09Z,zavod=401,survey=200,brand=405,smm=200,ssh22=OK,tcp443=OK
2026-09-26T05:05:39Z,zavod=401,survey=200,brand=405,smm=200,ssh22=OK,tcp443=OK
2026-09-26T05:10:37Z,zavod=401,survey=TIMEOUT,brand=405,smm=200,ssh22=OK,tcp443=OK
2026-09-26T05:15:45Z,zavod=401,survey=200,brand=405,smm=200,ssh22=OK,tcp443=OK
2026-09-26T05:20:43Z,zavod=401,survey=TIMEOUT,brand=405,smm=200,ssh22=OK,tcp443=OK
2026-09-26T05:25:37Z,zavod=401,survey=200,brand=405,smm=TIMEOUT,ssh22=OK,tcp443=OK
2026-09-26T05:30:50Z,zavod=401,survey=200,brand=405,smm=200,ssh22=OK,tcp443=OK
2026-09-26T05:35:45Z,zavod=401,survey=TIMEOUT,brand=405,smm=200,ssh22=OK,tcp443=OK
2026-09-26T05:40:33Z,zavod=401,survey=200,brand=405,smm=200,ssh22=OK,tcp443=OK
2026-09-26T05:45:51Z,zavod=401,survey=TIMEOUT,brand=TIMEOUT,smm=200,ssh22=OK,tcp443=OK
2026-09-26T05:50:38Z,zavod=401,survey=200,brand=405,smm=200,ssh22=OK,tcp443=OK
2026-09-26T05:55:33Z,zavod=401,survey=200,brand=405,smm=200,ssh22=OK,tcp443=OK
2026-09-26T06:00:47Z,zavod=401,survey=200,brand=405,smm=200,ssh22=OK,tcp443=OK
2026-09-26T06:05:37Z,zavod=401,survey=200,brand=405,smm=200,ssh22=OK,tcp443=OK
2026-09-26T06:10:55Z,zavod=401,survey=200,brand=TIMEOUT,smm=200,ssh22=OK,tcp443=OK
2026-09-26T06:15:44Z,zavod=401,survey=TIMEOUT,brand=405,smm=200,ssh22=OK,tcp443=OK
2026-09-26T06:20:45Z,zavod=401,survey=200,brand=405,smm=200,ssh22=OK,tcp443=OK
2026-09-26T06:25:29Z,zavod=401,survey=200,brand=405,smm=200,ssh22=OK,tcp443=OK
2026-09-26T06:31:03Z,zavod=401,survey=200,brand=405,smm=200,ssh22=OK,tcp443=OK
2026-09-26T06:35:29Z,zavod=401,survey=200,brand=405,smm=200,ssh22=OK,tcp443=OK
2026-09-26T06:40:38Z,zavod=401,survey=200,brand=405,smm=200,ssh22=OK,tcp443=OK
2026-09-26T06:45:48Z,zavod=401,survey=200,brand=405,smm=200,ssh22=OK,tcp443=OK
2026-09-26T06:50:36Z,zavod=401,survey=200,brand=405,smm=200,ssh22=OK,tcp443=OK
2026-09-26T06:55:51Z,zavod=401,survey=TIMEOUT,brand=405,smm=200,ssh22=FAIL,tcp443=FAIL
2026-09-26T07:01:04Z,zavod=401,survey=200,brand=405,smm=200,ssh22=OK,tcp443=OK
2026-09-26T07:05:54Z,zavod=401,survey=200,brand=405,smm=200,ssh22=OK,tcp443=OK
2026-09-26T07:10:41Z,zavod=401,survey=200,brand=405,smm=200,ssh22=OK,tcp443=OK
2026-09-26T07:15:31Z,zavod=401,survey=200,brand=405,smm=200,ssh22=OK,tcp443=OK
2026-09-26T07:20:31Z,zavod=401,survey=200,brand=405,smm=200,ssh22=OK,tcp443=OK
2026-09-26T07:25:38Z,zavod=401,survey=TIMEOUT,brand=TIMEOUT,smm=200,ssh22=OK,tcp443=OK
2026-09-26T07:31:03Z,zavod=401,survey=200,brand=405,smm=200,ssh22=OK,tcp443=OK
2026-09-26T07:35:50Z,zavod=401,survey=200,brand=405,smm=200,ssh22=OK,tcp443=OK
2026-09-26T07:40:38Z,zavod=401,survey=200,brand=405,smm=200,ssh22=OK,tcp443=OK
2026-09-26T07:45:58Z,zavod=401,survey=200,brand=405,smm=200,ssh22=OK,tcp443=OK
2026-09-26T07:50:47Z,zavod=401,survey=TIMEOUT,brand=405,smm=200,ssh22=OK,tcp443=OK
2026-09-26T07:55:32Z,zavod=401,survey=200,brand=405,smm=200,ssh22=OK,tcp443=OK
2026-09-26T08:01:05Z,zavod=401,survey=200,brand=405,smm=200,ssh22=OK,tcp443=OK
2026-09-26T08:05:38Z,zavod=401,survey=TIMEOUT,brand=TIMEOUT,smm=200,ssh22=OK,tcp443=OK
2026-09-26T08:10:57Z,zavod=401,survey=TIMEOUT,brand=405,smm=200,ssh22=OK,tcp443=OK
2026-09-26T08:15:48Z,zavod=401,survey=TIMEOUT,brand=TIMEOUT,smm=200,ssh22=OK,tcp443=OK
2026-09-26T08:20:28Z,zavod=401,survey=TIMEOUT,brand=TIMEOUT,smm=200,ssh22=OK,tcp443=OK
2026-09-26T08:25:45Z,zavod=401,survey=200,brand=405,smm=200,ssh22=OK,tcp443=OK
2026-09-26T08:30:40Z,zavod=401,survey=TIMEOUT,brand=405,smm=200,ssh22=OK,tcp443=OK
2026-09-26T08:35:39Z,zavod=401,survey=200,brand=405,smm=200,ssh22=OK,tcp443=OK
2026-09-26T08:40:28Z,zavod=401,survey=200,brand=405,smm=200,ssh22=OK,tcp443=OK
2026-09-26T08:45:39Z,zavod=401,survey=TIMEOUT,brand=405,smm=200,ssh22=OK,tcp443=OK
2026-09-26T08:50:49Z,zavod=401,survey=200,brand=405,smm=200,ssh22=OK,tcp443=OK
2026-09-26T08:55:36Z,zavod=401,survey=200,brand=405,smm=200,ssh22=OK,tcp443=OK
2026-09-26T09:00:49Z,zavod=401,survey=200,brand=405,smm=200,ssh22=OK,tcp443=OK
2026-09-26T09:05:50Z,zavod=401,survey=200,brand=405,smm=200,ssh22=OK,tcp443=OK
2026-09-26T09:10:50Z,zavod=401,survey=TIMEOUT,brand=405,smm=200,ssh22=OK,tcp443=OK
2026-09-26T09:15:42Z,zavod=401,survey=200,brand=405,smm=200,ssh22=OK,tcp443=OK
2026-09-26T09:20:32Z,zavod=401,survey=TIMEOUT,brand=405,smm=200,ssh22=OK,tcp443=OK
2026-09-26T09:25:48Z,zavod=401,survey=200,brand=405,smm=200,ssh22=OK,tcp443=OK
2026-09-26T09:30:44Z,zavod=401,survey=200,brand=TIMEOUT,smm=200,ssh22=OK,tcp443=OK
2026-09-26T09:35:44Z,zavod=401,survey=200,brand=405,smm=200,ssh22=OK,tcp443=OK
2026-09-26T09:40:57Z,zavod=401,survey=TIMEOUT,brand=405,smm=200,ssh22=OK,tcp443=OK
2026-09-26T09:45:58Z,zavod=401,survey=TIMEOUT,brand=405,smm=200,ssh22=OK,tcp443=OK
2026-09-26T09:50:49Z,zavod=401,survey=200,brand=405,smm=200,ssh22=OK,tcp443=OK
2026-09-26T09:55:47Z,zavod=401,survey=TIMEOUT,brand=TIMEOUT,smm=200,ssh22=OK,tcp443=OK
2026-09-26T10:00:51Z,zavod=401,survey=TIMEOUT,brand=405,smm=200,ssh22=OK,tcp443=OK
2026-09-26T10:05:42Z,zavod=401,survey=TIMEOUT,brand=405,smm=200,ssh22=OK,tcp443=OK
2026-09-26T10:10:43Z,zavod=401,survey=TIMEOUT,brand=TIMEOUT,smm=200,ssh22=OK,tcp443=OK
2026-09-26T10:15:57Z,zavod=401,survey=TIMEOUT,brand=405,smm=200,ssh22=OK,tcp443=OK
2026-09-26T10:20:58Z,zavod=401,survey=200,brand=405,smm=200,ssh22=OK,tcp443=OK
2026-09-26T10:25:25Z,zavod=401,survey=200,brand=405,smm=200,ssh22=OK,tcp443=OK
2026-09-26T10:30:51Z,zavod=401,survey=TIMEOUT,brand=TIMEOUT,smm=200,ssh22=OK,tcp443=OK
2026-09-26T10:35:49Z,zavod=401,survey=TIMEOUT,brand=405,smm=200,ssh22=OK,tcp443=OK
2026-09-26T10:40:49Z,zavod=401,survey=200,brand=405,smm=200,ssh22=OK,tcp443=OK
2026-09-26T10:45:31Z,zavod=401,survey=200,brand=405,smm=200,ssh22=OK,tcp443=OK
2026-09-26T10:50:52Z,zavod=401,survey=TIMEOUT,brand=405,smm=200,ssh22=OK,tcp443=OK
2026-09-26T10:55:38Z,zavod=401,survey=TIMEOUT,brand=TIMEOUT,smm=200,ssh22=OK,tcp443=OK
2026-09-26T11:01:10Z,zavod=401,survey=200,brand=405,smm=200,ssh22=OK,tcp443=OK
2026-09-26T11:05:41Z,zavod=401,survey=200,brand=TIMEOUT,smm=200,ssh22=OK,tcp443=OK
2026-09-26T11:10:42Z,zavod=401,survey=200,brand=405,smm=200,ssh22=FAIL,tcp443=FAIL
2026-09-26T11:15:43Z,zavod=401,survey=200,brand=405,smm=200,ssh22=OK,tcp443=OK
2026-09-26T11:20:34Z,zavod=401,survey=TIMEOUT,brand=405,smm=200,ssh22=OK,tcp443=OK
2026-09-26T11:25:32Z,zavod=401,survey=200,brand=TIMEOUT,smm=200,ssh22=OK,tcp443=OK
2026-09-26T11:30:39Z,zavod=401,survey=TIMEOUT,brand=405,smm=200,ssh22=OK,tcp443=OK
2026-09-26T11:35:27Z,zavod=401,survey=200,brand=405,smm=200,ssh22=OK,tcp443=OK
2026-09-26T11:40:50Z,zavod=401,survey=TIMEOUT,brand=405,smm=200,ssh22=OK,tcp443=OK
2026-09-26T11:45:40Z,zavod=401,survey=200,brand=405,smm=200,ssh22=OK,tcp443=OK
2026-09-26T11:50:30Z,zavod=401,survey=200,brand=405,smm=200,ssh22=OK,tcp443=OK
2026-09-26T11:55:27Z,zavod=401,survey=200,brand=405,smm=200,ssh22=OK,tcp443=OK
2026-09-26T12:01:02Z,zavod=401,survey=TIMEOUT,brand=405,smm=200,ssh22=OK,tcp443=OK
2026-09-26T12:05:54Z,zavod=401,survey=200,brand=405,smm=200,ssh22=OK,tcp443=OK
2026-09-26T12:10:46Z,zavod=401,survey=200,brand=405,smm=200,ssh22=OK,tcp443=OK
2026-09-26T12:15:37Z,zavod=401,survey=200,brand=405,smm=200,ssh22=FAIL,tcp443=FAIL
2026-09-26T12:20:58Z,zavod=401,survey=200,brand=405,smm=200,ssh22=OK,tcp443=OK
2026-09-26T12:25:45Z,zavod=401,survey=200,brand=405,smm=200,ssh22=OK,tcp443=OK
2026-09-26T12:30:50Z,zavod=401,survey=200,brand=405,smm=200,ssh22=OK,tcp443=OK
2026-09-26T12:35:38Z,zavod=401,survey=TIMEOUT,brand=TIMEOUT,smm=200,ssh22=OK,tcp443=OK
2026-09-26T12:40:58Z,zavod=401,survey=TIMEOUT,brand=405,smm=200,ssh22=OK,tcp443=OK
2026-09-26T12:45:50Z,zavod=401,survey=200,brand=405,smm=200,ssh22=OK,tcp443=OK
2026-09-26T12:50:50Z,zavod=401,survey=200,brand=405,smm=200,ssh22=OK,tcp443=OK
2026-09-26T12:55:47Z,zavod=401,survey=TIMEOUT,brand=405,smm=200,ssh22=OK,tcp443=OK
2026-09-26T13:01:00Z,zavod=401,survey=200,brand=405,smm=200,ssh22=OK,tcp443=OK
2026-09-26T13:05:50Z,zavod=401,survey=200,brand=405,smm=TIMEOUT,ssh22=OK,tcp443=OK
2026-09-26T13:10:50Z,zavod=401,survey=200,brand=TIMEOUT,smm=200,ssh22=OK,tcp443=OK
2026-09-26T13:15:39Z,zavod=401,survey=200,brand=405,smm=200,ssh22=OK,tcp443=OK
2026-09-26T13:20:29Z,zavod=401,survey=200,brand=405,smm=200,ssh22=OK,tcp443=OK
2026-09-26T13:25:26Z,zavod=401,survey=TIMEOUT,brand=405,smm=200,ssh22=OK,tcp443=OK
2026-09-26T13:31:02Z,zavod=401,survey=TIMEOUT,brand=405,smm=200,ssh22=OK,tcp443=OK
2026-09-26T13:35:50Z,zavod=401,survey=200,brand=405,smm=200,ssh22=FAIL,tcp443=FAIL
2026-09-26T13:40:50Z,zavod=401,survey=TIMEOUT,brand=405,smm=200,ssh22=OK,tcp443=OK
2026-09-26T13:45:50Z,zavod=401,survey=200,brand=405,smm=200,ssh22=OK,tcp443=OK
2026-09-26T13:50:49Z,zavod=401,survey=TIMEOUT,brand=TIMEOUT,smm=200,ssh22=OK,tcp443=OK
2026-09-26T13:55:36Z,zavod=401,survey=200,brand=405,smm=200,ssh22=OK,tcp443=OK
2026-09-26T14:01:07Z,zavod=401,survey=200,brand=405,smm=200,ssh22=OK,tcp443=OK
2026-09-26T14:05:26Z,zavod=401,survey=TIMEOUT,brand=405,smm=200,ssh22=OK,tcp443=OK
2026-09-26T14:10:45Z,zavod=401,survey=200,brand=405,smm=200,ssh22=OK,tcp443=OK
2026-09-26T14:15:56Z,zavod=401,survey=200,brand=405,smm=200,ssh22=OK,tcp443=OK
2026-09-26T14:20:46Z,zavod=401,survey=200,brand=405,smm=200,ssh22=OK,tcp443=OK
2026-09-26T14:25:32Z,zavod=401,survey=TIMEOUT,brand=TIMEOUT,smm=200,ssh22=OK,tcp443=OK
2026-09-26T14:30:57Z,zavod=401,survey=200,brand=405,smm=200,ssh22=OK,tcp443=OK
2026-09-26T14:35:46Z,zavod=401,survey=200,brand=405,smm=200,ssh22=OK,tcp443=OK
2026-09-26T14:40:47Z,zavod=401,survey=200,brand=405,smm=200,ssh22=OK,tcp443=OK
2026-09-26T14:45:35Z,zavod=401,survey=TIMEOUT,brand=405,smm=200,ssh22=OK,tcp443=OK
2026-09-26T14:50:35Z,zavod=401,survey=TIMEOUT,brand=405,smm=200,ssh22=OK,tcp443=OK
2026-09-26T14:55:51Z,zavod=401,survey=200,brand=405,smm=200,ssh22=FAIL,tcp443=FAIL
2026-09-26T15:01:05Z,zavod=401,survey=200,brand=405,smm=200,ssh22=OK,tcp443=OK
2026-09-26T15:05:53Z,zavod=401,survey=TIMEOUT,brand=405,smm=200,ssh22=OK,tcp443=OK
2026-09-26T15:10:52Z,zavod=401,survey=TIMEOUT,brand=TIMEOUT,smm=200,ssh22=OK,tcp443=OK
2026-09-26T15:15:41Z,zavod=401,survey=TIMEOUT,brand=TIMEOUT,smm=200,ssh22=OK,tcp443=OK
2026-09-26T15:20:45Z,zavod=401,survey=200,brand=405,smm=200,ssh22=FAIL,tcp443=FAIL
2026-09-26T15:25:30Z,zavod=401,survey=200,brand=405,smm=200,ssh22=OK,tcp443=OK
2026-09-26T15:31:05Z,zavod=401,survey=200,brand=405,smm=200,ssh22=OK,tcp443=OK
2026-09-26T15:35:50Z,zavod=401,survey=200,brand=405,smm=200,ssh22=OK,tcp443=OK
2026-09-26T15:40:49Z,zavod=401,survey=TIMEOUT,brand=TIMEOUT,smm=200,ssh22=OK,tcp443=OK
2026-09-26T15:45:48Z,zavod=401,survey=200,brand=405,smm=200,ssh22=OK,tcp443=OK
2026-09-26T15:50:46Z,zavod=401,survey=TIMEOUT,brand=405,smm=200,ssh22=OK,tcp443=OK
2026-09-26T15:55:31Z,zavod=401,survey=TIMEOUT,brand=405,smm=200,ssh22=OK,tcp443=OK
2026-09-26T16:00:43Z,zavod=401,survey=200,brand=405,smm=200,ssh22=OK,tcp443=OK
2026-09-26T16:05:34Z,zavod=401,survey=200,brand=405,smm=200,ssh22=OK,tcp443=OK
2026-09-26T16:10:43Z,zavod=401,survey=200,brand=405,smm=200,ssh22=OK,tcp443=OK
2026-09-26T16:15:47Z,zavod=401,survey=200,brand=405,smm=200,ssh22=OK,tcp443=OK
2026-09-26T16:20:45Z,zavod=401,survey=TIMEOUT,brand=TIMEOUT,smm=200,ssh22=OK,tcp443=OK
2026-09-26T16:25:43Z,zavod=401,survey=200,brand=405,smm=200,ssh22=OK,tcp443=OK
2026-09-26T16:30:35Z,zavod=401,survey=200,brand=405,smm=200,ssh22=OK,tcp443=OK
2026-09-26T16:35:43Z,zavod=401,survey=200,brand=405,smm=200,ssh22=OK,tcp443=OK
2026-09-26T16:40:43Z,zavod=401,survey=200,brand=405,smm=200,ssh22=OK,tcp443=OK
2026-09-26T16:45:31Z,zavod=401,survey=200,brand=405,smm=200,ssh22=OK,tcp443=OK
2026-09-26T16:50:54Z,zavod=401,survey=200,brand=405,smm=200,ssh22=OK,tcp443=OK
2026-09-26T16:55:39Z,zavod=401,survey=200,brand=405,smm=200,ssh22=OK,tcp443=OK
2026-09-26T17:01:09Z,zavod=401,survey=200,brand=405,smm=200,ssh22=OK,tcp443=OK
2026-09-26T17:05:27Z,zavod=401,survey=200,brand=405,smm=200,ssh22=OK,tcp443=OK
2026-09-26T17:10:46Z,zavod=401,survey=TIMEOUT,brand=TIMEOUT,smm=TIMEOUT,ssh22=OK,tcp443=OK
2026-09-26T17:15:57Z,zavod=401,survey=200,brand=405,smm=200,ssh22=OK,tcp443=OK
2026-09-26T17:20:45Z,zavod=401,survey=200,brand=405,smm=200,ssh22=OK,tcp443=OK
2026-09-26T17:25:43Z,zavod=401,survey=TIMEOUT,brand=405,smm=200,ssh22=OK,tcp443=OK
2026-09-26T17:30:35Z,zavod=401,survey=TIMEOUT,brand=TIMEOUT,smm=200,ssh22=OK,tcp443=OK
2026-09-26T17:35:52Z,zavod=401,survey=200,brand=405,smm=200,ssh22=OK,tcp443=OK
2026-09-26T17:40:29Z,zavod=401,survey=TIMEOUT,brand=TIMEOUT,smm=200,ssh22=OK,tcp443=OK
2026-09-26T17:45:57Z,zavod=401,survey=200,brand=405,smm=200,ssh22=OK,tcp443=OK
2026-09-26T17:50:43Z,zavod=401,survey=200,brand=405,smm=200,ssh22=OK,tcp443=OK
2026-09-26T17:55:47Z,zavod=401,survey=200,brand=405,smm=200,ssh22=OK,tcp443=OK
2026-09-26T18:00:58Z,zavod=401,survey=200,brand=405,smm=200,ssh22=FAIL,tcp443=FAIL
2026-09-26T18:05:27Z,zavod=401,survey=200,brand=405,smm=200,ssh22=OK,tcp443=OK
2026-09-26T18:10:55Z,zavod=401,survey=200,brand=405,smm=200,ssh22=OK,tcp443=OK
2026-09-26T18:15:44Z,zavod=401,survey=TIMEOUT,brand=405,smm=200,ssh22=OK,tcp443=OK
2026-09-26T18:20:45Z,zavod=401,survey=TIMEOUT,brand=TIMEOUT,smm=TIMEOUT,ssh22=OK,tcp443=OK
2026-09-26T18:25:41Z,zavod=401,survey=200,brand=405,smm=200,ssh22=OK,tcp443=OK
2026-09-26T18:30:35Z,zavod=401,survey=TIMEOUT,brand=405,smm=200,ssh22=OK,tcp443=OK
2026-09-26T18:35:52Z,zavod=401,survey=200,brand=405,smm=200,ssh22=OK,tcp443=OK
2026-09-26T18:40:42Z,zavod=401,survey=200,brand=405,smm=200,ssh22=OK,tcp443=OK
2026-09-26T18:45:31Z,zavod=401,survey=TIMEOUT,brand=TIMEOUT,smm=200,ssh22=OK,tcp443=OK
2026-09-26T18:50:29Z,zavod=401,survey=TIMEOUT,brand=TIMEOUT,smm=200,ssh22=OK,tcp443=OK
2026-09-26T18:55:45Z,zavod=401,survey=200,brand=405,smm=200,ssh22=OK,tcp443=OK
2026-09-26T19:00:44Z,zavod=401,survey=200,brand=405,smm=200,ssh22=OK,tcp443=OK
2026-09-26T19:05:33Z,zavod=401,survey=200,brand=405,smm=200,ssh22=OK,tcp443=OK
2026-09-26T19:10:31Z,zavod=401,survey=200,brand=405,smm=200,ssh22=OK,tcp443=OK
2026-09-26T19:15:49Z,zavod=401,survey=200,brand=405,smm=200,ssh22=OK,tcp443=OK
2026-09-26T19:20:37Z,zavod=401,survey=TIMEOUT,brand=TIMEOUT,smm=200,ssh22=OK,tcp443=OK
2026-09-26T19:25:32Z,zavod=401,survey=200,brand=TIMEOUT,smm=200,ssh22=OK,tcp443=OK
2026-09-26T19:30:55Z,zavod=401,survey=200,brand=405,smm=200,ssh22=OK,tcp443=OK
2026-09-26T19:35:42Z,zavod=401,survey=200,brand=405,smm=200,ssh22=OK,tcp443=OK
2026-09-26T19:40:50Z,zavod=401,survey=TIMEOUT,brand=405,smm=200,ssh22=OK,tcp443=OK
2026-09-26T19:45:49Z,zavod=401,survey=TIMEOUT,brand=TIMEOUT,smm=200,ssh22=OK,tcp443=OK
2026-09-26T19:50:37Z,zavod=401,survey=200,brand=405,smm=200,ssh22=OK,tcp443=OK
2026-09-26T19:55:51Z,zavod=401,survey=TIMEOUT,brand=TIMEOUT,smm=200,ssh22=OK,tcp443=OK
2026-09-26T20:00:51Z,zavod=401,survey=200,brand=405,smm=200,ssh22=OK,tcp443=OK
2026-09-26T20:05:50Z,zavod=401,survey=200,brand=405,smm=200,ssh22=OK,tcp443=OK
2026-09-26T20:10:57Z,zavod=401,survey=200,brand=TIMEOUT,smm=200,ssh22=OK,tcp443=OK
2026-09-26T20:15:55Z,zavod=401,survey=TIMEOUT,brand=405,smm=200,ssh22=OK,tcp443=OK
2026-09-26T20:20:43Z,zavod=401,survey=200,brand=405,smm=200,ssh22=FAIL,tcp443=FAIL
2026-09-26T20:25:27Z,zavod=401,survey=TIMEOUT,brand=TIMEOUT,smm=200,ssh22=OK,tcp443=OK
2026-09-26T20:31:00Z,zavod=401,survey=200,brand=405,smm=200,ssh22=OK,tcp443=OK
2026-09-26T20:35:45Z,zavod=401,survey=TIMEOUT,brand=405,smm=200,ssh22=OK,tcp443=OK
2026-09-26T20:40:43Z,zavod=401,survey=200,brand=405,smm=200,ssh22=OK,tcp443=OK
2026-09-26T20:45:30Z,zavod=401,survey=200,brand=405,smm=200,ssh22=OK,tcp443=OK
2026-09-26T20:50:47Z,zavod=401,survey=TIMEOUT,brand=TIMEOUT,smm=200,ssh22=OK,tcp443=OK
2026-09-26T20:55:30Z,zavod=401,survey=TIMEOUT,brand=TIMEOUT,smm=200,ssh22=OK,tcp443=OK
2026-09-26T21:01:00Z,zavod=401,survey=200,brand=405,smm=200,ssh22=OK,tcp443=OK
2026-09-26T21:05:48Z,zavod=401,survey=200,brand=405,smm=200,ssh22=OK,tcp443=OK
2026-09-26T21:10:44Z,zavod=401,survey=TIMEOUT,brand=405,smm=200,ssh22=OK,tcp443=OK
2026-09-26T21:15:31Z,zavod=401,survey=TIMEOUT,brand=TIMEOUT,smm=200,ssh22=OK,tcp443=OK
2026-09-26T21:20:48Z,zavod=401,survey=200,brand=405,smm=200,ssh22=OK,tcp443=OK
2026-09-26T21:25:53Z,zavod=401,survey=200,brand=405,smm=200,ssh22=OK,tcp443=OK
2026-09-26T21:30:44Z,zavod=401,survey=200,brand=405,smm=200,ssh22=OK,tcp443=OK
2026-09-26T21:35:40Z,zavod=401,survey=200,brand=405,smm=200,ssh22=OK,tcp443=OK
2026-09-26T21:40:36Z,zavod=401,survey=200,brand=405,smm=200,ssh22=OK,tcp443=OK
2026-09-26T21:45:52Z,zavod=401,survey=200,brand=405,smm=200,ssh22=OK,tcp443=OK
2026-09-26T21:50:37Z,zavod=401,survey=TIMEOUT,brand=405,smm=200,ssh22=OK,tcp443=OK
2026-09-26T21:55:31Z,zavod=401,survey=TIMEOUT,brand=TIMEOUT,smm=200,ssh22=OK,tcp443=OK
2026-09-26T22:00:59Z,zavod=401,survey=200,brand=405,smm=200,ssh22=OK,tcp443=OK
2026-09-26T22:05:45Z,zavod=401,survey=TIMEOUT,brand=405,smm=200,ssh22=OK,tcp443=OK
2026-09-26T22:10:42Z,zavod=401,survey=200,brand=405,smm=200,ssh22=OK,tcp443=OK
2026-09-26T22:15:28Z,zavod=401,survey=200,brand=405,smm=200,ssh22=OK,tcp443=OK
2026-09-26T22:20:55Z,zavod=401,survey=TIMEOUT,brand=405,smm=200,ssh22=OK,tcp443=OK
2026-09-26T22:25:38Z,zavod=401,survey=TIMEOUT,brand=TIMEOUT,smm=200,ssh22=OK,tcp443=OK
2026-09-26T22:30:48Z,zavod=401,survey=200,brand=405,smm=200,ssh22=OK,tcp443=OK
2026-09-26T22:35:43Z,zavod=401,survey=200,brand=405,smm=200,ssh22=OK,tcp443=OK
2026-09-26T22:40:27Z,zavod=401,survey=TIMEOUT,brand=TIMEOUT,smm=200,ssh22=OK,tcp443=OK
2026-09-26T22:45:53Z,zavod=401,survey=200,brand=405,smm=200,ssh22=OK,tcp443=OK
2026-09-26T22:50:38Z,zavod=401,survey=200,brand=405,smm=200,ssh22=OK,tcp443=OK
2026-09-26T22:55:29Z,zavod=401,survey=200,brand=405,smm=200,ssh22=OK,tcp443=OK
2026-09-26T23:00:56Z,zavod=401,survey=200,brand=405,smm=200,ssh22=OK,tcp443=OK
2026-09-26T23:05:52Z,zavod=401,survey=200,brand=405,smm=200,ssh22=OK,tcp443=OK
2026-09-26T23:10:48Z,zavod=401,survey=200,brand=405,smm=200,ssh22=OK,tcp443=OK
2026-09-26T23:15:44Z,zavod=401,survey=TIMEOUT,brand=405,smm=200,ssh22=OK,tcp443=OK
2026-09-26T23:20:53Z,zavod=401,survey=TIMEOUT,brand=405,smm=200,ssh22=OK,tcp443=OK
2026-09-26T23:25:46Z,zavod=401,survey=200,brand=405,smm=200,ssh22=OK,tcp443=OK
2026-09-26T23:30:48Z,zavod=401,survey=TIMEOUT,brand=405,smm=200,ssh22=OK,tcp443=OK
2026-09-26T23:35:32Z,zavod=401,survey=200,brand=405,smm=200,ssh22=OK,tcp443=OK
2026-09-26T23:40:47Z,zavod=401,survey=200,brand=405,smm=200,ssh22=OK,tcp443=OK
2026-09-26T23:45:43Z,zavod=401,survey=200,brand=405,smm=200,ssh22=FAIL,tcp443=FAIL
2026-09-26T23:50:43Z,zavod=401,survey=200,brand=405,smm=200,ssh22=OK,tcp443=OK
2026-09-26T23:55:25Z,zavod=401,survey=200,brand=405,smm=200,ssh22=OK,tcp443=OK
2026-09-27T00:00:56Z,zavod=401,survey=TIMEOUT,brand=405,smm=200,ssh22=OK,tcp443=OK
2026-09-27T00:05:45Z,zavod=401,survey=200,brand=405,smm=200,ssh22=OK,tcp443=OK
2026-09-27T00:10:31Z,zavod=401,survey=200,brand=405,smm=200,ssh22=OK,tcp443=OK
2026-09-27T00:15:29Z,zavod=401,survey=TIMEOUT,brand=TIMEOUT,smm=200,ssh22=OK,tcp443=OK
2026-09-27T00:20:56Z,zavod=401,survey=200,brand=405,smm=200,ssh22=OK,tcp443=OK
2026-09-27T00:25:30Z,zavod=401,survey=200,brand=405,smm=200,ssh22=OK,tcp443=OK
2026-09-27T00:31:02Z,zavod=401,survey=200,brand=405,smm=200,ssh22=OK,tcp443=OK
2026-09-27T00:35:46Z,zavod=401,survey=200,brand=405,smm=200,ssh22=OK,tcp443=OK
2026-09-27T00:40:42Z,zavod=401,survey=200,brand=405,smm=200,ssh22=OK,tcp443=OK
2026-09-27T00:45:58Z,zavod=401,survey=TIMEOUT,brand=405,smm=200,ssh22=OK,tcp443=OK
2026-09-27T00:50:43Z,zavod=401,survey=TIMEOUT,brand=405,smm=200,ssh22=OK,tcp443=OK
2026-09-27T00:55:26Z,zavod=401,survey=200,brand=405,smm=200,ssh22=OK,tcp443=OK
2026-09-27T01:00:46Z,zavod=401,survey=200,brand=405,smm=200,ssh22=OK,tcp443=OK
2026-09-27T01:05:43Z,zavod=401,survey=200,brand=405,smm=200,ssh22=OK,tcp443=OK
2026-09-27T01:10:38Z,zavod=401,survey=200,brand=405,smm=200,ssh22=OK,tcp443=OK
2026-09-27T01:15:55Z,zavod=401,survey=200,brand=405,smm=200,ssh22=OK,tcp443=OK
2026-09-27T01:20:42Z,zavod=401,survey=200,brand=405,smm=200,ssh22=OK,tcp443=OK
2026-09-27T01:25:35Z,zavod=401,survey=TIMEOUT,brand=405,smm=200,ssh22=OK,tcp443=OK
2026-09-27T01:30:48Z,zavod=401,survey=TIMEOUT,brand=405,smm=200,ssh22=OK,tcp443=OK
2026-09-27T01:35:54Z,zavod=401,survey=200,brand=405,smm=200,ssh22=OK,tcp443=OK
2026-09-27T01:40:49Z,zavod=401,survey=TIMEOUT,brand=405,smm=200,ssh22=OK,tcp443=OK
2026-09-27T01:45:35Z,zavod=401,survey=200,brand=405,smm=200,ssh22=OK,tcp443=OK
2026-09-27T01:50:29Z,zavod=401,survey=200,brand=405,smm=200,ssh22=OK,tcp443=OK
2026-09-27T01:55:41Z,zavod=401,survey=TIMEOUT,brand=405,smm=TIMEOUT,ssh22=OK,tcp443=OK
2026-09-27T02:01:08Z,zavod=401,survey=200,brand=405,smm=200,ssh22=OK,tcp443=OK
2026-09-27T02:05:53Z,zavod=401,survey=TIMEOUT,brand=TIMEOUT,smm=200,ssh22=OK,tcp443=OK
2026-09-27T02:10:48Z,zavod=401,survey=200,brand=405,smm=200,ssh22=OK,tcp443=OK
2026-09-27T02:15:33Z,zavod=401,survey=TIMEOUT,brand=405,smm=200,ssh22=OK,tcp443=OK
2026-09-27T02:20:49Z,zavod=401,survey=200,brand=405,smm=200,ssh22=OK,tcp443=OK
2026-09-27T02:25:51Z,zavod=401,survey=200,brand=405,smm=200,ssh22=OK,tcp443=OK
2026-09-27T02:30:41Z,zavod=401,survey=200,brand=405,smm=200,ssh22=OK,tcp443=OK
2026-09-27T02:35:35Z,zavod=401,survey=200,brand=405,smm=200,ssh22=OK,tcp443=OK
2026-09-27T02:40:30Z,zavod=401,survey=200,brand=405,smm=200,ssh22=OK,tcp443=OK
2026-09-27T02:45:36Z,zavod=401,survey=TIMEOUT,brand=405,smm=200,ssh22=OK,tcp443=OK
2026-09-27T02:50:50Z,zavod=401,survey=200,brand=405,smm=200,ssh22=OK,tcp443=OK
2026-09-27T02:55:43Z,zavod=401,survey=200,brand=405,smm=200,ssh22=OK,tcp443=OK
2026-09-27T03:01:12Z,zavod=401,survey=200,brand=405,smm=200,ssh22=OK,tcp443=OK
2026-09-27T03:05:27Z,zavod=401,survey=TIMEOUT,brand=TIMEOUT,smm=200,ssh22=OK,tcp443=OK
2026-09-27T03:10:53Z,zavod=401,survey=200,brand=405,smm=200,ssh22=OK,tcp443=OK
2026-09-27T03:15:38Z,zavod=401,survey=TIMEOUT,brand=405,smm=200,ssh22=OK,tcp443=OK
2026-09-27T03:20:53Z,zavod=401,survey=200,brand=405,smm=200,ssh22=OK,tcp443=OK
2026-09-27T03:25:35Z,zavod=401,survey=200,brand=405,smm=200,ssh22=OK,tcp443=OK
2026-09-27T03:30:35Z,zavod=401,survey=200,brand=405,smm=200,ssh22=OK,tcp443=OK
2026-09-27T03:35:40Z,zavod=401,survey=200,brand=405,smm=200,ssh22=OK,tcp443=OK
2026-09-27T03:40:35Z,zavod=401,survey=TIMEOUT,brand=TIMEOUT,smm=200,ssh22=OK,tcp443=OK
2026-09-27T03:45:51Z,zavod=401,survey=200,brand=405,smm=200,ssh22=OK,tcp443=OK
2026-09-27T03:50:37Z,zavod=401,survey=TIMEOUT,brand=TIMEOUT,smm=200,ssh22=OK,tcp443=OK
2026-09-27T03:55:50Z,zavod=401,survey=200,brand=405,smm=200,ssh22=OK,tcp443=OK
2026-09-27T04:01:00Z,zavod=401,survey=200,brand=405,smm=200,ssh22=OK,tcp443=OK
2026-09-27T04:05:47Z,zavod=401,survey=200,brand=405,smm=200,ssh22=OK,tcp443=OK
2026-09-27T04:10:44Z,zavod=401,survey=TIMEOUT,brand=405,smm=200,ssh22=OK,tcp443=OK
2026-09-27T04:15:33Z,zavod=401,survey=200,brand=405,smm=200,ssh22=OK,tcp443=OK
2026-09-27T04:20:50Z,zavod=401,survey=200,brand=405,smm=200,ssh22=OK,tcp443=OK
2026-09-27T04:25:34Z,zavod=401,survey=TIMEOUT,brand=405,smm=200,ssh22=OK,tcp443=OK
2026-09-27T04:30:36Z,zavod=401,survey=200,brand=405,smm=200,ssh22=OK,tcp443=OK
2026-09-27T04:35:31Z,zavod=401,survey=200,brand=405,smm=200,ssh22=OK,tcp443=OK
2026-09-27T04:40:27Z,zavod=401,survey=TIMEOUT,brand=405,smm=200,ssh22=OK,tcp443=OK
2026-09-27T04:45:45Z,zavod=401,survey=TIMEOUT,brand=405,smm=200,ssh22=OK,tcp443=OK
2026-09-27T04:50:43Z,zavod=401,survey=TIMEOUT,brand=405,smm=200,ssh22=OK,tcp443=OK
2026-09-27T04:55:27Z,zavod=401,survey=200,brand=405,smm=200,ssh22=OK,tcp443=OK
2026-09-27T05:00:58Z,zavod=401,survey=TIMEOUT,brand=405,smm=200,ssh22=OK,tcp443=OK
2026-09-27T05:05:46Z,zavod=401,survey=TIMEOUT,brand=TIMEOUT,smm=200,ssh22=OK,tcp443=OK
2026-09-27T05:10:33Z,zavod=401,survey=TIMEOUT,brand=405,smm=200,ssh22=OK,tcp443=OK
2026-09-27T05:15:43Z,zavod=401,survey=200,brand=TIMEOUT,smm=TIMEOUT,ssh22=OK,tcp443=OK
2026-09-27T05:20:43Z,zavod=401,survey=200,brand=405,smm=200,ssh22=OK,tcp443=OK
2026-09-27T05:25:26Z,zavod=401,survey=TIMEOUT,brand=405,smm=200,ssh22=OK,tcp443=OK
2026-09-27T05:30:49Z,zavod=401,survey=200,brand=405,smm=200,ssh22=OK,tcp443=OK
2026-09-27T05:35:34Z,zavod=401,survey=200,brand=405,smm=200,ssh22=OK,tcp443=OK
2026-09-27T05:40:53Z,zavod=401,survey=200,brand=405,smm=200,ssh22=OK,tcp443=OK
2026-09-27T05:45:40Z,zavod=401,survey=200,brand=405,smm=200,ssh22=OK,tcp443=OK
2026-09-27T05:50:57Z,zavod=401,survey=200,brand=405,smm=200,ssh22=OK,tcp443=OK
2026-09-27T05:55:42Z,zavod=401,survey=200,brand=405,smm=200,ssh22=OK,tcp443=OK
2026-09-27T06:00:44Z,zavod=401,survey=200,brand=405,smm=200,ssh22=OK,tcp443=OK
2026-09-27T06:05:45Z,zavod=401,survey=200,brand=405,smm=200,ssh22=OK,tcp443=OK
2026-09-27T06:10:54Z,zavod=401,survey=200,brand=405,smm=200,ssh22=OK,tcp443=OK
2026-09-27T06:15:52Z,zavod=401,survey=200,brand=405,smm=200,ssh22=OK,tcp443=OK
2026-09-27T06:20:41Z,zavod=401,survey=200,brand=TIMEOUT,smm=200,ssh22=OK,tcp443=OK
2026-09-27T06:25:25Z,zavod=401,survey=200,brand=405,smm=200,ssh22=OK,tcp443=OK
2026-09-27T06:31:00Z,zavod=401,survey=TIMEOUT,brand=405,smm=200,ssh22=OK,tcp443=OK
2026-09-27T06:35:46Z,zavod=401,survey=200,brand=405,smm=200,ssh22=OK,tcp443=OK
2026-09-27T06:40:33Z,zavod=401,survey=200,brand=405,smm=200,ssh22=OK,tcp443=OK
2026-09-27T06:45:52Z,zavod=401,survey=200,brand=405,smm=200,ssh22=OK,tcp443=OK
2026-09-27T06:50:31Z,zavod=401,survey=200,brand=405,smm=200,ssh22=OK,tcp443=OK
2026-09-27T06:55:47Z,zavod=401,survey=TIMEOUT,brand=TIMEOUT,smm=200,ssh22=OK,tcp443=OK
2026-09-27T07:00:59Z,zavod=401,survey=200,brand=405,smm=200,ssh22=OK,tcp443=OK
2026-09-27T07:05:29Z,zavod=401,survey=TIMEOUT,brand=405,smm=200,ssh22=OK,tcp443=OK
2026-09-27T07:10:58Z,zavod=401,survey=200,brand=405,smm=200,ssh22=OK,tcp443=OK
2026-09-27T07:15:47Z,zavod=401,survey=TIMEOUT,brand=405,smm=200,ssh22=OK,tcp443=OK
2026-09-27T07:20:47Z,zavod=401,survey=200,brand=405,smm=200,ssh22=OK,tcp443=OK
2026-09-27T07:25:32Z,zavod=401,survey=200,brand=405,smm=200,ssh22=OK,tcp443=OK
2026-09-27T07:30:49Z,zavod=401,survey=200,brand=405,smm=200,ssh22=OK,tcp443=OK
2026-09-27T07:35:46Z,zavod=401,survey=200,brand=TIMEOUT,smm=200,ssh22=OK,tcp443=OK
2026-09-27T07:40:34Z,zavod=401,survey=TIMEOUT,brand=TIMEOUT,smm=200,ssh22=OK,tcp443=OK
2026-09-27T07:45:52Z,zavod=401,survey=200,brand=405,smm=200,ssh22=OK,tcp443=OK
2026-09-27T07:50:51Z,zavod=401,survey=200,brand=405,smm=200,ssh22=OK,tcp443=OK
2026-09-27T07:55:37Z,zavod=401,survey=200,brand=405,smm=200,ssh22=OK,tcp443=OK
2026-09-27T08:01:11Z,zavod=401,survey=200,brand=405,smm=200,ssh22=OK,tcp443=OK
2026-09-27T08:05:31Z,zavod=401,survey=200,brand=405,smm=200,ssh22=OK,tcp443=OK
2026-09-27T08:10:50Z,zavod=401,survey=TIMEOUT,brand=TIMEOUT,smm=200,ssh22=OK,tcp443=OK
2026-09-27T08:15:50Z,zavod=401,survey=200,brand=405,smm=200,ssh22=OK,tcp443=OK
2026-09-27T08:20:39Z,zavod=401,survey=TIMEOUT,brand=405,smm=200,ssh22=OK,tcp443=OK
2026-09-27T08:25:36Z,zavod=401,survey=200,brand=405,smm=200,ssh22=OK,tcp443=OK
2026-09-27T08:30:41Z,zavod=401,survey=200,brand=405,smm=200,ssh22=OK,tcp443=OK
2026-09-27T08:35:29Z,zavod=401,survey=TIMEOUT,brand=405,smm=200,ssh22=OK,tcp443=OK
2026-09-27T08:40:48Z,zavod=401,survey=200,brand=405,smm=200,ssh22=OK,tcp443=OK
2026-09-27T08:45:49Z,zavod=401,survey=200,brand=405,smm=200,ssh22=OK,tcp443=OK
2026-09-27T08:50:38Z,zavod=401,survey=200,brand=405,smm=200,ssh22=OK,tcp443=OK
2026-09-27T08:55:24Z,zavod=401,survey=TIMEOUT,brand=TIMEOUT,smm=200,ssh22=OK,tcp443=OK
2026-09-27T09:01:09Z,zavod=401,survey=200,brand=405,smm=200,ssh22=OK,tcp443=OK
2026-09-27T09:05:29Z,zavod=401,survey=200,brand=405,smm=200,ssh22=OK,tcp443=OK
2026-09-27T09:10:50Z,zavod=401,survey=200,brand=405,smm=200,ssh22=OK,tcp443=OK
2026-09-27T09:15:51Z,zavod=401,survey=TIMEOUT,brand=405,smm=200,ssh22=OK,tcp443=OK
2026-09-27T09:20:31Z,zavod=401,survey=200,brand=405,smm=200,ssh22=OK,tcp443=OK
2026-09-27T09:25:49Z,zavod=401,survey=TIMEOUT,brand=405,smm=200,ssh22=OK,tcp443=OK
2026-09-27T09:30:56Z,zavod=401,survey=200,brand=405,smm=200,ssh22=OK,tcp443=OK
2026-09-27T09:35:44Z,zavod=401,survey=200,brand=405,smm=200,ssh22=FAIL,tcp443=FAIL
2026-09-27T09:40:33Z,zavod=401,survey=TIMEOUT,brand=405,smm=200,ssh22=OK,tcp443=OK
2026-09-27T09:45:55Z,zavod=401,survey=200,brand=405,smm=200,ssh22=OK,tcp443=OK
2026-09-27T09:50:45Z,zavod=401,survey=200,brand=405,smm=200,ssh22=OK,tcp443=OK
2026-09-27T09:55:42Z,zavod=401,survey=TIMEOUT,brand=405,smm=200,ssh22=OK,tcp443=OK
2026-09-27T10:00:45Z,zavod=401,survey=200,brand=405,smm=200,ssh22=OK,tcp443=OK
2026-09-27T10:05:37Z,zavod=401,survey=200,brand=405,smm=200,ssh22=OK,tcp443=OK
2026-09-27T10:10:57Z,zavod=401,survey=200,brand=405,smm=200,ssh22=OK,tcp443=OK
2026-09-27T10:16:00Z,zavod=401,survey=200,brand=405,smm=200,ssh22=OK,tcp443=OK
2026-09-27T10:20:30Z,zavod=401,survey=200,brand=TIMEOUT,smm=200,ssh22=OK,tcp443=OK
2026-09-27T10:25:47Z,zavod=401,survey=TIMEOUT,brand=TIMEOUT,smm=200,ssh22=OK,tcp443=OK
2026-09-27T10:30:53Z,zavod=401,survey=TIMEOUT,brand=405,smm=200,ssh22=OK,tcp443=OK
2026-09-27T10:35:42Z,zavod=401,survey=TIMEOUT,brand=405,smm=200,ssh22=FAIL,tcp443=FAIL
2026-09-27T10:40:52Z,zavod=401,survey=TIMEOUT,brand=405,smm=200,ssh22=OK,tcp443=OK
2026-09-27T10:45:43Z,zavod=401,survey=200,brand=405,smm=200,ssh22=OK,tcp443=OK
2026-09-27T10:50:33Z,zavod=401,survey=TIMEOUT,brand=405,smm=200,ssh22=OK,tcp443=OK
2026-09-27T10:55:50Z,zavod=401,survey=200,brand=405,smm=200,ssh22=OK,tcp443=OK
2026-09-27T11:01:07Z,zavod=401,survey=TIMEOUT,brand=405,smm=200,ssh22=FAIL,tcp443=FAIL
2026-09-27T11:05:31Z,zavod=401,survey=TIMEOUT,brand=405,smm=200,ssh22=OK,tcp443=OK
2026-09-27T11:10:34Z,zavod=401,survey=TIMEOUT,brand=405,smm=200,ssh22=OK,tcp443=OK
2026-09-27T11:15:58Z,zavod=401,survey=200,brand=405,smm=200,ssh22=OK,tcp443=OK
2026-09-27T11:20:51Z,zavod=401,survey=TIMEOUT,brand=TIMEOUT,smm=TIMEOUT,ssh22=OK,tcp443=OK
2026-09-27T11:25:42Z,zavod=401,survey=200,brand=405,smm=200,ssh22=OK,tcp443=OK
2026-09-27T11:31:04Z,zavod=401,survey=200,brand=405,smm=200,ssh22=OK,tcp443=OK
2026-09-27T11:35:26Z,zavod=401,survey=TIMEOUT,brand=405,smm=200,ssh22=OK,tcp443=OK
2026-09-27T11:40:41Z,zavod=401,survey=200,brand=405,smm=200,ssh22=OK,tcp443=OK
2026-09-27T11:45:36Z,zavod=401,survey=200,brand=405,smm=200,ssh22=OK,tcp443=OK
2026-09-27T11:50:40Z,zavod=401,survey=TIMEOUT,brand=405,smm=200,ssh22=OK,tcp443=OK
2026-09-27T11:55:42Z,zavod=401,survey=TIMEOUT,brand=405,smm=200,ssh22=OK,tcp443=OK
2026-09-27T12:01:03Z,zavod=401,survey=TIMEOUT,brand=405,smm=200,ssh22=OK,tcp443=OK
2026-09-27T12:05:27Z,zavod=401,survey=200,brand=405,smm=200,ssh22=OK,tcp443=OK
2026-09-27T12:10:51Z,zavod=401,survey=200,brand=405,smm=200,ssh22=OK,tcp443=OK
2026-09-27T12:15:37Z,zavod=401,survey=200,brand=405,smm=200,ssh22=OK,tcp443=OK
2026-09-27T12:20:52Z,zavod=401,survey=TIMEOUT,brand=405,smm=200,ssh22=OK,tcp443=OK
2026-09-27T12:25:53Z,zavod=401,survey=200,brand=405,smm=200,ssh22=FAIL,tcp443=FAIL
2026-09-27T12:31:03Z,zavod=401,survey=TIMEOUT,brand=405,smm=200,ssh22=OK,tcp443=OK
2026-09-27T12:35:55Z,zavod=401,survey=200,brand=405,smm=200,ssh22=OK,tcp443=OK
2026-09-27T12:40:49Z,zavod=401,survey=TIMEOUT,brand=405,smm=200,ssh22=OK,tcp443=OK
2026-09-27T12:45:54Z,zavod=401,survey=200,brand=405,smm=200,ssh22=OK,tcp443=OK
2026-09-27T12:50:46Z,zavod=401,survey=TIMEOUT,brand=405,smm=200,ssh22=OK,tcp443=OK
2026-09-27T12:55:36Z,zavod=401,survey=200,brand=405,smm=200,ssh22=OK,tcp443=OK
2026-09-27T13:01:05Z,zavod=401,survey=200,brand=405,smm=200,ssh22=OK,tcp443=OK
2026-09-27T13:05:38Z,zavod=401,survey=TIMEOUT,brand=405,smm=200,ssh22=OK,tcp443=OK
2026-09-27T13:10:31Z,zavod=401,survey=200,brand=405,smm=200,ssh22=OK,tcp443=OK
2026-09-27T13:15:56Z,zavod=401,survey=200,brand=405,smm=200,ssh22=OK,tcp443=OK
2026-09-27T13:20:30Z,zavod=401,survey=TIMEOUT,brand=405,smm=200,ssh22=OK,tcp443=OK
2026-09-27T13:25:31Z,zavod=401,survey=200,brand=405,smm=200,ssh22=OK,tcp443=OK
2026-09-27T13:31:00Z,zavod=401,survey=TIMEOUT,brand=TIMEOUT,smm=200,ssh22=OK,tcp443=OK
2026-09-27T13:35:32Z,zavod=401,survey=200,brand=405,smm=200,ssh22=OK,tcp443=OK
2026-09-27T13:40:36Z,zavod=401,survey=200,brand=TIMEOUT,smm=200,ssh22=OK,tcp443=OK
2026-09-27T13:45:41Z,zavod=401,survey=TIMEOUT,brand=405,smm=200,ssh22=OK,tcp443=OK
2026-09-27T13:50:34Z,zavod=401,survey=TIMEOUT,brand=TIMEOUT,smm=TIMEOUT,ssh22=OK,tcp443=OK
2026-09-27T13:55:35Z,zavod=401,survey=200,brand=405,smm=200,ssh22=OK,tcp443=OK
2026-09-27T14:00:52Z,zavod=401,survey=TIMEOUT,brand=405,smm=200,ssh22=OK,tcp443=OK
2026-09-27T14:05:46Z,zavod=401,survey=200,brand=405,smm=200,ssh22=OK,tcp443=OK
2026-09-27T14:10:39Z,zavod=401,survey=200,brand=405,smm=200,ssh22=OK,tcp443=OK
2026-09-27T14:15:33Z,zavod=401,survey=200,brand=405,smm=200,ssh22=OK,tcp443=OK
2026-09-27T14:20:37Z,zavod=TIMEOUT,survey=200,brand=TIMEOUT,smm=200,ssh22=OK,tcp443=OK
2026-09-27T14:25:27Z,zavod=401,survey=TIMEOUT,brand=405,smm=200,ssh22=OK,tcp443=OK
2026-09-27T14:31:05Z,zavod=401,survey=200,brand=405,smm=200,ssh22=OK,tcp443=OK
2026-09-27T14:35:53Z,zavod=401,survey=TIMEOUT,brand=TIMEOUT,smm=200,ssh22=OK,tcp443=OK
2026-09-27T14:40:46Z,zavod=401,survey=TIMEOUT,brand=405,smm=200,ssh22=OK,tcp443=OK
2026-09-27T14:45:41Z,zavod=401,survey=200,brand=405,smm=200,ssh22=OK,tcp443=OK
2026-09-27T14:50:34Z,zavod=401,survey=200,brand=405,smm=200,ssh22=OK,tcp443=OK
2026-09-27T14:55:54Z,zavod=401,survey=200,brand=405,smm=200,ssh22=OK,tcp443=OK
2026-09-27T15:01:12Z,zavod=401,survey=200,brand=405,smm=200,ssh22=OK,tcp443=OK
2026-09-27T15:05:47Z,zavod=401,survey=200,brand=405,smm=200,ssh22=OK,tcp443=OK
2026-09-27T15:10:39Z,zavod=401,survey=200,brand=405,smm=200,ssh22=OK,tcp443=OK
2026-09-27T15:15:34Z,zavod=401,survey=200,brand=405,smm=200,ssh22=OK,tcp443=OK
2026-09-27T15:20:58Z,zavod=401,survey=200,brand=405,smm=200,ssh22=OK,tcp443=OK
2026-09-27T15:25:28Z,zavod=401,survey=TIMEOUT,brand=405,smm=200,ssh22=OK,tcp443=OK
2026-09-27T15:31:00Z,zavod=401,survey=TIMEOUT,brand=TIMEOUT,smm=200,ssh22=OK,tcp443=OK
2026-09-27T15:35:52Z,zavod=401,survey=200,brand=405,smm=200,ssh22=OK,tcp443=OK
2026-09-27T15:40:45Z,zavod=401,survey=TIMEOUT,brand=405,smm=200,ssh22=OK,tcp443=OK
2026-09-27T15:45:49Z,zavod=401,survey=TIMEOUT,brand=TIMEOUT,smm=200,ssh22=OK,tcp443=OK
2026-09-27T15:50:42Z,zavod=401,survey=TIMEOUT,brand=405,smm=200,ssh22=OK,tcp443=OK
2026-09-27T15:55:31Z,zavod=401,survey=TIMEOUT,brand=405,smm=200,ssh22=OK,tcp443=OK
2026-09-27T16:00:49Z,zavod=401,survey=TIMEOUT,brand=TIMEOUT,smm=200,ssh22=OK,tcp443=OK
2026-09-27T16:05:55Z,zavod=401,survey=TIMEOUT,brand=405,smm=200,ssh22=OK,tcp443=OK
2026-09-27T16:10:49Z,zavod=401,survey=200,brand=405,smm=200,ssh22=OK,tcp443=OK
2026-09-27T16:15:43Z,zavod=401,survey=200,brand=405,smm=200,ssh22=OK,tcp443=OK
2026-09-27T16:20:37Z,zavod=401,survey=TIMEOUT,brand=405,smm=200,ssh22=OK,tcp443=OK
2026-09-27T16:25:26Z,zavod=401,survey=200,brand=405,smm=200,ssh22=FAIL,tcp443=FAIL
2026-09-27T16:30:56Z,zavod=401,survey=200,brand=TIMEOUT,smm=200,ssh22=OK,tcp443=OK
2026-09-27T16:35:48Z,zavod=401,survey=200,brand=405,smm=200,ssh22=OK,tcp443=OK
2026-09-27T16:40:52Z,zavod=401,survey=200,brand=405,smm=200,ssh22=OK,tcp443=OK
2026-09-27T16:45:46Z,zavod=401,survey=TIMEOUT,brand=405,smm=200,ssh22=OK,tcp443=OK
2026-09-27T16:50:39Z,zavod=401,survey=200,brand=405,smm=200,ssh22=OK,tcp443=OK
2026-09-27T16:55:28Z,zavod=401,survey=200,brand=405,smm=200,ssh22=OK,tcp443=OK
2026-09-27T17:01:04Z,zavod=401,survey=TIMEOUT,brand=405,smm=200,ssh22=OK,tcp443=OK
2026-09-27T17:05:27Z,zavod=401,survey=200,brand=405,smm=200,ssh22=FAIL,tcp443=FAIL
2026-09-27T17:10:30Z,zavod=401,survey=TIMEOUT,brand=405,smm=200,ssh22=OK,tcp443=OK
2026-09-27T17:15:35Z,zavod=401,survey=200,brand=405,smm=200,ssh22=OK,tcp443=OK
2026-09-27T17:20:49Z,zavod=401,survey=200,brand=405,smm=200,ssh22=OK,tcp443=OK
2026-09-27T17:25:39Z,zavod=401,survey=200,brand=405,smm=200,ssh22=OK,tcp443=OK
2026-09-27T17:30:47Z,zavod=401,survey=TIMEOUT,brand=405,smm=200,ssh22=OK,tcp443=OK
2026-09-27T17:35:49Z,zavod=401,survey=TIMEOUT,brand=405,smm=200,ssh22=OK,tcp443=OK
2026-09-27T17:40:42Z,zavod=401,survey=TIMEOUT,brand=405,smm=200,ssh22=OK,tcp443=OK
2026-09-27T17:45:35Z,zavod=401,survey=TIMEOUT,brand=405,smm=200,ssh22=OK,tcp443=OK
2026-09-27T17:50:58Z,zavod=401,survey=200,brand=405,smm=200,ssh22=OK,tcp443=OK
2026-09-27T17:55:26Z,zavod=401,survey=200,brand=405,smm=200,ssh22=OK,tcp443=OK
2026-09-27T18:00:44Z,zavod=401,survey=200,brand=405,smm=200,ssh22=OK,tcp443=OK
2026-09-27T18:05:37Z,zavod=401,survey=TIMEOUT,brand=405,smm=200,ssh22=OK,tcp443=OK
2026-09-27T18:10:40Z,zavod=401,survey=TIMEOUT,brand=405,smm=200,ssh22=OK,tcp443=OK
2026-09-27T18:15:45Z,zavod=401,survey=TIMEOUT,brand=405,smm=200,ssh22=OK,tcp443=OK
2026-09-27T18:20:48Z,zavod=401,survey=200,brand=405,smm=200,ssh22=OK,tcp443=OK
2026-09-27T18:25:38Z,zavod=401,survey=TIMEOUT,brand=405,smm=200,ssh22=OK,tcp443=OK
2026-09-27T18:30:46Z,zavod=401,survey=TIMEOUT,brand=405,smm=200,ssh22=OK,tcp443=OK
2026-09-27T18:35:28Z,zavod=401,survey=TIMEOUT,brand=405,smm=200,ssh22=OK,tcp443=OK
2026-09-27T18:40:51Z,zavod=401,survey=200,brand=405,smm=200,ssh22=OK,tcp443=OK
2026-09-27T18:45:42Z,zavod=401,survey=TIMEOUT,brand=405,smm=200,ssh22=OK,tcp443=OK
2026-09-27T18:50:44Z,zavod=401,survey=200,brand=405,smm=200,ssh22=OK,tcp443=OK
2026-09-27T18:55:43Z,zavod=401,survey=200,brand=405,smm=200,ssh22=OK,tcp443=OK
2026-09-27T19:00:47Z,zavod=401,survey=TIMEOUT,brand=405,smm=200,ssh22=OK,tcp443=OK
2026-09-27T19:05:40Z,zavod=401,survey=200,brand=TIMEOUT,smm=200,ssh22=OK,tcp443=OK
2026-09-27T19:10:42Z,zavod=401,survey=200,brand=405,smm=200,ssh22=OK,tcp443=OK
2026-09-27T19:15:35Z,zavod=401,survey=TIMEOUT,brand=405,smm=200,ssh22=OK,tcp443=OK
2026-09-27T19:20:37Z,zavod=401,survey=200,brand=405,smm=200,ssh22=OK,tcp443=OK
2026-09-27T19:25:35Z,zavod=401,survey=200,brand=TIMEOUT,smm=200,ssh22=OK,tcp443=OK
2026-09-27T19:30:42Z,zavod=401,survey=TIMEOUT,brand=405,smm=200,ssh22=OK,tcp443=OK
2026-09-27T19:35:31Z,zavod=401,survey=200,brand=TIMEOUT,smm=200,ssh22=OK,tcp443=OK
2026-09-27T19:40:52Z,zavod=401,survey=200,brand=405,smm=200,ssh22=OK,tcp443=OK
2026-09-27T19:45:44Z,zavod=401,survey=200,brand=405,smm=200,ssh22=OK,tcp443=OK
2026-09-27T19:50:35Z,zavod=401,survey=TIMEOUT,brand=405,smm=200,ssh22=OK,tcp443=OK
2026-09-27T19:55:33Z,zavod=401,survey=200,brand=405,smm=200,ssh22=OK,tcp443=OK
2026-09-27T20:00:58Z,zavod=401,survey=200,brand=405,smm=200,ssh22=OK,tcp443=OK
2026-09-27T20:05:49Z,zavod=401,survey=200,brand=405,smm=200,ssh22=OK,tcp443=OK
2026-09-27T20:10:30Z,zavod=401,survey=200,brand=405,smm=200,ssh22=OK,tcp443=OK
2026-09-27T20:15:33Z,zavod=401,survey=200,brand=405,smm=200,ssh22=OK,tcp443=OK
2026-09-27T20:20:46Z,zavod=401,survey=TIMEOUT,brand=405,smm=200,ssh22=OK,tcp443=OK
2026-09-27T20:25:44Z,zavod=401,survey=TIMEOUT,brand=TIMEOUT,smm=200,ssh22=OK,tcp443=OK
2026-09-27T20:30:40Z,zavod=401,survey=200,brand=405,smm=200,ssh22=OK,tcp443=OK
2026-09-27T20:35:29Z,zavod=401,survey=200,brand=405,smm=200,ssh22=OK,tcp443=OK
2026-09-27T20:40:31Z,zavod=401,survey=200,brand=405,smm=200,ssh22=OK,tcp443=OK
2026-09-27T20:45:46Z,zavod=401,survey=200,brand=405,smm=200,ssh22=OK,tcp443=OK
2026-09-27T20:50:35Z,zavod=401,survey=200,brand=TIMEOUT,smm=200,ssh22=OK,tcp443=OK
2026-09-27T20:55:32Z,zavod=401,survey=200,brand=405,smm=200,ssh22=OK,tcp443=OK
2026-09-27T21:01:07Z,zavod=401,survey=200,brand=405,smm=200,ssh22=OK,tcp443=OK
2026-09-27T21:05:28Z,zavod=TIMEOUT,survey=200,brand=TIMEOUT,smm=200,ssh22=OK,tcp443=OK
2026-09-27T21:10:29Z,zavod=401,survey=200,brand=405,smm=200,ssh22=OK,tcp443=OK
2026-09-27T21:15:32Z,zavod=401,survey=TIMEOUT,brand=405,smm=200,ssh22=OK,tcp443=OK
2026-09-27T21:20:33Z,zavod=401,survey=200,brand=405,smm=200,ssh22=OK,tcp443=OK
2026-09-27T21:25:51Z,zavod=401,survey=TIMEOUT,brand=TIMEOUT,smm=200,ssh22=OK,tcp443=OK
2026-09-27T21:30:46Z,zavod=401,survey=TIMEOUT,brand=405,smm=200,ssh22=OK,tcp443=OK
2026-09-27T21:35:35Z,zavod=401,survey=200,brand=405,smm=200,ssh22=OK,tcp443=OK
2026-09-27T21:40:36Z,zavod=401,survey=200,brand=405,smm=200,ssh22=OK,tcp443=OK
2026-09-27T21:45:57Z,zavod=401,survey=TIMEOUT,brand=405,smm=200,ssh22=OK,tcp443=OK
2026-09-27T21:50:28Z,zavod=401,survey=TIMEOUT,brand=405,smm=200,ssh22=OK,tcp443=OK
2026-09-27T21:55:25Z,zavod=401,survey=TIMEOUT,brand=405,smm=200,ssh22=OK,tcp443=OK
2026-09-27T22:01:09Z,zavod=401,survey=200,brand=405,smm=200,ssh22=OK,tcp443=OK
2026-09-27T22:05:40Z,zavod=401,survey=TIMEOUT,brand=405,smm=200,ssh22=OK,tcp443=OK
2026-09-27T22:10:30Z,zavod=401,survey=200,brand=405,smm=200,ssh22=OK,tcp443=OK
2026-09-27T22:15:51Z,zavod=401,survey=TIMEOUT,brand=405,smm=200,ssh22=FAIL,tcp443=FAIL
2026-09-27T22:20:42Z,zavod=401,survey=TIMEOUT,brand=405,smm=200,ssh22=OK,tcp443=OK
2026-09-27T22:25:28Z,zavod=401,survey=200,brand=405,smm=200,ssh22=OK,tcp443=OK
2026-09-27T22:30:55Z,zavod=401,survey=200,brand=405,smm=200,ssh22=OK,tcp443=OK
2026-09-27T22:35:42Z,zavod=401,survey=TIMEOUT,brand=405,smm=200,ssh22=OK,tcp443=OK
2026-09-27T22:40:56Z,zavod=401,survey=TIMEOUT,brand=405,smm=200,ssh22=OK,tcp443=OK
2026-09-27T22:45:47Z,zavod=401,survey=200,brand=405,smm=200,ssh22=OK,tcp443=OK
2026-09-27T22:50:47Z,zavod=401,survey=TIMEOUT,brand=405,smm=200,ssh22=OK,tcp443=OK
2026-09-27T22:55:44Z,zavod=401,survey=200,brand=405,smm=200,ssh22=OK,tcp443=OK
2026-09-27T23:00:47Z,zavod=401,survey=TIMEOUT,brand=TIMEOUT,smm=200,ssh22=OK,tcp443=OK
2026-09-27T23:05:48Z,zavod=401,survey=TIMEOUT,brand=405,smm=200,ssh22=OK,tcp443=OK
2026-09-27T23:10:38Z,zavod=401,survey=200,brand=405,smm=200,ssh22=OK,tcp443=OK
2026-09-27T23:15:58Z,zavod=401,survey=200,brand=TIMEOUT,smm=200,ssh22=OK,tcp443=OK
2026-09-27T23:20:29Z,zavod=401,survey=200,brand=405,smm=200,ssh22=OK,tcp443=OK
2026-09-27T23:25:46Z,zavod=401,survey=200,brand=405,smm=200,ssh22=OK,tcp443=OK
2026-09-27T23:30:41Z,zavod=401,survey=200,brand=TIMEOUT,smm=200,ssh22=OK,tcp443=OK
2026-09-27T23:35:29Z,zavod=401,survey=200,brand=405,smm=200,ssh22=OK,tcp443=OK
2026-09-27T23:40:30Z,zavod=401,survey=TIMEOUT,brand=405,smm=200,ssh22=OK,tcp443=OK
2026-09-27T23:45:50Z,zavod=401,survey=200,brand=405,smm=200,ssh22=OK,tcp443=OK
2026-09-27T23:50:40Z,zavod=401,survey=200,brand=TIMEOUT,smm=200,ssh22=OK,tcp443=OK
2026-09-27T23:55:37Z,zavod=401,survey=TIMEOUT,brand=405,smm=200,ssh22=OK,tcp443=OK
2026-09-28T00:01:15Z,zavod=401,survey=200,brand=405,smm=200,ssh22=OK,tcp443=OK
2026-09-28T00:05:48Z,zavod=401,survey=200,brand=TIMEOUT,smm=200,ssh22=OK,tcp443=OK
2026-09-28T00:10:40Z,zavod=401,survey=TIMEOUT,brand=405,smm=200,ssh22=FAIL,tcp443=FAIL
2026-09-28T00:15:44Z,zavod=401,survey=TIMEOUT,brand=405,smm=TIMEOUT,ssh22=OK,tcp443=OK
2026-09-28T00:20:36Z,zavod=401,survey=200,brand=TIMEOUT,smm=TIMEOUT,ssh22=OK,tcp443=OK
2026-09-28T00:25:24Z,zavod=401,survey=TIMEOUT,brand=405,smm=200,ssh22=OK,tcp443=OK
2026-09-28T00:30:51Z,zavod=401,survey=200,brand=405,smm=200,ssh22=OK,tcp443=OK
2026-09-28T00:35:40Z,zavod=401,survey=TIMEOUT,brand=TIMEOUT,smm=200,ssh22=OK,tcp443=OK
2026-09-28T00:40:44Z,zavod=401,survey=TIMEOUT,brand=405,smm=200,ssh22=OK,tcp443=OK
2026-09-28T00:45:35Z,zavod=401,survey=200,brand=TIMEOUT,smm=200,ssh22=OK,tcp443=OK
2026-09-28T00:50:56Z,zavod=401,survey=200,brand=405,smm=200,ssh22=OK,tcp443=OK
2026-09-28T00:55:54Z,zavod=401,survey=TIMEOUT,brand=TIMEOUT,smm=200,ssh22=OK,tcp443=OK
2026-09-28T01:00:48Z,zavod=401,survey=200,brand=405,smm=200,ssh22=OK,tcp443=OK
2026-09-28T01:05:50Z,zavod=401,survey=200,brand=405,smm=200,ssh22=OK,tcp443=OK
2026-09-28T01:10:41Z,zavod=401,survey=TIMEOUT,brand=405,smm=200,ssh22=OK,tcp443=OK
2026-09-28T01:15:43Z,zavod=401,survey=200,brand=405,smm=200,ssh22=OK,tcp443=OK
2026-09-28T01:20:44Z,zavod=401,survey=200,brand=405,smm=200,ssh22=OK,tcp443=OK
2026-09-28T01:25:32Z,zavod=401,survey=200,brand=405,smm=200,ssh22=OK,tcp443=OK
2026-09-28T01:30:58Z,zavod=401,survey=TIMEOUT,brand=405,smm=200,ssh22=OK,tcp443=OK
2026-09-28T01:35:27Z,zavod=401,survey=200,brand=405,smm=200,ssh22=OK,tcp443=OK
2026-09-28T01:40:48Z,zavod=401,survey=TIMEOUT,brand=TIMEOUT,smm=200,ssh22=OK,tcp443=OK
2026-09-28T01:45:30Z,zavod=401,survey=200,brand=405,smm=TIMEOUT,ssh22=OK,tcp443=OK
2026-09-28T01:50:51Z,zavod=401,survey=200,brand=405,smm=200,ssh22=OK,tcp443=OK
2026-09-28T01:55:29Z,zavod=401,survey=200,brand=405,smm=200,ssh22=OK,tcp443=OK
2026-09-28T02:00:44Z,zavod=401,survey=200,brand=405,smm=200,ssh22=OK,tcp443=OK
2026-09-28T02:05:36Z,zavod=401,survey=TIMEOUT,brand=405,smm=200,ssh22=OK,tcp443=OK
2026-09-28T02:10:58Z,zavod=401,survey=200,brand=405,smm=200,ssh22=OK,tcp443=OK
2026-09-28T02:15:50Z,zavod=401,survey=200,brand=405,smm=200,ssh22=OK,tcp443=OK
2026-09-28T02:20:40Z,zavod=401,survey=200,brand=405,smm=200,ssh22=OK,tcp443=OK
2026-09-28T02:25:29Z,zavod=401,survey=200,brand=TIMEOUT,smm=TIMEOUT,ssh22=OK,tcp443=OK
2026-09-28T02:30:56Z,zavod=401,survey=TIMEOUT,brand=405,smm=200,ssh22=OK,tcp443=OK
2026-09-28T02:35:26Z,zavod=401,survey=200,brand=405,smm=200,ssh22=OK,tcp443=OK
2026-09-28T02:40:47Z,zavod=401,survey=TIMEOUT,brand=TIMEOUT,smm=200,ssh22=OK,tcp443=OK
2026-09-28T02:45:39Z,zavod=401,survey=TIMEOUT,brand=405,smm=200,ssh22=OK,tcp443=OK
2026-09-28T02:50:43Z,zavod=401,survey=200,brand=405,smm=200,ssh22=OK,tcp443=OK
2026-09-28T02:55:32Z,zavod=401,survey=200,brand=405,smm=200,ssh22=OK,tcp443=OK
2026-09-28T03:00:48Z,zavod=401,survey=200,brand=405,smm=200,ssh22=OK,tcp443=OK
2026-09-28T03:05:41Z,zavod=401,survey=200,brand=TIMEOUT,smm=200,ssh22=OK,tcp443=OK
2026-09-28T03:10:55Z,zavod=401,survey=TIMEOUT,brand=TIMEOUT,smm=200,ssh22=OK,tcp443=OK
2026-09-28T03:15:47Z,zavod=401,survey=200,brand=405,smm=200,ssh22=OK,tcp443=OK
2026-09-28T03:20:39Z,zavod=401,survey=TIMEOUT,brand=405,smm=200,ssh22=OK,tcp443=OK
2026-09-28T03:25:27Z,zavod=401,survey=TIMEOUT,brand=405,smm=200,ssh22=OK,tcp443=OK
2026-09-28T03:30:55Z,zavod=401,survey=200,brand=405,smm=200,ssh22=OK,tcp443=OK
2026-09-28T03:35:45Z,zavod=401,survey=TIMEOUT,brand=405,smm=200,ssh22=OK,tcp443=OK
2026-09-28T03:40:48Z,zavod=401,survey=200,brand=405,smm=200,ssh22=OK,tcp443=OK
2026-09-28T03:45:41Z,zavod=401,survey=TIMEOUT,brand=405,smm=200,ssh22=OK,tcp443=OK
2026-09-28T03:50:33Z,zavod=401,survey=200,brand=405,smm=200,ssh22=OK,tcp443=OK
2026-09-28T03:55:52Z,zavod=401,survey=200,brand=405,smm=200,ssh22=OK,tcp443=OK
2026-09-28T04:00:58Z,zavod=401,survey=200,brand=405,smm=200,ssh22=OK,tcp443=OK
2026-09-28T04:05:52Z,zavod=401,survey=TIMEOUT,brand=405,smm=200,ssh22=OK,tcp443=OK
2026-09-28T04:10:55Z,zavod=401,survey=200,brand=405,smm=200,ssh22=OK,tcp443=OK
2026-09-28T04:15:48Z,zavod=401,survey=200,brand=405,smm=200,ssh22=OK,tcp443=OK
2026-09-28T04:20:41Z,zavod=401,survey=TIMEOUT,brand=405,smm=200,ssh22=OK,tcp443=OK
2026-09-28T04:25:52Z,zavod=401,survey=200,brand=405,smm=200,ssh22=OK,tcp443=OK
2026-09-28T04:30:51Z,zavod=401,survey=200,brand=405,smm=200,ssh22=OK,tcp443=OK
2026-09-28T04:35:53Z,zavod=401,survey=200,brand=TIMEOUT,smm=200,ssh22=OK,tcp443=OK
2026-09-28T04:40:45Z,zavod=TIMEOUT,survey=200,brand=405,smm=200,ssh22=OK,tcp443=OK
2026-09-28T04:45:38Z,zavod=401,survey=200,brand=405,smm=200,ssh22=OK,tcp443=OK
2026-09-28T04:50:53Z,zavod=401,survey=TIMEOUT,brand=405,smm=200,ssh22=OK,tcp443=OK
2026-09-28T04:55:56Z,zavod=401,survey=200,brand=405,smm=200,ssh22=OK,tcp443=OK
2026-09-28T05:01:08Z,zavod=401,survey=200,brand=405,smm=200,ssh22=OK,tcp443=OK
2026-09-28T05:05:36Z,zavod=401,survey=TIMEOUT,brand=405,smm=200,ssh22=OK,tcp443=OK
2026-09-28T05:10:45Z,zavod=401,survey=TIMEOUT,brand=405,smm=200,ssh22=OK,tcp443=OK
2026-09-28T05:15:43Z,zavod=401,survey=TIMEOUT,brand=TIMEOUT,smm=TIMEOUT,ssh22=OK,tcp443=OK
2026-09-28T05:20:42Z,zavod=401,survey=TIMEOUT,brand=405,smm=200,ssh22=OK,tcp443=OK
2026-09-28T05:25:28Z,zavod=401,survey=200,brand=405,smm=200,ssh22=OK,tcp443=OK
2026-09-28T05:31:01Z,zavod=401,survey=200,brand=405,smm=200,ssh22=OK,tcp443=OK
2026-09-28T05:35:37Z,zavod=401,survey=TIMEOUT,brand=405,smm=200,ssh22=OK,tcp443=OK
2026-09-28T05:40:35Z,zavod=401,survey=200,brand=405,smm=200,ssh22=OK,tcp443=OK
2026-09-28T05:45:34Z,zavod=401,survey=200,brand=405,smm=200,ssh22=OK,tcp443=OK
2026-09-28T05:50:53Z,zavod=401,survey=200,brand=405,smm=200,ssh22=OK,tcp443=OK
2026-09-28T05:55:49Z,zavod=401,survey=TIMEOUT,brand=TIMEOUT,smm=200,ssh22=OK,tcp443=OK
2026-09-28T06:01:05Z,zavod=401,survey=200,brand=405,smm=200,ssh22=OK,tcp443=OK
2026-09-28T06:05:37Z,zavod=401,survey=TIMEOUT,brand=405,smm=200,ssh22=OK,tcp443=OK
2026-09-28T06:10:36Z,zavod=401,survey=200,brand=405,smm=200,ssh22=FAIL,tcp443=FAIL
2026-09-28T06:15:39Z,zavod=401,survey=200,brand=405,smm=200,ssh22=OK,tcp443=OK
2026-09-28T06:20:52Z,zavod=401,survey=TIMEOUT,brand=405,smm=200,ssh22=OK,tcp443=OK
2026-09-28T06:25:50Z,zavod=401,survey=200,brand=405,smm=200,ssh22=OK,tcp443=OK
2026-09-28T06:30:48Z,zavod=401,survey=200,brand=405,smm=200,ssh22=OK,tcp443=OK
2026-09-28T06:35:29Z,zavod=401,survey=200,brand=405,smm=200,ssh22=OK,tcp443=OK
2026-09-28T06:41:01Z,zavod=401,survey=TIMEOUT,brand=TIMEOUT,smm=TIMEOUT,ssh22=OK,tcp443=OK
2026-09-28T06:45:44Z,zavod=401,survey=200,brand=405,smm=200,ssh22=OK,tcp443=OK
2026-09-28T06:50:55Z,zavod=401,survey=200,brand=405,smm=200,ssh22=OK,tcp443=OK
2026-09-28T06:55:55Z,zavod=401,survey=200,brand=405,smm=200,ssh22=OK,tcp443=OK
2026-09-28T07:01:12Z,zavod=401,survey=200,brand=405,smm=200,ssh22=OK,tcp443=OK
2026-09-28T07:05:55Z,zavod=401,survey=TIMEOUT,brand=TIMEOUT,smm=200,ssh22=OK,tcp443=OK
2026-09-28T07:10:57Z,zavod=401,survey=200,brand=405,smm=200,ssh22=OK,tcp443=OK
2026-09-28T07:16:01Z,zavod=401,survey=200,brand=405,smm=200,ssh22=OK,tcp443=OK
2026-09-28T07:20:33Z,zavod=401,survey=200,brand=405,smm=200,ssh22=OK,tcp443=OK
2026-09-28T07:25:41Z,zavod=401,survey=200,brand=405,smm=200,ssh22=OK,tcp443=OK
2026-09-28T07:30:50Z,zavod=401,survey=200,brand=405,smm=200,ssh22=OK,tcp443=OK
2026-09-28T07:35:32Z,zavod=401,survey=200,brand=405,smm=200,ssh22=OK,tcp443=OK
2026-09-28T07:40:34Z,zavod=401,survey=200,brand=TIMEOUT,smm=200,ssh22=OK,tcp443=OK
2026-09-28T07:45:50Z,zavod=401,survey=TIMEOUT,brand=TIMEOUT,smm=200,ssh22=OK,tcp443=OK
2026-09-28T07:50:53Z,zavod=401,survey=TIMEOUT,brand=405,smm=200,ssh22=OK,tcp443=OK
2026-09-28T07:55:33Z,zavod=401,survey=200,brand=405,smm=200,ssh22=OK,tcp443=OK
2026-09-28T08:01:02Z,zavod=401,survey=200,brand=405,smm=200,ssh22=OK,tcp443=OK
2026-09-28T08:05:45Z,zavod=401,survey=TIMEOUT,brand=TIMEOUT,smm=200,ssh22=OK,tcp443=OK
2026-09-28T08:10:56Z,zavod=401,survey=200,brand=405,smm=200,ssh22=OK,tcp443=OK
2026-09-28T08:15:39Z,zavod=401,survey=200,brand=405,smm=200,ssh22=OK,tcp443=OK
2026-09-28T08:20:40Z,zavod=401,survey=200,brand=405,smm=200,ssh22=OK,tcp443=OK
2026-09-28T08:25:40Z,zavod=401,survey=200,brand=405,smm=200,ssh22=OK,tcp443=OK
2026-09-28T08:30:59Z,zavod=401,survey=TIMEOUT,brand=TIMEOUT,smm=200,ssh22=OK,tcp443=OK
2026-09-28T08:35:54Z,zavod=401,survey=TIMEOUT,brand=405,smm=200,ssh22=OK,tcp443=OK
2026-09-28T08:40:49Z,zavod=401,survey=200,brand=405,smm=200,ssh22=OK,tcp443=OK
2026-09-28T08:45:46Z,zavod=401,survey=200,brand=TIMEOUT,smm=200,ssh22=OK,tcp443=OK
2026-09-28T08:50:40Z,zavod=401,survey=200,brand=405,smm=200,ssh22=OK,tcp443=OK
2026-09-28T08:55:36Z,zavod=401,survey=200,brand=405,smm=200,ssh22=OK,tcp443=OK
2026-09-28T09:01:09Z,zavod=401,survey=200,brand=405,smm=200,ssh22=OK,tcp443=OK
2026-09-28T09:05:40Z,zavod=401,survey=TIMEOUT,brand=405,smm=200,ssh22=OK,tcp443=OK
2026-09-28T09:10:37Z,zavod=401,survey=TIMEOUT,brand=TIMEOUT,smm=200,ssh22=OK,tcp443=OK
2026-09-28T09:15:49Z,zavod=401,survey=200,brand=405,smm=200,ssh22=OK,tcp443=OK
2026-09-28T09:20:47Z,zavod=401,survey=200,brand=405,smm=200,ssh22=OK,tcp443=OK
2026-09-28T09:25:41Z,zavod=401,survey=TIMEOUT,brand=TIMEOUT,smm=200,ssh22=OK,tcp443=OK
2026-09-28T09:30:45Z,zavod=401,survey=200,brand=405,smm=200,ssh22=OK,tcp443=OK
2026-09-28T09:35:52Z,zavod=401,survey=200,brand=405,smm=200,ssh22=OK,tcp443=OK
2026-09-28T09:40:53Z,zavod=401,survey=200,brand=405,smm=200,ssh22=OK,tcp443=OK
2026-09-28T09:45:35Z,zavod=401,survey=200,brand=405,smm=200,ssh22=OK,tcp443=OK
2026-09-28T09:50:37Z,zavod=401,survey=200,brand=405,smm=200,ssh22=OK,tcp443=OK
2026-09-28T09:55:29Z,zavod=401,survey=200,brand=405,smm=200,ssh22=OK,tcp443=OK
2026-09-28T10:00:55Z,zavod=401,survey=200,brand=405,smm=200,ssh22=OK,tcp443=OK
2026-09-28T10:05:29Z,zavod=401,survey=200,brand=405,smm=200,ssh22=OK,tcp443=OK
2026-09-28T10:10:33Z,zavod=401,survey=200,brand=405,smm=200,ssh22=OK,tcp443=OK
2026-09-28T10:15:36Z,zavod=401,survey=200,brand=405,smm=200,ssh22=OK,tcp443=OK
2026-09-28T10:20:40Z,zavod=401,survey=200,brand=405,smm=200,ssh22=OK,tcp443=OK
2026-09-28T10:25:40Z,zavod=401,survey=200,brand=405,smm=200,ssh22=OK,tcp443=OK
2026-09-28T10:30:41Z,zavod=401,survey=200,brand=405,smm=200,ssh22=OK,tcp443=OK
2026-09-28T10:35:41Z,zavod=401,survey=TIMEOUT,brand=405,smm=200,ssh22=OK,tcp443=OK
2026-09-28T10:40:31Z,zavod=401,survey=200,brand=405,smm=TIMEOUT,ssh22=OK,tcp443=OK
2026-09-28T10:45:54Z,zavod=401,survey=TIMEOUT,brand=405,smm=200,ssh22=OK,tcp443=OK
2026-09-28T10:50:45Z,zavod=401,survey=TIMEOUT,brand=TIMEOUT,smm=200,ssh22=OK,tcp443=OK
2026-09-28T10:55:46Z,zavod=401,survey=200,brand=405,smm=200,ssh22=OK,tcp443=OK
2026-09-28T11:00:47Z,zavod=401,survey=200,brand=405,smm=200,ssh22=OK,tcp443=OK
2026-09-28T11:05:38Z,zavod=401,survey=200,brand=405,smm=200,ssh22=OK,tcp443=OK
2026-09-28T11:10:46Z,zavod=401,survey=200,brand=405,smm=200,ssh22=OK,tcp443=OK
2026-09-28T11:15:37Z,zavod=401,survey=TIMEOUT,brand=TIMEOUT,smm=200,ssh22=OK,tcp443=OK
2026-09-28T11:20:34Z,zavod=401,survey=TIMEOUT,brand=405,smm=200,ssh22=OK,tcp443=OK
2026-09-28T11:25:28Z,zavod=401,survey=200,brand=405,smm=200,ssh22=OK,tcp443=OK
2026-09-28T11:30:58Z,zavod=401,survey=200,brand=405,smm=200,ssh22=OK,tcp443=OK
2026-09-28T11:35:52Z,zavod=401,survey=TIMEOUT,brand=TIMEOUT,smm=200,ssh22=OK,tcp443=OK
2026-09-28T11:40:40Z,zavod=401,survey=200,brand=405,smm=200,ssh22=OK,tcp443=OK
2026-09-28T11:45:44Z,zavod=401,survey=200,brand=405,smm=200,ssh22=OK,tcp443=OK
2026-09-28T11:50:41Z,zavod=401,survey=200,brand=405,smm=200,ssh22=OK,tcp443=OK
2026-09-28T11:55:40Z,zavod=401,survey=200,brand=405,smm=200,ssh22=OK,tcp443=OK
2026-09-28T12:00:57Z,zavod=401,survey=TIMEOUT,brand=405,smm=200,ssh22=OK,tcp443=OK
2026-09-28T12:05:35Z,zavod=401,survey=TIMEOUT,brand=405,smm=200,ssh22=OK,tcp443=OK
2026-09-28T12:10:53Z,zavod=401,survey=200,brand=405,smm=200,ssh22=OK,tcp443=OK
2026-09-28T12:15:52Z,zavod=401,survey=200,brand=405,smm=200,ssh22=OK,tcp443=OK
2026-09-28T12:20:50Z,zavod=401,survey=TIMEOUT,brand=TIMEOUT,smm=200,ssh22=OK,tcp443=OK
2026-09-28T12:25:55Z,zavod=401,survey=200,brand=405,smm=200,ssh22=OK,tcp443=OK
2026-09-28T12:31:02Z,zavod=401,survey=TIMEOUT,brand=405,smm=200,ssh22=OK,tcp443=OK
2026-09-28T12:35:45Z,zavod=401,survey=200,brand=405,smm=200,ssh22=OK,tcp443=OK
2026-09-28T12:40:47Z,zavod=401,survey=200,brand=405,smm=200,ssh22=OK,tcp443=OK
2026-09-28T12:45:50Z,zavod=401,survey=TIMEOUT,brand=405,smm=200,ssh22=OK,tcp443=OK
2026-09-28T12:55:50Z,zavod=401,survey=200,brand=405,smm=200,ssh22=OK,tcp443=OK
2026-09-28T13:01:06Z,zavod=401,survey=200,brand=405,smm=200,ssh22=OK,tcp443=OK
2026-09-28T13:05:36Z,zavod=401,survey=TIMEOUT,brand=405,smm=200,ssh22=OK,tcp443=OK
2026-09-28T13:10:45Z,zavod=401,survey=200,brand=405,smm=200,ssh22=OK,tcp443=OK
2026-09-28T13:15:54Z,zavod=401,survey=TIMEOUT,brand=405,smm=200,ssh22=OK,tcp443=OK
2026-09-28T13:20:53Z,zavod=401,survey=200,brand=405,smm=200,ssh22=OK,tcp443=OK
2026-09-28T13:25:48Z,zavod=401,survey=200,brand=405,smm=200,ssh22=OK,tcp443=OK
2026-09-28T13:31:02Z,zavod=401,survey=200,brand=405,smm=200,ssh22=OK,tcp443=OK
2026-09-28T13:35:30Z,zavod=401,survey=200,brand=405,smm=200,ssh22=OK,tcp443=OK
2026-09-28T13:41:01Z,zavod=401,survey=200,brand=405,smm=200,ssh22=OK,tcp443=OK
2026-09-28T13:45:59Z,zavod=401,survey=TIMEOUT,brand=405,smm=200,ssh22=FAIL,tcp443=FAIL
2026-09-28T13:50:59Z,zavod=401,survey=200,brand=405,smm=200,ssh22=OK,tcp443=OK
2026-09-28T13:55:34Z,zavod=401,survey=200,brand=405,smm=200,ssh22=OK,tcp443=OK
2026-09-28T14:00:48Z,zavod=401,survey=200,brand=405,smm=200,ssh22=OK,tcp443=OK
2026-09-28T14:05:48Z,zavod=401,survey=200,brand=405,smm=200,ssh22=OK,tcp443=OK
2026-09-28T14:10:45Z,zavod=401,survey=200,brand=405,smm=200,ssh22=OK,tcp443=OK
2026-09-28T14:15:46Z,zavod=401,survey=200,brand=405,smm=200,ssh22=OK,tcp443=OK
2026-09-28T14:20:43Z,zavod=401,survey=200,brand=405,smm=200,ssh22=OK,tcp443=OK
2026-09-28T14:25:37Z,zavod=401,survey=200,brand=405,smm=200,ssh22=OK,tcp443=OK
2026-09-28T14:30:40Z,zavod=401,survey=200,brand=405,smm=200,ssh22=FAIL,tcp443=FAIL
2026-09-28T14:35:38Z,zavod=401,survey=200,brand=405,smm=200,ssh22=OK,tcp443=OK
2026-09-28T14:40:35Z,zavod=401,survey=200,brand=405,smm=200,ssh22=OK,tcp443=OK
2026-09-28T14:45:44Z,zavod=401,survey=TIMEOUT,brand=TIMEOUT,smm=200,ssh22=OK,tcp443=OK
2026-09-28T14:50:51Z,zavod=401,survey=200,brand=405,smm=200,ssh22=OK,tcp443=OK
2026-09-28T14:55:55Z,zavod=401,survey=200,brand=405,smm=200,ssh22=OK,tcp443=OK
2026-09-28T15:01:05Z,zavod=401,survey=200,brand=405,smm=200,ssh22=OK,tcp443=OK
2026-09-28T15:05:32Z,zavod=401,survey=200,brand=405,smm=200,ssh22=OK,tcp443=OK
2026-09-28T15:10:59Z,zavod=401,survey=200,brand=405,smm=200,ssh22=OK,tcp443=OK
2026-09-28T15:15:36Z,zavod=401,survey=200,brand=405,smm=200,ssh22=OK,tcp443=OK
2026-09-28T15:20:31Z,zavod=401,survey=200,brand=405,smm=200,ssh22=OK,tcp443=OK
2026-09-28T15:25:33Z,zavod=401,survey=200,brand=405,smm=200,ssh22=OK,tcp443=OK
2026-09-28T15:31:05Z,zavod=401,survey=TIMEOUT,brand=TIMEOUT,smm=200,ssh22=OK,tcp443=OK
2026-09-28T15:35:51Z,zavod=401,survey=TIMEOUT,brand=405,smm=200,ssh22=OK,tcp443=OK
2026-09-28T15:40:46Z,zavod=401,survey=200,brand=405,smm=200,ssh22=OK,tcp443=OK
2026-09-28T15:45:41Z,zavod=401,survey=200,brand=405,smm=200,ssh22=OK,tcp443=OK
2026-09-28T15:50:36Z,zavod=401,survey=TIMEOUT,brand=405,smm=200,ssh22=OK,tcp443=OK
2026-09-28T15:55:27Z,zavod=401,survey=200,brand=405,smm=200,ssh22=OK,tcp443=OK
2026-09-28T16:00:46Z,zavod=401,survey=200,brand=405,smm=200,ssh22=OK,tcp443=OK
2026-09-28T16:05:42Z,zavod=401,survey=200,brand=405,smm=200,ssh22=OK,tcp443=OK
2026-09-28T16:10:37Z,zavod=401,survey=200,brand=405,smm=200,ssh22=OK,tcp443=OK
2026-09-28T16:15:53Z,zavod=401,survey=200,brand=405,smm=200,ssh22=OK,tcp443=OK
2026-09-28T16:20:58Z,zavod=401,survey=200,brand=405,smm=200,ssh22=OK,tcp443=OK
2026-09-28T16:25:49Z,zavod=401,survey=200,brand=TIMEOUT,smm=200,ssh22=OK,tcp443=OK
2026-09-28T16:30:59Z,zavod=401,survey=200,brand=405,smm=200,ssh22=OK,tcp443=OK
2026-09-28T16:35:52Z,zavod=401,survey=200,brand=405,smm=200,ssh22=OK,tcp443=OK
2026-09-28T16:40:46Z,zavod=401,survey=TIMEOUT,brand=405,smm=200,ssh22=OK,tcp443=OK
2026-09-28T16:45:42Z,zavod=401,survey=200,brand=405,smm=200,ssh22=OK,tcp443=OK
2026-09-28T16:50:36Z,zavod=401,survey=TIMEOUT,brand=405,smm=200,ssh22=OK,tcp443=OK
2026-09-28T16:55:25Z,zavod=401,survey=TIMEOUT,brand=TIMEOUT,smm=200,ssh22=OK,tcp443=OK
2026-09-28T17:01:14Z,zavod=401,survey=TIMEOUT,brand=TIMEOUT,smm=TIMEOUT,ssh22=OK,tcp443=OK
2026-09-28T17:05:39Z,zavod=401,survey=TIMEOUT,brand=405,smm=200,ssh22=OK,tcp443=OK
2026-09-28T17:10:33Z,zavod=401,survey=200,brand=405,smm=200,ssh22=FAIL,tcp443=FAIL
2026-09-28T17:15:38Z,zavod=401,survey=200,brand=405,smm=200,ssh22=OK,tcp443=OK
2026-09-28T17:20:45Z,zavod=401,survey=200,brand=405,smm=200,ssh22=OK,tcp443=OK
2026-09-28T17:25:36Z,zavod=401,survey=TIMEOUT,brand=405,smm=200,ssh22=OK,tcp443=OK
2026-09-28T17:31:06Z,zavod=401,survey=200,brand=405,smm=200,ssh22=FAIL,tcp443=FAIL
2026-09-28T17:35:28Z,zavod=401,survey=200,brand=405,smm=200,ssh22=OK,tcp443=OK
2026-09-28T17:40:52Z,zavod=401,survey=200,brand=405,smm=200,ssh22=OK,tcp443=OK
2026-09-28T17:45:47Z,zavod=401,survey=200,brand=405,smm=200,ssh22=OK,tcp443=OK
2026-09-28T17:50:40Z,zavod=401,survey=200,brand=405,smm=200,ssh22=FAIL,tcp443=FAIL
2026-09-28T17:55:29Z,zavod=401,survey=TIMEOUT,brand=405,smm=200,ssh22=OK,tcp443=OK
2026-09-28T18:01:08Z,zavod=401,survey=200,brand=405,smm=200,ssh22=OK,tcp443=OK
2026-09-28T18:05:32Z,zavod=401,survey=200,brand=405,smm=200,ssh22=OK,tcp443=OK
2026-09-28T18:10:55Z,zavod=401,survey=200,brand=405,smm=200,ssh22=OK,tcp443=OK
2026-09-28T18:15:49Z,zavod=401,survey=TIMEOUT,brand=405,smm=200,ssh22=OK,tcp443=OK
2026-09-28T18:20:43Z,zavod=401,survey=200,brand=405,smm=200,ssh22=OK,tcp443=OK
2026-09-28T18:25:33Z,zavod=401,survey=TIMEOUT,brand=405,smm=200,ssh22=OK,tcp443=OK
2026-09-28T18:31:02Z,zavod=401,survey=200,brand=405,smm=200,ssh22=OK,tcp443=OK
2026-09-28T18:35:53Z,zavod=401,survey=200,brand=405,smm=200,ssh22=OK,tcp443=OK
2026-09-28T18:40:46Z,zavod=401,survey=200,brand=405,smm=200,ssh22=OK,tcp443=OK
2026-09-28T18:45:51Z,zavod=401,survey=200,brand=405,smm=200,ssh22=OK,tcp443=OK
2026-09-28T18:50:44Z,zavod=401,survey=200,brand=405,smm=200,ssh22=OK,tcp443=OK
2026-09-28T18:55:33Z,zavod=401,survey=200,brand=405,smm=200,ssh22=OK,tcp443=OK
2026-09-28T19:00:49Z,zavod=401,survey=200,brand=405,smm=200,ssh22=OK,tcp443=OK
2026-09-28T19:05:43Z,zavod=401,survey=TIMEOUT,brand=405,smm=200,ssh22=OK,tcp443=OK
2026-09-28T19:10:36Z,zavod=401,survey=200,brand=405,smm=200,ssh22=OK,tcp443=OK
2026-09-28T19:15:58Z,zavod=401,survey=200,brand=405,smm=200,ssh22=FAIL,tcp443=FAIL
2026-09-28T19:20:52Z,zavod=401,survey=200,brand=405,smm=200,ssh22=OK,tcp443=OK
2026-09-28T19:25:42Z,zavod=401,survey=200,brand=405,smm=200,ssh22=OK,tcp443=OK
2026-09-28T19:30:53Z,zavod=401,survey=200,brand=405,smm=200,ssh22=OK,tcp443=OK
2026-09-28T19:35:44Z,zavod=401,survey=TIMEOUT,brand=TIMEOUT,smm=200,ssh22=OK,tcp443=OK
2026-09-28T19:40:36Z,zavod=401,survey=200,brand=405,smm=200,ssh22=OK,tcp443=OK
2026-09-28T19:46:00Z,zavod=401,survey=200,brand=405,smm=200,ssh22=OK,tcp443=OK
2026-09-28T19:50:52Z,zavod=401,survey=TIMEOUT,brand=405,smm=200,ssh22=OK,tcp443=OK
2026-09-28T19:55:40Z,zavod=401,survey=TIMEOUT,brand=405,smm=200,ssh22=OK,tcp443=OK
2026-09-28T20:00:46Z,zavod=401,survey=200,brand=405,smm=200,ssh22=OK,tcp443=OK
2026-09-28T20:05:38Z,zavod=401,survey=200,brand=405,smm=200,ssh22=OK,tcp443=OK
2026-09-28T20:10:29Z,zavod=401,survey=200,brand=405,smm=200,ssh22=OK,tcp443=OK
2026-09-28T20:15:52Z,zavod=401,survey=200,brand=405,smm=200,ssh22=OK,tcp443=OK
2026-09-28T20:20:44Z,zavod=401,survey=200,brand=405,smm=200,ssh22=OK,tcp443=OK
2026-09-28T20:25:44Z,zavod=401,survey=TIMEOUT,brand=405,smm=200,ssh22=OK,tcp443=OK
2026-09-28T20:30:41Z,zavod=401,survey=200,brand=405,smm=200,ssh22=OK,tcp443=OK
2026-09-28T20:35:31Z,zavod=401,survey=TIMEOUT,brand=TIMEOUT,smm=200,ssh22=OK,tcp443=OK
2026-09-28T20:40:33Z,zavod=401,survey=200,brand=405,smm=200,ssh22=OK,tcp443=OK
2026-09-28T20:45:55Z,zavod=401,survey=TIMEOUT,brand=TIMEOUT,smm=200,ssh22=OK,tcp443=OK
2026-09-28T20:50:57Z,zavod=401,survey=200,brand=405,smm=200,ssh22=OK,tcp443=OK
2026-09-28T20:55:45Z,zavod=401,survey=TIMEOUT,brand=405,smm=200,ssh22=OK,tcp443=OK
2026-09-28T21:00:50Z,zavod=401,survey=TIMEOUT,brand=405,smm=200,ssh22=OK,tcp443=OK
2026-09-28T21:05:43Z,zavod=401,survey=200,brand=405,smm=200,ssh22=OK,tcp443=OK
2026-09-28T21:10:34Z,zavod=401,survey=200,brand=405,smm=200,ssh22=OK,tcp443=OK
2026-09-28T21:15:54Z,zavod=401,survey=200,brand=405,smm=200,ssh22=OK,tcp443=OK
2026-09-28T21:20:45Z,zavod=401,survey=200,brand=405,smm=200,ssh22=OK,tcp443=OK
2026-09-28T21:25:42Z,zavod=401,survey=200,brand=405,smm=200,ssh22=OK,tcp443=OK
2026-09-28T21:30:38Z,zavod=401,survey=200,brand=405,smm=200,ssh22=OK,tcp443=OK
2026-09-28T21:35:27Z,zavod=401,survey=TIMEOUT,brand=TIMEOUT,smm=200,ssh22=OK,tcp443=OK
2026-09-28T21:40:48Z,zavod=401,survey=200,brand=405,smm=200,ssh22=OK,tcp443=OK
2026-09-28T21:45:38Z,zavod=401,survey=TIMEOUT,brand=405,smm=200,ssh22=OK,tcp443=OK
2026-09-28T21:50:28Z,zavod=401,survey=TIMEOUT,brand=405,smm=200,ssh22=OK,tcp443=OK
2026-09-28T21:55:38Z,zavod=401,survey=TIMEOUT,brand=405,smm=200,ssh22=OK,tcp443=OK
2026-09-28T22:01:07Z,zavod=401,survey=200,brand=405,smm=200,ssh22=OK,tcp443=OK
2026-09-28T22:05:42Z,zavod=401,survey=200,brand=405,smm=200,ssh22=OK,tcp443=OK
2026-09-28T22:10:36Z,zavod=401,survey=200,brand=405,smm=200,ssh22=OK,tcp443=OK
2026-09-28T22:15:31Z,zavod=401,survey=200,brand=405,smm=200,ssh22=OK,tcp443=OK
2026-09-28T22:20:56Z,zavod=401,survey=TIMEOUT,brand=405,smm=200,ssh22=FAIL,tcp443=FAIL
2026-09-28T22:25:28Z,zavod=401,survey=TIMEOUT,brand=405,smm=200,ssh22=OK,tcp443=OK
2026-09-28T22:30:38Z,zavod=401,survey=200,brand=405,smm=200,ssh22=OK,tcp443=OK
2026-09-28T22:35:31Z,zavod=401,survey=200,brand=405,smm=200,ssh22=OK,tcp443=OK
2026-09-28T22:40:56Z,zavod=401,survey=200,brand=405,smm=200,ssh22=OK,tcp443=OK
2026-09-28T22:45:52Z,zavod=401,survey=200,brand=405,smm=200,ssh22=OK,tcp443=OK
2026-09-28T22:50:57Z,zavod=401,survey=200,brand=405,smm=200,ssh22=OK,tcp443=OK
2026-09-28T22:55:49Z,zavod=401,survey=200,brand=405,smm=200,ssh22=OK,tcp443=OK
2026-09-28T23:00:57Z,zavod=401,survey=TIMEOUT,brand=405,smm=200,ssh22=OK,tcp443=OK
2026-09-28T23:05:53Z,zavod=401,survey=TIMEOUT,brand=TIMEOUT,smm=200,ssh22=OK,tcp443=OK
2026-09-28T23:10:47Z,zavod=401,survey=200,brand=405,smm=200,ssh22=OK,tcp443=OK
2026-09-28T23:15:41Z,zavod=401,survey=200,brand=405,smm=200,ssh22=OK,tcp443=OK
2026-09-28T23:20:36Z,zavod=401,survey=200,brand=405,smm=200,ssh22=OK,tcp443=OK
2026-09-28T23:25:27Z,zavod=401,survey=200,brand=405,smm=200,ssh22=OK,tcp443=OK
2026-09-28T23:30:57Z,zavod=401,survey=TIMEOUT,brand=405,smm=200,ssh22=OK,tcp443=OK
2026-09-28T23:35:49Z,zavod=401,survey=TIMEOUT,brand=405,smm=200,ssh22=OK,tcp443=OK
2026-09-28T23:40:53Z,zavod=401,survey=TIMEOUT,brand=TIMEOUT,smm=200,ssh22=OK,tcp443=OK
2026-09-28T23:45:49Z,zavod=401,survey=200,brand=405,smm=200,ssh22=OK,tcp443=OK
2026-09-28T23:50:44Z,zavod=401,survey=200,brand=405,smm=200,ssh22=OK,tcp443=OK
2026-09-28T23:55:35Z,zavod=401,survey=200,brand=405,smm=200,ssh22=OK,tcp443=OK
2026-09-29T00:01:17Z,zavod=401,survey=TIMEOUT,brand=TIMEOUT,smm=200,ssh22=OK,tcp443=OK
2026-09-29T00:05:43Z,zavod=401,survey=TIMEOUT,brand=405,smm=200,ssh22=OK,tcp443=OK
2026-09-29T00:10:39Z,zavod=401,survey=TIMEOUT,brand=405,smm=200,ssh22=OK,tcp443=OK
2026-09-29T00:15:34Z,zavod=401,survey=200,brand=405,smm=200,ssh22=OK,tcp443=OK
2026-09-29T00:20:59Z,zavod=401,survey=200,brand=405,smm=200,ssh22=OK,tcp443=OK
2026-09-29T00:25:51Z,zavod=401,survey=200,brand=405,smm=200,ssh22=OK,tcp443=OK
2026-09-29T00:31:01Z,zavod=401,survey=200,brand=405,smm=200,ssh22=OK,tcp443=OK
2026-09-29T00:35:54Z,zavod=401,survey=200,brand=405,smm=200,ssh22=OK,tcp443=OK
2026-09-29T00:40:49Z,zavod=401,survey=200,brand=405,smm=200,ssh22=OK,tcp443=OK
2026-09-29T00:45:44Z,zavod=401,survey=200,brand=405,smm=200,ssh22=OK,tcp443=OK
2026-09-29T00:50:39Z,zavod=401,survey=200,brand=405,smm=200,ssh22=OK,tcp443=OK
2026-09-29T00:55:30Z,zavod=401,survey=TIMEOUT,brand=405,smm=200,ssh22=OK,tcp443=OK
2026-09-29T01:01:08Z,zavod=401,survey=200,brand=405,smm=200,ssh22=OK,tcp443=OK
2026-09-29T01:05:44Z,zavod=401,survey=200,brand=405,smm=200,ssh22=OK,tcp443=OK
2026-09-29T01:10:39Z,zavod=401,survey=200,brand=405,smm=200,ssh22=OK,tcp443=OK
2026-09-29T01:15:36Z,zavod=401,survey=200,brand=405,smm=200,ssh22=OK,tcp443=OK
2026-09-29T01:20:41Z,zavod=401,survey=TIMEOUT,brand=405,smm=200,ssh22=OK,tcp443=OK
2026-09-29T01:25:32Z,zavod=401,survey=TIMEOUT,brand=405,smm=200,ssh22=OK,tcp443=OK
2026-09-29T01:31:03Z,zavod=401,survey=200,brand=405,smm=200,ssh22=OK,tcp443=OK
2026-09-29T01:35:25Z,zavod=401,survey=200,brand=405,smm=200,ssh22=OK,tcp443=OK
2026-09-29T01:40:50Z,zavod=401,survey=200,brand=405,smm=200,ssh22=OK,tcp443=OK
2026-09-29T01:45:46Z,zavod=401,survey=200,brand=405,smm=200,ssh22=OK,tcp443=OK
2026-09-29T01:50:40Z,zavod=401,survey=200,brand=405,smm=200,ssh22=OK,tcp443=OK
2026-09-29T01:55:31Z,zavod=401,survey=200,brand=405,smm=200,ssh22=OK,tcp443=OK
2026-09-29T02:01:10Z,zavod=401,survey=200,brand=405,smm=200,ssh22=OK,tcp443=OK
2026-09-29T02:05:36Z,zavod=401,survey=200,brand=405,smm=200,ssh22=OK,tcp443=OK
2026-09-29T02:10:31Z,zavod=401,survey=200,brand=405,smm=200,ssh22=OK,tcp443=OK
2026-09-29T02:15:58Z,zavod=401,survey=200,brand=405,smm=200,ssh22=OK,tcp443=OK
2026-09-29T02:20:54Z,zavod=401,survey=200,brand=405,smm=200,ssh22=OK,tcp443=OK
2026-09-29T02:25:26Z,zavod=401,survey=200,brand=405,smm=200,ssh22=OK,tcp443=OK
2026-09-29T02:30:38Z,zavod=401,survey=200,brand=405,smm=200,ssh22=OK,tcp443=OK
2026-09-29T02:35:33Z,zavod=401,survey=200,brand=405,smm=200,ssh22=OK,tcp443=OK
2026-09-29T02:40:59Z,zavod=401,survey=TIMEOUT,brand=TIMEOUT,smm=200,ssh22=OK,tcp443=OK
2026-09-29T02:45:56Z,zavod=401,survey=200,brand=405,smm=200,ssh22=OK,tcp443=OK
2026-09-29T02:50:51Z,zavod=401,survey=200,brand=405,smm=200,ssh22=OK,tcp443=OK
2026-09-29T02:55:54Z,zavod=401,survey=TIMEOUT,brand=TIMEOUT,smm=200,ssh22=OK,tcp443=OK
2026-09-29T03:01:15Z,zavod=401,survey=200,brand=405,smm=200,ssh22=OK,tcp443=OK
2026-09-29T03:05:53Z,zavod=401,survey=200,brand=405,smm=200,ssh22=OK,tcp443=OK
2026-09-29T03:10:48Z,zavod=401,survey=200,brand=405,smm=200,ssh22=OK,tcp443=OK
2026-09-29T03:15:46Z,zavod=401,survey=200,brand=405,smm=200,ssh22=OK,tcp443=OK
2026-09-29T03:20:52Z,zavod=401,survey=200,brand=405,smm=200,ssh22=OK,tcp443=OK
2026-09-29T03:25:45Z,zavod=401,survey=200,brand=TIMEOUT,smm=200,ssh22=OK,tcp443=OK
2026-09-29T03:30:47Z,zavod=401,survey=200,brand=405,smm=200,ssh22=OK,tcp443=OK
2026-09-29T03:35:42Z,zavod=401,survey=200,brand=405,smm=200,ssh22=OK,tcp443=OK
2026-09-29T03:40:49Z,zavod=TIMEOUT,survey=200,brand=405,smm=200,ssh22=OK,tcp443=OK
2026-09-29T03:45:45Z,zavod=401,survey=TIMEOUT,brand=405,smm=200,ssh22=OK,tcp443=OK
2026-09-29T03:50:52Z,zavod=401,survey=200,brand=405,smm=200,ssh22=OK,tcp443=OK
2026-09-29T03:55:46Z,zavod=401,survey=200,brand=405,smm=200,ssh22=OK,tcp443=OK
2026-09-29T04:00:57Z,zavod=401,survey=200,brand=405,smm=200,ssh22=OK,tcp443=OK
2026-09-29T04:05:55Z,zavod=401,survey=200,brand=405,smm=200,ssh22=OK,tcp443=OK
2026-09-29T04:10:52Z,zavod=401,survey=200,brand=405,smm=200,ssh22=OK,tcp443=OK
2026-09-29T04:15:51Z,zavod=401,survey=200,brand=405,smm=200,ssh22=OK,tcp443=OK
2026-09-29T04:20:49Z,zavod=401,survey=200,brand=405,smm=200,ssh22=OK,tcp443=OK
2026-09-29T04:25:43Z,zavod=401,survey=200,brand=405,smm=200,ssh22=OK,tcp443=OK
2026-09-29T04:30:55Z,zavod=401,survey=200,brand=405,smm=200,ssh22=OK,tcp443=OK
2026-09-29T04:35:50Z,zavod=401,survey=200,brand=405,smm=200,ssh22=FAIL,tcp443=FAIL
2026-09-29T04:40:48Z,zavod=401,survey=200,brand=405,smm=200,ssh22=OK,tcp443=OK
2026-09-29T04:45:46Z,zavod=401,survey=TIMEOUT,brand=405,smm=200,ssh22=OK,tcp443=OK
2026-09-29T04:50:43Z,zavod=401,survey=200,brand=405,smm=200,ssh22=OK,tcp443=OK
2026-09-29T04:55:37Z,zavod=401,survey=200,brand=405,smm=200,ssh22=OK,tcp443=OK
2026-09-29T05:00:50Z,zavod=401,survey=200,brand=405,smm=200,ssh22=OK,tcp443=OK
2026-09-29T05:05:49Z,zavod=401,survey=TIMEOUT,brand=405,smm=200,ssh22=OK,tcp443=OK
2026-09-29T05:10:48Z,zavod=401,survey=TIMEOUT,brand=405,smm=200,ssh22=OK,tcp443=OK
2026-09-29T05:15:48Z,zavod=401,survey=200,brand=405,smm=200,ssh22=OK,tcp443=OK
2026-09-29T05:20:57Z,zavod=401,survey=200,brand=405,smm=200,ssh22=OK,tcp443=OK
2026-09-29T05:25:31Z,zavod=401,survey=200,brand=405,smm=200,ssh22=OK,tcp443=OK
2026-09-29T05:30:45Z,zavod=401,survey=200,brand=405,smm=200,ssh22=OK,tcp443=OK
2026-09-29T05:35:42Z,zavod=401,survey=TIMEOUT,brand=405,smm=200,ssh22=OK,tcp443=OK
2026-09-29T05:40:40Z,zavod=401,survey=200,brand=405,smm=200,ssh22=OK,tcp443=OK
2026-09-29T05:45:39Z,zavod=401,survey=200,brand=405,smm=200,ssh22=OK,tcp443=OK
2026-09-29T05:50:37Z,zavod=401,survey=200,brand=405,smm=200,ssh22=OK,tcp443=OK
2026-09-29T05:55:42Z,zavod=401,survey=200,brand=405,smm=200,ssh22=OK,tcp443=OK
2026-09-29T06:00:59Z,zavod=401,survey=200,brand=405,smm=200,ssh22=OK,tcp443=OK
2026-09-29T06:05:31Z,zavod=401,survey=200,brand=405,smm=200,ssh22=OK,tcp443=OK
2026-09-29T06:10:32Z,zavod=401,survey=200,brand=405,smm=200,ssh22=OK,tcp443=OK
2026-09-29T06:15:33Z,zavod=401,survey=TIMEOUT,brand=TIMEOUT,smm=TIMEOUT,ssh22=OK,tcp443=OK
2026-09-29T06:20:34Z,zavod=401,survey=200,brand=405,smm=200,ssh22=OK,tcp443=OK
2026-09-29T06:25:31Z,zavod=401,survey=200,brand=405,smm=200,ssh22=OK,tcp443=OK
2026-09-29T06:31:09Z,zavod=401,survey=200,brand=405,smm=200,ssh22=OK,tcp443=OK
2026-09-29T06:35:47Z,zavod=401,survey=200,brand=405,smm=200,ssh22=OK,tcp443=OK
2026-09-29T06:40:47Z,zavod=401,survey=200,brand=405,smm=200,ssh22=OK,tcp443=OK
2026-09-29T06:45:49Z,zavod=401,survey=TIMEOUT,brand=TIMEOUT,smm=200,ssh22=OK,tcp443=OK
2026-09-29T06:50:51Z,zavod=401,survey=200,brand=405,smm=200,ssh22=OK,tcp443=OK
2026-09-29T06:55:51Z,zavod=401,survey=200,brand=405,smm=200,ssh22=OK,tcp443=OK
2026-09-29T07:01:18Z,zavod=401,survey=200,brand=405,smm=200,ssh22=OK,tcp443=OK
2026-09-29T07:05:31Z,zavod=401,survey=200,brand=405,smm=200,ssh22=OK,tcp443=OK
2026-09-29T07:10:33Z,zavod=401,survey=200,brand=405,smm=200,ssh22=OK,tcp443=OK
2026-09-29T07:15:36Z,zavod=401,survey=TIMEOUT,brand=405,smm=200,ssh22=OK,tcp443=OK
2026-09-29T07:20:39Z,zavod=401,survey=200,brand=405,smm=200,ssh22=OK,tcp443=OK
2026-09-29T07:25:48Z,zavod=401,survey=200,brand=405,smm=200,ssh22=OK,tcp443=OK
2026-09-29T07:30:46Z,zavod=401,survey=TIMEOUT,brand=405,smm=200,ssh22=OK,tcp443=OK
2026-09-29T07:35:57Z,zavod=401,survey=200,brand=405,smm=200,ssh22=OK,tcp443=OK
2026-09-29T07:40:59Z,zavod=401,survey=200,brand=405,smm=200,ssh22=OK,tcp443=OK
2026-09-29T07:45:34Z,zavod=401,survey=200,brand=405,smm=200,ssh22=OK,tcp443=OK
2026-09-29T07:50:37Z,zavod=401,survey=TIMEOUT,brand=405,smm=200,ssh22=OK,tcp443=OK
2026-09-29T07:55:27Z,zavod=401,survey=TIMEOUT,brand=405,smm=200,ssh22=OK,tcp443=OK
2026-09-29T08:01:15Z,zavod=401,survey=TIMEOUT,brand=TIMEOUT,smm=200,ssh22=OK,tcp443=OK
2026-09-29T08:05:49Z,zavod=401,survey=200,brand=405,smm=200,ssh22=OK,tcp443=OK
2026-09-29T08:10:50Z,zavod=401,survey=200,brand=405,smm=200,ssh22=OK,tcp443=OK
2026-09-29T08:15:54Z,zavod=401,survey=200,brand=405,smm=200,ssh22=OK,tcp443=OK
2026-09-29T08:20:58Z,zavod=401,survey=200,brand=405,smm=200,ssh22=OK,tcp443=OK
2026-09-29T08:25:39Z,zavod=401,survey=200,brand=405,smm=200,ssh22=OK,tcp443=OK
2026-09-29T08:30:49Z,zavod=401,survey=TIMEOUT,brand=405,smm=200,ssh22=OK,tcp443=OK
2026-09-29T08:35:53Z,zavod=401,survey=200,brand=405,smm=200,ssh22=OK,tcp443=OK
2026-09-29T08:40:35Z,zavod=401,survey=200,brand=405,smm=200,ssh22=OK,tcp443=OK
2026-09-29T08:45:50Z,zavod=401,survey=200,brand=405,smm=200,ssh22=OK,tcp443=OK
2026-09-29T08:50:54Z,zavod=401,survey=TIMEOUT,brand=405,smm=200,ssh22=OK,tcp443=OK
2026-09-29T08:55:55Z,zavod=401,survey=200,brand=405,smm=200,ssh22=OK,tcp443=OK
2026-09-29T09:00:55Z,zavod=401,survey=200,brand=405,smm=200,ssh22=OK,tcp443=OK
2026-09-29T09:05:33Z,zavod=401,survey=200,brand=405,smm=200,ssh22=OK,tcp443=OK
2026-09-29T09:11:02Z,zavod=401,survey=200,brand=405,smm=200,ssh22=OK,tcp443=OK
2026-09-29T09:15:40Z,zavod=401,survey=200,brand=405,smm=200,ssh22=OK,tcp443=OK
2026-09-29T09:20:48Z,zavod=401,survey=TIMEOUT,brand=405,smm=200,ssh22=OK,tcp443=OK
2026-09-29T09:25:50Z,zavod=401,survey=200,brand=405,smm=200,ssh22=OK,tcp443=OK
2026-09-29T09:30:42Z,zavod=401,survey=200,brand=405,smm=200,ssh22=OK,tcp443=OK
2026-09-29T09:35:56Z,zavod=401,survey=200,brand=405,smm=200,ssh22=OK,tcp443=OK
2026-09-29T09:40:42Z,zavod=401,survey=TIMEOUT,brand=405,smm=200,ssh22=OK,tcp443=OK
2026-09-29T09:46:00Z,zavod=401,survey=TIMEOUT,brand=TIMEOUT,smm=200,ssh22=OK,tcp443=OK
2026-09-29T09:50:35Z,zavod=401,survey=200,brand=405,smm=200,ssh22=OK,tcp443=OK
2026-09-29T09:55:46Z,zavod=401,survey=TIMEOUT,brand=TIMEOUT,smm=200,ssh22=OK,tcp443=OK
2026-09-29T10:01:06Z,zavod=401,survey=200,brand=405,smm=200,ssh22=OK,tcp443=OK
2026-09-29T10:05:52Z,zavod=401,survey=200,brand=405,smm=200,ssh22=OK,tcp443=OK
2026-09-29T10:10:33Z,zavod=401,survey=200,brand=405,smm=200,ssh22=OK,tcp443=OK
2026-09-29T10:15:37Z,zavod=401,survey=200,brand=405,smm=200,ssh22=OK,tcp443=OK
2026-09-29T10:20:40Z,zavod=401,survey=200,brand=405,smm=200,ssh22=OK,tcp443=OK
2026-09-29T10:25:49Z,zavod=401,survey=200,brand=405,smm=200,ssh22=OK,tcp443=OK
2026-09-29T10:30:58Z,zavod=401,survey=TIMEOUT,brand=405,smm=200,ssh22=OK,tcp443=OK
2026-09-29T10:35:29Z,zavod=401,survey=200,brand=405,smm=200,ssh22=OK,tcp443=OK
2026-09-29T10:40:33Z,zavod=401,survey=200,brand=405,smm=200,ssh22=OK,tcp443=OK
2026-09-29T10:45:38Z,zavod=401,survey=TIMEOUT,brand=405,smm=200,ssh22=OK,tcp443=OK
2026-09-29T10:50:42Z,zavod=401,survey=TIMEOUT,brand=405,smm=200,ssh22=OK,tcp443=OK
2026-09-29T10:55:42Z,zavod=401,survey=TIMEOUT,brand=405,smm=200,ssh22=OK,tcp443=OK
2026-09-29T11:01:00Z,zavod=401,survey=200,brand=405,smm=200,ssh22=OK,tcp443=OK
2026-09-29T11:05:36Z,zavod=401,survey=TIMEOUT,brand=405,smm=200,ssh22=OK,tcp443=OK
2026-09-29T11:10:37Z,zavod=401,survey=200,brand=405,smm=200,ssh22=OK,tcp443=OK
2026-09-29T11:15:43Z,zavod=401,survey=TIMEOUT,brand=405,smm=200,ssh22=OK,tcp443=OK
2026-09-29T11:20:46Z,zavod=401,survey=200,brand=405,smm=200,ssh22=OK,tcp443=OK
2026-09-29T11:25:45Z,zavod=401,survey=200,brand=405,smm=200,ssh22=OK,tcp443=OK
2026-09-29T11:30:54Z,zavod=401,survey=200,brand=405,smm=200,ssh22=OK,tcp443=OK
2026-09-29T11:35:55Z,zavod=401,survey=TIMEOUT,brand=405,smm=200,ssh22=OK,tcp443=OK
2026-09-29T11:40:57Z,zavod=401,survey=200,brand=405,smm=200,ssh22=OK,tcp443=OK
2026-09-29T11:46:00Z,zavod=401,survey=TIMEOUT,brand=TIMEOUT,smm=TIMEOUT,ssh22=OK,tcp443=OK
2026-09-29T11:50:43Z,zavod=401,survey=200,brand=405,smm=200,ssh22=OK,tcp443=OK
2026-09-29T11:55:43Z,zavod=401,survey=TIMEOUT,brand=405,smm=200,ssh22=FAIL,tcp443=FAIL
2026-09-29T12:01:02Z,zavod=401,survey=200,brand=405,smm=200,ssh22=OK,tcp443=OK
2026-09-29T12:05:35Z,zavod=401,survey=200,brand=405,smm=200,ssh22=OK,tcp443=OK
2026-09-29T12:10:37Z,zavod=401,survey=200,brand=405,smm=200,ssh22=OK,tcp443=OK
2026-09-29T12:15:51Z,zavod=401,survey=200,brand=405,smm=200,ssh22=OK,tcp443=OK
2026-09-29T12:20:53Z,zavod=401,survey=TIMEOUT,brand=405,smm=200,ssh22=OK,tcp443=OK
2026-09-29T12:25:51Z,zavod=401,survey=200,brand=405,smm=200,ssh22=OK,tcp443=OK
2026-09-29T12:30:57Z,zavod=401,survey=200,brand=405,smm=200,ssh22=OK,tcp443=OK
2026-09-29T12:35:56Z,zavod=401,survey=200,brand=405,smm=200,ssh22=OK,tcp443=OK
2026-09-29T12:40:56Z,zavod=401,survey=200,brand=405,smm=200,ssh22=OK,tcp443=OK
2026-09-29T12:45:58Z,zavod=401,survey=TIMEOUT,brand=405,smm=200,ssh22=OK,tcp443=OK
2026-09-29T12:51:00Z,zavod=401,survey=200,brand=405,smm=200,ssh22=OK,tcp443=OK
2026-09-29T12:55:56Z,zavod=401,survey=TIMEOUT,brand=405,smm=200,ssh22=OK,tcp443=OK
2026-09-29T13:01:09Z,zavod=401,survey=200,brand=405,smm=200,ssh22=OK,tcp443=OK
2026-09-29T13:05:40Z,zavod=401,survey=TIMEOUT,brand=405,smm=200,ssh22=OK,tcp443=OK
2026-09-29T13:10:39Z,zavod=401,survey=TIMEOUT,brand=405,smm=200,ssh22=OK,tcp443=OK
2026-09-29T13:15:39Z,zavod=401,survey=TIMEOUT,brand=TIMEOUT,smm=200,ssh22=OK,tcp443=OK
2026-09-29T13:20:38Z,zavod=401,survey=200,brand=405,smm=200,ssh22=OK,tcp443=OK
2026-09-29T13:25:44Z,zavod=401,survey=200,brand=405,smm=200,ssh22=OK,tcp443=OK
2026-09-29T13:30:48Z,zavod=401,survey=200,brand=405,smm=200,ssh22=OK,tcp443=OK
2026-09-29T13:35:55Z,zavod=401,survey=TIMEOUT,brand=405,smm=200,ssh22=OK,tcp443=OK
2026-09-29T13:40:54Z,zavod=401,survey=200,brand=405,smm=200,ssh22=OK,tcp443=OK
2026-09-29T13:45:54Z,zavod=401,survey=200,brand=405,smm=200,ssh22=OK,tcp443=OK
2026-09-29T13:50:54Z,zavod=401,survey=200,brand=405,smm=200,ssh22=OK,tcp443=OK
2026-09-29T13:55:49Z,zavod=401,survey=TIMEOUT,brand=405,smm=200,ssh22=OK,tcp443=OK
2026-09-29T14:01:03Z,zavod=401,survey=200,brand=405,smm=200,ssh22=OK,tcp443=OK
2026-09-29T14:05:32Z,zavod=401,survey=200,brand=405,smm=200,ssh22=OK,tcp443=OK
2026-09-29T14:10:41Z,zavod=401,survey=200,brand=405,smm=200,ssh22=OK,tcp443=OK
2026-09-29T14:15:41Z,zavod=401,survey=TIMEOUT,brand=405,smm=200,ssh22=OK,tcp443=OK
2026-09-29T14:20:43Z,zavod=401,survey=TIMEOUT,brand=405,smm=200,ssh22=OK,tcp443=OK
2026-09-29T14:25:30Z,zavod=401,survey=200,brand=405,smm=200,ssh22=OK,tcp443=OK
2026-09-29T14:31:07Z,zavod=401,survey=TIMEOUT,brand=TIMEOUT,smm=200,ssh22=OK,tcp443=OK
2026-09-29T14:35:34Z,zavod=401,survey=200,brand=405,smm=200,ssh22=OK,tcp443=OK
2026-09-29T14:40:34Z,zavod=401,survey=200,brand=405,smm=200,ssh22=OK,tcp443=OK
2026-09-29T14:45:33Z,zavod=401,survey=200,brand=405,smm=200,ssh22=OK,tcp443=OK
2026-09-29T14:50:32Z,zavod=401,survey=TIMEOUT,brand=405,smm=200,ssh22=OK,tcp443=OK
2026-09-29T14:55:28Z,zavod=401,survey=200,brand=405,smm=200,ssh22=OK,tcp443=OK
2026-09-29T15:00:56Z,zavod=401,survey=200,brand=405,smm=200,ssh22=OK,tcp443=OK
2026-09-29T15:05:28Z,zavod=401,survey=200,brand=405,smm=200,ssh22=OK,tcp443=OK
2026-09-29T15:10:57Z,zavod=401,survey=200,brand=405,smm=200,ssh22=OK,tcp443=OK
2026-09-29T15:15:57Z,zavod=401,survey=TIMEOUT,brand=405,smm=200,ssh22=OK,tcp443=OK
2026-09-29T15:20:40Z,zavod=401,survey=200,brand=405,smm=200,ssh22=OK,tcp443=OK
2026-09-29T15:25:36Z,zavod=401,survey=200,brand=TIMEOUT,smm=TIMEOUT,ssh22=OK,tcp443=OK
2026-09-29T15:30:39Z,zavod=401,survey=200,brand=405,smm=200,ssh22=OK,tcp443=OK
2026-09-29T15:35:45Z,zavod=401,survey=200,brand=405,smm=200,ssh22=OK,tcp443=OK
2026-09-29T15:40:41Z,zavod=401,survey=TIMEOUT,brand=405,smm=200,ssh22=OK,tcp443=OK
2026-09-29T15:45:38Z,zavod=401,survey=200,brand=405,smm=200,ssh22=OK,tcp443=OK
2026-09-29T15:50:34Z,zavod=401,survey=TIMEOUT,brand=405,smm=200,ssh22=OK,tcp443=OK
2026-09-29T15:55:27Z,zavod=401,survey=TIMEOUT,brand=405,smm=200,ssh22=OK,tcp443=OK
2026-09-29T16:01:10Z,zavod=401,survey=200,brand=405,smm=200,ssh22=OK,tcp443=OK
2026-09-29T16:05:37Z,zavod=401,survey=200,brand=405,smm=200,ssh22=OK,tcp443=OK
2026-09-29T16:10:34Z,zavod=TIMEOUT,survey=200,brand=405,smm=200,ssh22=OK,tcp443=OK
2026-09-29T16:15:31Z,zavod=401,survey=TIMEOUT,brand=405,smm=200,ssh22=OK,tcp443=OK
2026-09-29T16:20:59Z,zavod=401,survey=200,brand=405,smm=200,ssh22=OK,tcp443=OK
2026-09-29T16:25:53Z,zavod=401,survey=200,brand=405,smm=200,ssh22=OK,tcp443=OK
2026-09-29T16:30:47Z,zavod=401,survey=TIMEOUT,brand=405,smm=200,ssh22=OK,tcp443=OK
2026-09-29T16:35:54Z,zavod=401,survey=200,brand=405,smm=200,ssh22=OK,tcp443=OK
2026-09-29T16:40:53Z,zavod=401,survey=200,brand=TIMEOUT,smm=200,ssh22=OK,tcp443=OK
2026-09-29T16:45:53Z,zavod=401,survey=200,brand=405,smm=200,ssh22=OK,tcp443=OK
2026-09-29T16:50:53Z,zavod=401,survey=200,brand=405,smm=200,ssh22=OK,tcp443=OK
2026-09-29T16:55:28Z,zavod=401,survey=200,brand=405,smm=200,ssh22=OK,tcp443=OK
2026-09-29T17:01:12Z,zavod=401,survey=200,brand=405,smm=200,ssh22=OK,tcp443=OK
2026-09-29T17:05:41Z,zavod=401,survey=200,brand=405,smm=200,ssh22=OK,tcp443=OK
2026-09-29T17:10:40Z,zavod=401,survey=200,brand=TIMEOUT,smm=200,ssh22=OK,tcp443=OK
2026-09-29T17:15:49Z,zavod=401,survey=200,brand=405,smm=200,ssh22=OK,tcp443=OK
2026-09-29T17:20:58Z,zavod=401,survey=200,brand=405,smm=200,ssh22=OK,tcp443=OK
2026-09-29T17:25:32Z,zavod=401,survey=200,brand=405,smm=200,ssh22=OK,tcp443=OK
2026-09-29T17:31:07Z,zavod=401,survey=200,brand=405,smm=200,ssh22=OK,tcp443=OK
2026-09-29T17:35:35Z,zavod=401,survey=TIMEOUT,brand=405,smm=200,ssh22=OK,tcp443=OK
2026-09-29T17:40:33Z,zavod=401,survey=200,brand=405,smm=200,ssh22=OK,tcp443=OK
2026-09-29T17:45:31Z,zavod=401,survey=200,brand=405,smm=200,ssh22=OK,tcp443=OK
2026-09-29T17:50:59Z,zavod=401,survey=TIMEOUT,brand=405,smm=200,ssh22=OK,tcp443=OK
2026-09-29T17:55:53Z,zavod=401,survey=200,brand=405,smm=200,ssh22=OK,tcp443=OK
2026-09-29T18:01:17Z,zavod=401,survey=200,brand=405,smm=200,ssh22=OK,tcp443=OK
2026-09-29T18:05:47Z,zavod=401,survey=200,brand=405,smm=200,ssh22=OK,tcp443=OK
2026-09-29T18:10:43Z,zavod=401,survey=200,brand=405,smm=200,ssh22=OK,tcp443=OK
2026-09-29T18:15:41Z,zavod=401,survey=TIMEOUT,brand=405,smm=200,ssh22=OK,tcp443=OK
2026-09-29T18:20:39Z,zavod=401,survey=200,brand=405,smm=200,ssh22=OK,tcp443=OK
2026-09-29T18:25:32Z,zavod=401,survey=200,brand=405,smm=200,ssh22=OK,tcp443=OK
2026-09-29T18:31:05Z,zavod=401,survey=200,brand=405,smm=200,ssh22=OK,tcp443=OK
2026-09-29T18:35:30Z,zavod=401,survey=TIMEOUT,brand=TIMEOUT,smm=200,ssh22=OK,tcp443=OK
2026-09-29T18:40:56Z,zavod=401,survey=200,brand=405,smm=200,ssh22=OK,tcp443=OK
2026-09-29T18:45:53Z,zavod=401,survey=TIMEOUT,brand=TIMEOUT,smm=200,ssh22=OK,tcp443=OK
2026-09-29T18:50:59Z,zavod=401,survey=200,brand=405,smm=200,ssh22=OK,tcp443=OK
2026-09-29T18:55:52Z,zavod=401,survey=200,brand=405,smm=200,ssh22=OK,tcp443=OK
2026-09-29T19:01:00Z,zavod=401,survey=TIMEOUT,brand=405,smm=200,ssh22=OK,tcp443=OK
2026-09-29T19:05:56Z,zavod=401,survey=TIMEOUT,brand=TIMEOUT,smm=200,ssh22=OK,tcp443=OK
2026-09-29T19:10:50Z,zavod=401,survey=TIMEOUT,brand=405,smm=200,ssh22=OK,tcp443=OK
2026-09-29T19:15:46Z,zavod=401,survey=200,brand=405,smm=200,ssh22=OK,tcp443=OK
2026-09-29T19:20:53Z,zavod=401,survey=200,brand=405,smm=200,ssh22=OK,tcp443=OK
2026-09-29T19:25:45Z,zavod=401,survey=200,brand=405,smm=200,ssh22=OK,tcp443=OK
2026-09-29T19:30:45Z,zavod=401,survey=200,brand=405,smm=200,ssh22=OK,tcp443=OK
2026-09-29T19:35:37Z,zavod=401,survey=TIMEOUT,brand=405,smm=200,ssh22=OK,tcp443=OK
2026-09-29T19:40:31Z,zavod=401,survey=200,brand=405,smm=200,ssh22=OK,tcp443=OK
2026-09-29T19:45:55Z,zavod=401,survey=TIMEOUT,brand=TIMEOUT,smm=200,ssh22=OK,tcp443=OK
2026-09-29T19:50:48Z,zavod=401,survey=200,brand=405,smm=200,ssh22=OK,tcp443=OK
2026-09-29T19:55:47Z,zavod=401,survey=TIMEOUT,brand=405,smm=200,ssh22=OK,tcp443=OK
2026-09-29T20:00:53Z,zavod=401,survey=TIMEOUT,brand=405,smm=200,ssh22=OK,tcp443=OK
2026-09-29T20:05:46Z,zavod=401,survey=200,brand=405,smm=200,ssh22=OK,tcp443=OK
2026-09-29T20:10:38Z,zavod=401,survey=TIMEOUT,brand=405,smm=200,ssh22=OK,tcp443=OK
2026-09-29T20:15:31Z,zavod=401,survey=200,brand=405,smm=200,ssh22=OK,tcp443=OK
2026-09-29T20:20:54Z,zavod=401,survey=200,brand=405,smm=200,ssh22=OK,tcp443=OK
2026-09-29T20:25:43Z,zavod=401,survey=200,brand=405,smm=200,ssh22=OK,tcp443=OK
2026-09-29T20:30:41Z,zavod=401,survey=TIMEOUT,brand=405,smm=200,ssh22=OK,tcp443=OK
2026-09-29T20:35:32Z,zavod=401,survey=TIMEOUT,brand=405,smm=200,ssh22=OK,tcp443=OK
2026-09-29T20:40:34Z,zavod=401,survey=TIMEOUT,brand=TIMEOUT,smm=200,ssh22=OK,tcp443=OK
2026-09-29T20:45:57Z,zavod=401,survey=200,brand=405,smm=200,ssh22=OK,tcp443=OK
2026-09-29T20:50:50Z,zavod=401,survey=200,brand=405,smm=200,ssh22=OK,tcp443=OK
2026-09-29T20:55:40Z,zavod=401,survey=TIMEOUT,brand=405,smm=200,ssh22=OK,tcp443=OK
2026-09-29T21:00:46Z,zavod=401,survey=200,brand=405,smm=200,ssh22=OK,tcp443=OK
2026-09-29T21:05:50Z,zavod=401,survey=200,brand=405,smm=200,ssh22=OK,tcp443=OK
2026-09-29T21:10:42Z,zavod=401,survey=200,brand=405,smm=200,ssh22=OK,tcp443=OK
2026-09-29T21:15:35Z,zavod=401,survey=TIMEOUT,brand=TIMEOUT,smm=200,ssh22=OK,tcp443=OK
2026-09-29T21:20:57Z,zavod=TIMEOUT,survey=200,brand=405,smm=TIMEOUT,ssh22=OK,tcp443=OK
2026-09-29T21:25:26Z,zavod=401,survey=200,brand=405,smm=200,ssh22=OK,tcp443=OK
2026-09-29T21:30:54Z,zavod=401,survey=200,brand=405,smm=200,ssh22=OK,tcp443=OK
2026-09-29T21:35:45Z,zavod=401,survey=200,brand=405,smm=200,ssh22=OK,tcp443=OK
2026-09-29T21:40:35Z,zavod=401,survey=TIMEOUT,brand=405,smm=200,ssh22=OK,tcp443=OK
2026-09-29T21:45:58Z,zavod=401,survey=200,brand=405,smm=200,ssh22=OK,tcp443=OK
2026-09-29T21:50:29Z,zavod=401,survey=TIMEOUT,brand=405,smm=200,ssh22=OK,tcp443=OK
2026-09-29T21:55:27Z,zavod=401,survey=200,brand=405,smm=200,ssh22=OK,tcp443=OK
2026-09-29T22:01:12Z,zavod=401,survey=TIMEOUT,brand=405,smm=200,ssh22=OK,tcp443=OK
2026-09-29T22:05:34Z,zavod=401,survey=200,brand=405,smm=200,ssh22=OK,tcp443=OK
2026-09-29T22:10:54Z,zavod=401,survey=200,brand=405,smm=200,ssh22=OK,tcp443=OK
2026-09-29T22:15:47Z,zavod=401,survey=200,brand=405,smm=200,ssh22=OK,tcp443=OK
2026-09-29T22:20:38Z,zavod=401,survey=TIMEOUT,brand=TIMEOUT,smm=200,ssh22=OK,tcp443=OK
2026-09-29T22:25:26Z,zavod=401,survey=200,brand=405,smm=200,ssh22=OK,tcp443=OK
2026-09-29T22:31:04Z,zavod=401,survey=200,brand=405,smm=200,ssh22=OK,tcp443=OK
2026-09-29T22:35:53Z,zavod=401,survey=TIMEOUT,brand=TIMEOUT,smm=200,ssh22=OK,tcp443=OK
2026-09-29T22:40:44Z,zavod=401,survey=200,brand=405,smm=200,ssh22=OK,tcp443=OK
2026-09-29T22:45:29Z,zavod=401,survey=TIMEOUT,brand=TIMEOUT,smm=200,ssh22=OK,tcp443=OK
2026-09-29T22:50:50Z,zavod=401,survey=200,brand=405,smm=200,ssh22=OK,tcp443=OK
2026-09-29T22:55:38Z,zavod=401,survey=TIMEOUT,brand=405,smm=200,ssh22=OK,tcp443=OK
2026-09-29T23:01:12Z,zavod=401,survey=200,brand=405,smm=200,ssh22=OK,tcp443=OK
2026-09-29T23:05:33Z,zavod=401,survey=200,brand=405,smm=200,ssh22=OK,tcp443=OK
2026-09-29T23:10:34Z,zavod=401,survey=TIMEOUT,brand=405,smm=200,ssh22=OK,tcp443=OK
2026-09-29T23:15:55Z,zavod=401,survey=TIMEOUT,brand=405,smm=200,ssh22=OK,tcp443=OK
2026-09-29T23:20:47Z,zavod=401,survey=200,brand=405,smm=200,ssh22=OK,tcp443=OK
2026-09-29T23:25:35Z,zavod=401,survey=TIMEOUT,brand=TIMEOUT,smm=TIMEOUT,ssh22=OK,tcp443=OK
2026-09-29T23:31:01Z,zavod=401,survey=200,brand=405,smm=200,ssh22=OK,tcp443=OK
2026-09-29T23:35:50Z,zavod=401,survey=200,brand=TIMEOUT,smm=200,ssh22=OK,tcp443=OK
2026-09-29T23:40:41Z,zavod=401,survey=TIMEOUT,brand=405,smm=200,ssh22=OK,tcp443=OK
2026-09-29T23:45:31Z,zavod=401,survey=200,brand=405,smm=200,ssh22=OK,tcp443=OK
2026-09-29T23:50:52Z,zavod=401,survey=TIMEOUT,brand=405,smm=200,ssh22=OK,tcp443=OK
2026-09-29T23:55:40Z,zavod=401,survey=200,brand=405,smm=200,ssh22=OK,tcp443=OK
2026-09-30T00:00:49Z,zavod=401,survey=200,brand=405,smm=200,ssh22=OK,tcp443=OK
2026-09-30T00:05:27Z,zavod=401,survey=200,brand=405,smm=200,ssh22=OK,tcp443=OK
2026-09-30T00:10:50Z,zavod=401,survey=TIMEOUT,brand=TIMEOUT,smm=200,ssh22=OK,tcp443=OK
2026-09-30T00:15:45Z,zavod=401,survey=200,brand=405,smm=200,ssh22=OK,tcp443=OK
2026-09-30T00:20:38Z,zavod=401,survey=200,brand=405,smm=200,ssh22=OK,tcp443=OK
2026-09-30T00:25:27Z,zavod=401,survey=TIMEOUT,brand=405,smm=200,ssh22=OK,tcp443=OK
2026-09-30T00:30:56Z,zavod=401,survey=200,brand=405,smm=200,ssh22=OK,tcp443=OK
2026-09-30T00:35:26Z,zavod=401,survey=TIMEOUT,brand=405,smm=200,ssh22=OK,tcp443=OK
2026-09-30T00:40:57Z,zavod=TIMEOUT,survey=200,brand=405,smm=200,ssh22=OK,tcp443=OK
2026-09-30T00:45:49Z,zavod=401,survey=200,brand=405,smm=200,ssh22=OK,tcp443=OK
2026-09-30T00:50:40Z,zavod=401,survey=TIMEOUT,brand=405,smm=200,ssh22=OK,tcp443=OK
2026-09-30T00:55:28Z,zavod=401,survey=200,brand=405,smm=200,ssh22=OK,tcp443=OK
2026-09-30T01:01:03Z,zavod=401,survey=TIMEOUT,brand=405,smm=200,ssh22=OK,tcp443=OK
2026-09-30T01:05:53Z,zavod=401,survey=TIMEOUT,brand=405,smm=200,ssh22=OK,tcp443=OK
2026-09-30T01:10:43Z,zavod=401,survey=200,brand=405,smm=200,ssh22=OK,tcp443=OK
2026-09-30T01:15:35Z,zavod=401,survey=200,brand=405,smm=200,ssh22=OK,tcp443=OK
2026-09-30T01:20:56Z,zavod=401,survey=TIMEOUT,brand=TIMEOUT,smm=200,ssh22=OK,tcp443=OK
2026-09-30T01:25:53Z,zavod=401,survey=200,brand=405,smm=200,ssh22=OK,tcp443=OK
2026-09-30T01:30:49Z,zavod=401,survey=200,brand=405,smm=200,ssh22=OK,tcp443=OK
2026-09-30T01:35:48Z,zavod=401,survey=200,brand=405,smm=200,ssh22=OK,tcp443=OK
2026-09-30T01:40:38Z,zavod=401,survey=TIMEOUT,brand=TIMEOUT,smm=200,ssh22=OK,tcp443=OK
2026-09-30T01:45:28Z,zavod=401,survey=TIMEOUT,brand=405,smm=200,ssh22=OK,tcp443=OK
2026-09-30T01:50:49Z,zavod=401,survey=200,brand=405,smm=200,ssh22=OK,tcp443=OK
2026-09-30T01:55:35Z,zavod=401,survey=200,brand=405,smm=200,ssh22=OK,tcp443=OK
2026-09-30T02:01:05Z,zavod=401,survey=200,brand=TIMEOUT,smm=200,ssh22=OK,tcp443=OK
2026-09-30T02:05:50Z,zavod=401,survey=TIMEOUT,brand=405,smm=200,ssh22=OK,tcp443=OK
2026-09-30T02:10:35Z,zavod=401,survey=200,brand=405,smm=200,ssh22=OK,tcp443=OK
2026-09-30T02:15:50Z,zavod=401,survey=200,brand=405,smm=200,ssh22=FAIL,tcp443=FAIL
2026-09-30T02:20:35Z,zavod=401,survey=TIMEOUT,brand=TIMEOUT,smm=200,ssh22=OK,tcp443=OK
2026-09-30T02:25:47Z,zavod=401,survey=200,brand=405,smm=200,ssh22=OK,tcp443=OK
2026-09-30T02:30:37Z,zavod=401,survey=200,brand=405,smm=200,ssh22=OK,tcp443=OK
2026-09-30T02:35:51Z,zavod=401,survey=TIMEOUT,brand=TIMEOUT,smm=TIMEOUT,ssh22=OK,tcp443=OK
2026-09-30T02:40:35Z,zavod=401,survey=TIMEOUT,brand=405,smm=200,ssh22=OK,tcp443=OK
2026-09-30T02:45:51Z,zavod=401,survey=200,brand=405,smm=200,ssh22=OK,tcp443=OK
2026-09-30T02:50:36Z,zavod=401,survey=200,brand=405,smm=200,ssh22=OK,tcp443=OK
2026-09-30T02:55:48Z,zavod=401,survey=TIMEOUT,brand=405,smm=200,ssh22=OK,tcp443=OK
2026-09-30T03:00:47Z,zavod=401,survey=TIMEOUT,brand=405,smm=200,ssh22=OK,tcp443=OK
2026-09-30T03:05:34Z,zavod=401,survey=200,brand=405,smm=200,ssh22=OK,tcp443=OK
2026-09-30T03:10:49Z,zavod=401,survey=200,brand=405,smm=200,ssh22=OK,tcp443=OK
2026-09-30T03:15:37Z,zavod=401,survey=TIMEOUT,brand=405,smm=200,ssh22=OK,tcp443=OK
2026-09-30T03:20:37Z,zavod=401,survey=TIMEOUT,brand=TIMEOUT,smm=200,ssh22=OK,tcp443=OK
2026-09-30T03:25:53Z,zavod=401,survey=TIMEOUT,brand=TIMEOUT,smm=200,ssh22=OK,tcp443=OK
2026-09-30T03:30:48Z,zavod=401,survey=TIMEOUT,brand=405,smm=200,ssh22=OK,tcp443=OK
2026-09-30T03:35:36Z,zavod=401,survey=200,brand=TIMEOUT,smm=200,ssh22=FAIL,tcp443=FAIL
2026-09-30T03:40:35Z,zavod=401,survey=TIMEOUT,brand=405,smm=200,ssh22=OK,tcp443=OK
2026-09-30T03:45:51Z,zavod=401,survey=200,brand=405,smm=200,ssh22=OK,tcp443=OK
2026-09-30T03:50:36Z,zavod=401,survey=TIMEOUT,brand=405,smm=200,ssh22=OK,tcp443=OK
2026-09-30T03:55:28Z,zavod=401,survey=200,brand=405,smm=200,ssh22=OK,tcp443=OK
2026-09-30T04:01:08Z,zavod=401,survey=200,brand=405,smm=200,ssh22=OK,tcp443=OK
2026-09-30T04:05:25Z,zavod=401,survey=200,brand=405,smm=200,ssh22=OK,tcp443=OK
2026-09-30T04:10:42Z,zavod=401,survey=200,brand=405,smm=200,ssh22=OK,tcp443=OK
2026-09-30T04:15:30Z,zavod=401,survey=200,brand=405,smm=200,ssh22=OK,tcp443=OK
2026-09-30T04:20:57Z,zavod=401,survey=TIMEOUT,brand=TIMEOUT,smm=200,ssh22=OK,tcp443=OK
2026-09-30T04:25:40Z,zavod=401,survey=200,brand=405,smm=200,ssh22=OK,tcp443=OK
2026-09-30T04:31:02Z,zavod=401,survey=200,brand=405,smm=200,ssh22=OK,tcp443=OK
2026-09-30T04:35:48Z,zavod=401,survey=200,brand=405,smm=200,ssh22=OK,tcp443=OK
2026-09-30T04:40:35Z,zavod=401,survey=200,brand=405,smm=200,ssh22=OK,tcp443=OK
2026-09-30T04:45:52Z,zavod=401,survey=TIMEOUT,brand=405,smm=200,ssh22=OK,tcp443=OK
2026-09-30T04:50:39Z,zavod=401,survey=200,brand=405,smm=200,ssh22=OK,tcp443=OK
2026-09-30T04:55:54Z,zavod=401,survey=200,brand=405,smm=200,ssh22=OK,tcp443=OK
2026-09-30T05:00:56Z,zavod=401,survey=200,brand=405,smm=200,ssh22=OK,tcp443=OK
2026-09-30T05:05:26Z,zavod=401,survey=TIMEOUT,brand=405,smm=200,ssh22=OK,tcp443=OK
2026-09-30T05:10:55Z,zavod=401,survey=200,brand=405,smm=200,ssh22=OK,tcp443=OK
2026-09-30T05:15:55Z,zavod=401,survey=200,brand=405,smm=200,ssh22=OK,tcp443=OK
2026-09-30T05:20:44Z,zavod=401,survey=TIMEOUT,brand=405,smm=200,ssh22=OK,tcp443=OK
2026-09-30T05:25:28Z,zavod=401,survey=TIMEOUT,brand=405,smm=200,ssh22=OK,tcp443=OK
2026-09-30T05:30:52Z,zavod=401,survey=200,brand=405,smm=200,ssh22=OK,tcp443=OK
2026-09-30T05:35:39Z,zavod=401,survey=200,brand=405,smm=200,ssh22=OK,tcp443=OK
2026-09-30T05:40:58Z,zavod=401,survey=TIMEOUT,brand=405,smm=200,ssh22=OK,tcp443=OK
2026-09-30T05:45:48Z,zavod=401,survey=200,brand=405,smm=200,ssh22=OK,tcp443=OK
2026-09-30T05:50:37Z,zavod=401,survey=200,brand=405,smm=200,ssh22=OK,tcp443=OK
2026-09-30T05:55:53Z,zavod=401,survey=200,brand=405,smm=200,ssh22=OK,tcp443=OK
2026-09-30T06:01:00Z,zavod=401,survey=TIMEOUT,brand=405,smm=200,ssh22=OK,tcp443=OK
2026-09-30T06:05:33Z,zavod=401,survey=200,brand=405,smm=200,ssh22=OK,tcp443=OK
2026-09-30T06:10:53Z,zavod=401,survey=200,brand=405,smm=200,ssh22=FAIL,tcp443=FAIL
2026-09-30T06:15:46Z,zavod=401,survey=200,brand=405,smm=200,ssh22=OK,tcp443=OK
2026-09-30T06:20:37Z,zavod=401,survey=TIMEOUT,brand=TIMEOUT,smm=200,ssh22=OK,tcp443=OK
2026-09-30T06:25:35Z,zavod=401,survey=200,brand=TIMEOUT,smm=200,ssh22=OK,tcp443=OK
2026-09-30T06:31:03Z,zavod=401,survey=TIMEOUT,brand=405,smm=200,ssh22=OK,tcp443=OK
2026-09-30T06:35:34Z,zavod=401,survey=TIMEOUT,brand=405,smm=200,ssh22=OK,tcp443=OK
2026-09-30T06:40:37Z,zavod=401,survey=TIMEOUT,brand=405,smm=200,ssh22=OK,tcp443=OK
2026-09-30T06:45:29Z,zavod=401,survey=TIMEOUT,brand=405,smm=200,ssh22=OK,tcp443=OK
2026-09-30T06:50:52Z,zavod=401,survey=TIMEOUT,brand=405,smm=200,ssh22=OK,tcp443=OK
2026-09-30T06:55:40Z,zavod=401,survey=TIMEOUT,brand=405,smm=200,ssh22=OK,tcp443=OK
2026-09-30T07:00:48Z,zavod=401,survey=200,brand=405,smm=200,ssh22=OK,tcp443=OK
2026-09-30T07:05:42Z,zavod=401,survey=200,brand=405,smm=200,ssh22=OK,tcp443=OK
2026-09-30T07:10:35Z,zavod=401,survey=TIMEOUT,brand=405,smm=200,ssh22=FAIL,tcp443=FAIL
2026-09-30T07:16:00Z,zavod=401,survey=200,brand=405,smm=200,ssh22=OK,tcp443=OK
2026-09-30T07:20:34Z,zavod=401,survey=200,brand=405,smm=200,ssh22=OK,tcp443=OK
2026-09-30T07:25:34Z,zavod=401,survey=TIMEOUT,brand=405,smm=200,ssh22=OK,tcp443=OK
2026-09-30T07:31:05Z,zavod=401,survey=TIMEOUT,brand=TIMEOUT,smm=200,ssh22=OK,tcp443=OK
2026-09-30T07:35:28Z,zavod=401,survey=200,brand=405,smm=200,ssh22=OK,tcp443=OK
2026-09-30T07:40:33Z,zavod=401,survey=200,brand=405,smm=200,ssh22=OK,tcp443=OK
2026-09-30T07:45:30Z,zavod=401,survey=TIMEOUT,brand=405,smm=200,ssh22=OK,tcp443=OK
2026-09-30T07:50:55Z,zavod=401,survey=200,brand=405,smm=200,ssh22=OK,tcp443=OK
2026-09-30T07:55:26Z,zavod=401,survey=200,brand=405,smm=200,ssh22=OK,tcp443=OK
2026-09-30T08:00:46Z,zavod=401,survey=TIMEOUT,brand=405,smm=200,ssh22=OK,tcp443=OK
2026-09-30T08:05:42Z,zavod=401,survey=200,brand=405,smm=200,ssh22=OK,tcp443=OK
2026-09-30T08:10:36Z,zavod=401,survey=200,brand=405,smm=200,ssh22=OK,tcp443=OK
2026-09-30T08:15:44Z,zavod=401,survey=TIMEOUT,brand=405,smm=200,ssh22=OK,tcp443=OK
2026-09-30T08:20:41Z,zavod=401,survey=TIMEOUT,brand=TIMEOUT,smm=200,ssh22=OK,tcp443=OK
2026-09-30T08:25:36Z,zavod=401,survey=200,brand=405,smm=200,ssh22=OK,tcp443=OK
2026-09-30T08:30:42Z,zavod=401,survey=200,brand=405,smm=200,ssh22=OK,tcp443=OK
2026-09-30T08:35:40Z,zavod=401,survey=TIMEOUT,brand=405,smm=200,ssh22=OK,tcp443=OK
2026-09-30T08:40:40Z,zavod=401,survey=200,brand=405,smm=200,ssh22=OK,tcp443=OK
2026-09-30T08:45:42Z,zavod=401,survey=TIMEOUT,brand=405,smm=200,ssh22=OK,tcp443=OK
2026-09-30T08:50:52Z,zavod=401,survey=200,brand=405,smm=200,ssh22=OK,tcp443=OK
2026-09-30T08:55:48Z,zavod=401,survey=200,brand=TIMEOUT,smm=200,ssh22=OK,tcp443=OK
2026-09-30T09:01:01Z,zavod=401,survey=200,brand=405,smm=200,ssh22=OK,tcp443=OK
2026-09-30T09:05:32Z,zavod=401,survey=200,brand=405,smm=200,ssh22=OK,tcp443=OK
2026-09-30T09:10:31Z,zavod=401,survey=TIMEOUT,brand=405,smm=200,ssh22=OK,tcp443=OK
2026-09-30T09:16:00Z,zavod=401,survey=TIMEOUT,brand=405,smm=200,ssh22=OK,tcp443=OK
2026-09-30T09:20:32Z,zavod=TIMEOUT,survey=200,brand=405,smm=TIMEOUT,ssh22=OK,tcp443=OK
2026-09-30T09:25:31Z,zavod=401,survey=TIMEOUT,brand=TIMEOUT,smm=200,ssh22=OK,tcp443=OK
2026-09-30T09:31:06Z,zavod=401,survey=200,brand=405,smm=200,ssh22=OK,tcp443=OK
2026-09-30T09:35:33Z,zavod=401,survey=200,brand=405,smm=200,ssh22=OK,tcp443=OK
2026-09-30T09:40:42Z,zavod=401,survey=TIMEOUT,brand=405,smm=200,ssh22=OK,tcp443=OK
2026-09-30T09:45:42Z,zavod=401,survey=200,brand=405,smm=200,ssh22=OK,tcp443=OK
2026-09-30T09:50:51Z,zavod=401,survey=200,brand=TIMEOUT,smm=200,ssh22=OK,tcp443=OK
2026-09-30T09:55:48Z,zavod=401,survey=TIMEOUT,brand=405,smm=200,ssh22=OK,tcp443=OK
2026-09-30T10:01:03Z,zavod=401,survey=200,brand=405,smm=200,ssh22=OK,tcp443=OK
2026-09-30T10:05:34Z,zavod=401,survey=200,brand=405,smm=200,ssh22=OK,tcp443=OK
2026-09-30T10:10:35Z,zavod=401,survey=TIMEOUT,brand=405,smm=200,ssh22=OK,tcp443=OK
2026-09-30T10:15:58Z,zavod=401,survey=200,brand=405,smm=200,ssh22=OK,tcp443=OK
2026-09-30T10:21:01Z,zavod=401,survey=200,brand=405,smm=200,ssh22=OK,tcp443=OK
2026-09-30T10:25:29Z,zavod=401,survey=TIMEOUT,brand=405,smm=200,ssh22=OK,tcp443=OK
2026-09-30T10:31:07Z,zavod=401,survey=200,brand=405,smm=200,ssh22=OK,tcp443=OK
2026-09-30T10:35:35Z,zavod=401,survey=TIMEOUT,brand=405,smm=200,ssh22=OK,tcp443=OK
2026-09-30T10:40:46Z,zavod=TIMEOUT,survey=200,brand=405,smm=200,ssh22=OK,tcp443=OK
2026-09-30T10:45:45Z,zavod=401,survey=TIMEOUT,brand=405,smm=200,ssh22=OK,tcp443=OK
2026-09-30T10:50:44Z,zavod=401,survey=TIMEOUT,brand=405,smm=200,ssh22=OK,tcp443=OK
2026-09-30T10:55:40Z,zavod=401,survey=200,brand=405,smm=200,ssh22=OK,tcp443=OK
2026-09-30T11:00:55Z,zavod=401,survey=200,brand=405,smm=200,ssh22=OK,tcp443=OK
2026-09-30T11:05:57Z,zavod=401,survey=200,brand=405,smm=200,ssh22=OK,tcp443=OK
2026-09-30T11:10:57Z,zavod=401,survey=200,brand=405,smm=200,ssh22=OK,tcp443=OK
2026-09-30T11:16:00Z,zavod=401,survey=TIMEOUT,brand=405,smm=200,ssh22=OK,tcp443=OK
2026-09-30T11:20:31Z,zavod=401,survey=TIMEOUT,brand=405,smm=200,ssh22=OK,tcp443=OK
2026-09-30T11:25:30Z,zavod=401,survey=TIMEOUT,brand=TIMEOUT,smm=200,ssh22=OK,tcp443=OK
2026-09-30T11:31:08Z,zavod=401,survey=TIMEOUT,brand=405,smm=200,ssh22=OK,tcp443=OK
2026-09-30T11:35:38Z,zavod=401,survey=200,brand=405,smm=200,ssh22=OK,tcp443=OK
2026-09-30T11:40:40Z,zavod=TIMEOUT,survey=200,brand=TIMEOUT,smm=200,ssh22=OK,tcp443=OK
2026-09-30T11:45:41Z,zavod=401,survey=200,brand=405,smm=200,ssh22=OK,tcp443=OK
2026-09-30T11:50:41Z,zavod=401,survey=200,brand=405,smm=200,ssh22=OK,tcp443=OK
2026-09-30T11:55:47Z,zavod=401,survey=200,brand=TIMEOUT,smm=200,ssh22=OK,tcp443=OK
2026-09-30T12:01:02Z,zavod=401,survey=200,brand=405,smm=200,ssh22=OK,tcp443=OK
2026-09-30T12:05:43Z,zavod=401,survey=200,brand=405,smm=200,ssh22=OK,tcp443=OK
2026-09-30T12:10:43Z,zavod=401,survey=200,brand=405,smm=200,ssh22=OK,tcp443=OK
2026-09-30T12:15:45Z,zavod=401,survey=200,brand=405,smm=200,ssh22=OK,tcp443=OK
2026-09-30T12:20:57Z,zavod=401,survey=200,brand=TIMEOUT,smm=200,ssh22=OK,tcp443=OK
2026-09-30T12:25:53Z,zavod=401,survey=TIMEOUT,brand=405,smm=200,ssh22=OK,tcp443=OK
2026-09-30T12:30:58Z,zavod=401,survey=200,brand=405,smm=200,ssh22=OK,tcp443=OK
2026-09-30T12:35:56Z,zavod=401,survey=200,brand=405,smm=200,ssh22=OK,tcp443=OK
2026-09-30T12:40:57Z,zavod=401,survey=200,brand=405,smm=200,ssh22=OK,tcp443=OK
2026-09-30T12:45:58Z,zavod=401,survey=TIMEOUT,brand=405,smm=200,ssh22=OK,tcp443=OK
2026-09-30T12:50:57Z,zavod=401,survey=200,brand=405,smm=200,ssh22=OK,tcp443=OK
2026-09-30T12:55:52Z,zavod=401,survey=TIMEOUT,brand=405,smm=200,ssh22=OK,tcp443=OK
2026-09-30T13:01:05Z,zavod=401,survey=200,brand=TIMEOUT,smm=TIMEOUT,ssh22=OK,tcp443=OK
2026-09-30T13:05:37Z,zavod=401,survey=TIMEOUT,brand=TIMEOUT,smm=TIMEOUT,ssh22=OK,tcp443=OK
2026-09-30T13:10:47Z,zavod=401,survey=200,brand=405,smm=200,ssh22=OK,tcp443=OK
2026-09-30T13:15:57Z,zavod=401,survey=TIMEOUT,brand=TIMEOUT,smm=200,ssh22=OK,tcp443=OK
2026-09-30T13:20:57Z,zavod=401,survey=200,brand=405,smm=200,ssh22=OK,tcp443=OK
2026-09-30T13:25:53Z,zavod=401,survey=TIMEOUT,brand=TIMEOUT,smm=200,ssh22=OK,tcp443=OK
2026-09-30T13:30:59Z,zavod=TIMEOUT,survey=200,brand=405,smm=200,ssh22=OK,tcp443=OK
2026-09-30T13:35:28Z,zavod=401,survey=TIMEOUT,brand=405,smm=200,ssh22=OK,tcp443=OK
2026-09-30T13:40:58Z,zavod=401,survey=200,brand=TIMEOUT,smm=200,ssh22=OK,tcp443=OK
2026-09-30T13:45:59Z,zavod=401,survey=200,brand=405,smm=200,ssh22=OK,tcp443=OK
2026-09-30T13:51:00Z,zavod=401,survey=TIMEOUT,brand=TIMEOUT,smm=200,ssh22=OK,tcp443=OK
2026-09-30T13:55:27Z,zavod=401,survey=200,brand=405,smm=200,ssh22=OK,tcp443=OK
2026-09-30T14:01:13Z,zavod=401,survey=TIMEOUT,brand=405,smm=200,ssh22=OK,tcp443=OK
2026-09-30T14:05:45Z,zavod=401,survey=TIMEOUT,brand=405,smm=200,ssh22=OK,tcp443=OK
2026-09-30T14:10:55Z,zavod=401,survey=200,brand=405,smm=200,ssh22=OK,tcp443=OK
2026-09-30T14:15:55Z,zavod=401,survey=200,brand=405,smm=200,ssh22=OK,tcp443=OK
2026-09-30T14:20:56Z,zavod=401,survey=200,brand=405,smm=200,ssh22=OK,tcp443=OK
2026-09-30T14:25:32Z,zavod=401,survey=TIMEOUT,brand=405,smm=200,ssh22=OK,tcp443=OK
2026-09-30T14:30:39Z,zavod=401,survey=TIMEOUT,brand=405,smm=200,ssh22=OK,tcp443=OK
2026-09-30T14:35:48Z,zavod=401,survey=TIMEOUT,brand=TIMEOUT,smm=200,ssh22=OK,tcp443=OK
2026-09-30T14:40:48Z,zavod=401,survey=TIMEOUT,brand=TIMEOUT,smm=TIMEOUT,ssh22=OK,tcp443=OK
2026-09-30T14:45:48Z,zavod=401,survey=200,brand=405,smm=200,ssh22=OK,tcp443=OK
2026-09-30T14:50:57Z,zavod=401,survey=200,brand=405,smm=200,ssh22=OK,tcp443=OK
2026-09-30T14:55:52Z,zavod=401,survey=200,brand=405,smm=200,ssh22=OK,tcp443=OK
2026-09-30T15:01:05Z,zavod=401,survey=TIMEOUT,brand=405,smm=200,ssh22=OK,tcp443=OK
2026-09-30T15:05:34Z,zavod=401,survey=TIMEOUT,brand=TIMEOUT,smm=200,ssh22=FAIL,tcp443=FAIL
2026-09-30T15:10:32Z,zavod=401,survey=TIMEOUT,brand=405,smm=200,ssh22=OK,tcp443=OK
2026-09-30T15:15:32Z,zavod=401,survey=200,brand=405,smm=200,ssh22=OK,tcp443=OK
2026-09-30T15:20:31Z,zavod=401,survey=200,brand=405,smm=200,ssh22=OK,tcp443=OK
2026-09-30T15:25:26Z,zavod=401,survey=TIMEOUT,brand=TIMEOUT,smm=200,ssh22=OK,tcp443=OK
2026-09-30T15:30:52Z,zavod=401,survey=200,brand=405,smm=200,ssh22=OK,tcp443=OK
2026-09-30T15:35:52Z,zavod=401,survey=200,brand=405,smm=200,ssh22=OK,tcp443=OK
2026-09-30T15:40:51Z,zavod=401,survey=200,brand=405,smm=200,ssh22=OK,tcp443=OK
2026-09-30T15:45:51Z,zavod=401,survey=200,brand=405,smm=200,ssh22=OK,tcp443=OK
2026-09-30T15:50:50Z,zavod=401,survey=TIMEOUT,brand=TIMEOUT,smm=200,ssh22=OK,tcp443=OK
2026-09-30T15:55:45Z,zavod=401,survey=TIMEOUT,brand=405,smm=200,ssh22=OK,tcp443=OK
2026-09-30T16:00:59Z,zavod=401,survey=TIMEOUT,brand=405,smm=200,ssh22=OK,tcp443=OK
2026-09-30T16:05:29Z,zavod=401,survey=200,brand=405,smm=200,ssh22=OK,tcp443=OK
2026-09-30T16:10:58Z,zavod=401,survey=200,brand=405,smm=200,ssh22=OK,tcp443=OK
2026-09-30T16:15:57Z,zavod=401,survey=200,brand=405,smm=200,ssh22=OK,tcp443=OK
2026-09-30T16:20:36Z,zavod=401,survey=TIMEOUT,brand=405,smm=200,ssh22=OK,tcp443=OK
2026-09-30T16:25:30Z,zavod=401,survey=200,brand=405,smm=200,ssh22=OK,tcp443=OK
2026-09-30T16:31:05Z,zavod=401,survey=200,brand=405,smm=200,ssh22=OK,tcp443=OK
2026-09-30T16:35:31Z,zavod=401,survey=200,brand=TIMEOUT,smm=200,ssh22=OK,tcp443=OK
2026-09-30T16:41:00Z,zavod=401,survey=TIMEOUT,brand=TIMEOUT,smm=200,ssh22=OK,tcp443=OK
2026-09-30T16:45:58Z,zavod=401,survey=TIMEOUT,brand=405,smm=200,ssh22=OK,tcp443=OK
2026-09-30T16:50:56Z,zavod=401,survey=200,brand=405,smm=200,ssh22=OK,tcp443=OK
2026-09-30T16:55:51Z,zavod=401,survey=TIMEOUT,brand=405,smm=200,ssh22=OK,tcp443=OK
2026-09-30T17:01:02Z,zavod=401,survey=200,brand=405,smm=200,ssh22=OK,tcp443=OK
2026-09-30T17:05:30Z,zavod=401,survey=200,brand=405,smm=200,ssh22=OK,tcp443=OK
2026-09-30T17:10:56Z,zavod=401,survey=TIMEOUT,brand=405,smm=200,ssh22=OK,tcp443=OK
2026-09-30T17:16:00Z,zavod=401,survey=200,brand=405,smm=200,ssh22=OK,tcp443=OK
2026-09-30T17:20:36Z,zavod=401,survey=TIMEOUT,brand=405,smm=200,ssh22=OK,tcp443=OK
2026-09-30T17:25:48Z,zavod=401,survey=200,brand=405,smm=200,ssh22=OK,tcp443=OK
2026-09-30T17:30:59Z,zavod=TIMEOUT,survey=200,brand=TIMEOUT,smm=TIMEOUT,ssh22=OK,tcp443=OK
2026-09-30T17:35:32Z,zavod=401,survey=200,brand=405,smm=200,ssh22=OK,tcp443=OK
2026-09-30T17:40:36Z,zavod=401,survey=TIMEOUT,brand=405,smm=200,ssh22=OK,tcp443=OK
2026-09-30T17:45:40Z,zavod=401,survey=200,brand=405,smm=200,ssh22=OK,tcp443=OK
2026-09-30T17:50:45Z,zavod=401,survey=TIMEOUT,brand=TIMEOUT,smm=200,ssh22=OK,tcp443=OK
2026-09-30T17:55:46Z,zavod=401,survey=TIMEOUT,brand=TIMEOUT,smm=200,ssh22=OK,tcp443=OK
2026-09-30T18:01:16Z,zavod=401,survey=TIMEOUT,brand=405,smm=200,ssh22=OK,tcp443=OK
2026-09-30T18:05:51Z,zavod=401,survey=TIMEOUT,brand=405,smm=200,ssh22=OK,tcp443=OK
2026-09-30T18:10:53Z,zavod=401,survey=TIMEOUT,brand=405,smm=200,ssh22=OK,tcp443=OK
2026-09-30T18:15:57Z,zavod=401,survey=200,brand=405,smm=200,ssh22=OK,tcp443=OK
2026-09-30T18:20:34Z,zavod=401,survey=TIMEOUT,brand=405,smm=200,ssh22=OK,tcp443=OK
2026-09-30T18:25:25Z,zavod=401,survey=TIMEOUT,brand=TIMEOUT,smm=TIMEOUT,ssh22=OK,tcp443=OK
2026-09-30T18:31:07Z,zavod=401,survey=200,brand=405,smm=200,ssh22=OK,tcp443=OK
2026-09-30T18:35:30Z,zavod=401,survey=TIMEOUT,brand=TIMEOUT,smm=TIMEOUT,ssh22=OK,tcp443=OK
2026-09-30T18:40:55Z,zavod=401,survey=TIMEOUT,brand=405,smm=200,ssh22=OK,tcp443=OK
2026-09-30T18:45:31Z,zavod=401,survey=200,brand=405,smm=200,ssh22=OK,tcp443=OK
2026-09-30T18:50:56Z,zavod=401,survey=200,brand=405,smm=200,ssh22=OK,tcp443=OK
2026-09-30T18:55:26Z,zavod=401,survey=200,brand=405,smm=200,ssh22=OK,tcp443=OK
2026-09-30T19:01:05Z,zavod=401,survey=TIMEOUT,brand=TIMEOUT,smm=TIMEOUT,ssh22=FAIL,tcp443=FAIL
2026-09-30T19:05:30Z,zavod=401,survey=TIMEOUT,brand=TIMEOUT,smm=200,ssh22=OK,tcp443=OK
2026-09-30T19:10:54Z,zavod=401,survey=TIMEOUT,brand=405,smm=200,ssh22=OK,tcp443=OK
2026-09-30T19:15:49Z,zavod=401,survey=TIMEOUT,brand=405,smm=200,ssh22=OK,tcp443=OK
2026-09-30T19:20:44Z,zavod=401,survey=200,brand=405,smm=200,ssh22=OK,tcp443=OK
2026-09-30T19:25:35Z,zavod=401,survey=TIMEOUT,brand=405,smm=200,ssh22=OK,tcp443=OK
2026-09-30T19:31:05Z,zavod=401,survey=200,brand=405,smm=200,ssh22=OK,tcp443=OK
2026-09-30T19:35:28Z,zavod=401,survey=200,brand=405,smm=200,ssh22=OK,tcp443=OK
2026-09-30T19:40:54Z,zavod=401,survey=200,brand=405,smm=200,ssh22=OK,tcp443=OK
2026-09-30T19:45:58Z,zavod=401,survey=TIMEOUT,brand=405,smm=200,ssh22=OK,tcp443=OK
2026-09-30T19:50:52Z,zavod=401,survey=TIMEOUT,brand=405,smm=200,ssh22=OK,tcp443=OK
2026-09-30T19:55:44Z,zavod=401,survey=TIMEOUT,brand=405,smm=200,ssh22=OK,tcp443=OK
2026-09-30T20:00:52Z,zavod=401,survey=TIMEOUT,brand=405,smm=200,ssh22=OK,tcp443=OK
2026-09-30T20:05:47Z,zavod=401,survey=200,brand=405,smm=200,ssh22=OK,tcp443=OK
2026-09-30T20:10:51Z,zavod=401,survey=200,brand=405,smm=200,ssh22=OK,tcp443=OK
2026-09-30T20:15:56Z,zavod=401,survey=200,brand=405,smm=200,ssh22=OK,tcp443=OK
2026-09-30T20:20:31Z,zavod=401,survey=200,brand=TIMEOUT,smm=200,ssh22=OK,tcp443=OK
2026-09-30T20:25:52Z,zavod=401,survey=TIMEOUT,brand=405,smm=200,ssh22=OK,tcp443=OK
2026-09-30T20:30:51Z,zavod=401,survey=TIMEOUT,brand=405,smm=200,ssh22=OK,tcp443=OK
2026-09-30T20:35:44Z,zavod=401,survey=200,brand=405,smm=200,ssh22=OK,tcp443=OK
2026-09-30T20:40:37Z,zavod=401,survey=200,brand=405,smm=200,ssh22=OK,tcp443=OK
2026-09-30T20:45:31Z,zavod=401,survey=200,brand=TIMEOUT,smm=200,ssh22=OK,tcp443=OK
2026-09-30T20:50:36Z,zavod=401,survey=200,brand=405,smm=200,ssh22=OK,tcp443=OK
2026-09-30T20:55:27Z,zavod=401,survey=TIMEOUT,brand=TIMEOUT,smm=200,ssh22=OK,tcp443=OK
2026-09-30T21:00:47Z,zavod=401,survey=TIMEOUT,brand=TIMEOUT,smm=200,ssh22=OK,tcp443=OK
2026-09-30T21:05:45Z,zavod=401,survey=200,brand=405,smm=TIMEOUT,ssh22=OK,tcp443=OK
2026-09-30T21:10:39Z,zavod=401,survey=200,brand=405,smm=200,ssh22=OK,tcp443=OK
2026-09-30T21:15:34Z,zavod=401,survey=200,brand=405,smm=200,ssh22=OK,tcp443=OK
2026-09-30T21:20:38Z,zavod=401,survey=200,brand=405,smm=200,ssh22=OK,tcp443=OK
2026-09-30T21:25:40Z,zavod=401,survey=TIMEOUT,brand=405,smm=200,ssh22=OK,tcp443=OK
2026-09-30T21:30:41Z,zavod=401,survey=TIMEOUT,brand=TIMEOUT,smm=200,ssh22=OK,tcp443=OK
2026-09-30T21:35:45Z,zavod=401,survey=200,brand=405,smm=200,ssh22=OK,tcp443=OK
2026-09-30T21:40:50Z,zavod=401,survey=TIMEOUT,brand=405,smm=200,ssh22=OK,tcp443=OK
2026-09-30T21:45:54Z,zavod=401,survey=200,brand=405,smm=200,ssh22=OK,tcp443=OK
2026-09-30T21:50:58Z,zavod=401,survey=200,brand=405,smm=200,ssh22=OK,tcp443=OK
2026-09-30T21:55:47Z,zavod=401,survey=200,brand=405,smm=200,ssh22=OK,tcp443=OK
2026-09-30T22:00:52Z,zavod=401,survey=200,brand=405,smm=200,ssh22=OK,tcp443=OK
2026-09-30T22:05:46Z,zavod=401,survey=TIMEOUT,brand=405,smm=200,ssh22=OK,tcp443=OK
2026-09-30T22:10:39Z,zavod=401,survey=TIMEOUT,brand=405,smm=200,ssh22=OK,tcp443=OK
2026-09-30T22:15:43Z,zavod=401,survey=200,brand=405,smm=200,ssh22=OK,tcp443=OK
2026-09-30T22:20:36Z,zavod=401,survey=TIMEOUT,brand=405,smm=200,ssh22=OK,tcp443=OK
2026-09-30T22:25:36Z,zavod=401,survey=200,brand=405,smm=200,ssh22=OK,tcp443=OK
2026-09-30T22:31:03Z,zavod=401,survey=200,brand=405,smm=200,ssh22=OK,tcp443=OK
2026-09-30T22:35:33Z,zavod=401,survey=200,brand=405,smm=200,ssh22=OK,tcp443=OK
2026-09-30T22:40:36Z,zavod=401,survey=TIMEOUT,brand=TIMEOUT,smm=200,ssh22=OK,tcp443=OK
2026-09-30T22:45:38Z,zavod=401,survey=200,brand=405,smm=200,ssh22=OK,tcp443=OK
2026-09-30T22:50:41Z,zavod=401,survey=200,brand=405,smm=200,ssh22=OK,tcp443=OK
2026-09-30T22:55:29Z,zavod=401,survey=TIMEOUT,brand=TIMEOUT,smm=200,ssh22=OK,tcp443=OK
2026-09-30T23:00:43Z,zavod=401,survey=200,brand=405,smm=200,ssh22=OK,tcp443=OK
2026-09-30T23:05:45Z,zavod=401,survey=200,brand=TIMEOUT,smm=200,ssh22=OK,tcp443=OK
2026-09-30T23:10:37Z,zavod=TIMEOUT,survey=200,brand=405,smm=200,ssh22=OK,tcp443=OK
2026-09-30T23:15:57Z,zavod=401,survey=TIMEOUT,brand=405,smm=200,ssh22=OK,tcp443=OK
2026-09-30T23:20:49Z,zavod=401,survey=TIMEOUT,brand=TIMEOUT,smm=200,ssh22=OK,tcp443=OK
2026-09-30T23:25:39Z,zavod=401,survey=200,brand=405,smm=200,ssh22=OK,tcp443=OK
2026-09-30T23:30:47Z,zavod=401,survey=TIMEOUT,brand=TIMEOUT,smm=200,ssh22=OK,tcp443=OK
2026-09-30T23:35:39Z,zavod=401,survey=TIMEOUT,brand=405,smm=200,ssh22=OK,tcp443=OK
2026-09-30T23:40:31Z,zavod=401,survey=TIMEOUT,brand=TIMEOUT,smm=200,ssh22=OK,tcp443=OK
2026-09-30T23:45:53Z,zavod=401,survey=TIMEOUT,brand=405,smm=200,ssh22=OK,tcp443=OK
2026-09-30T23:50:44Z,zavod=401,survey=TIMEOUT,brand=405,smm=200,ssh22=OK,tcp443=OK
2026-09-30T23:55:33Z,zavod=401,survey=200,brand=405,smm=200,ssh22=OK,tcp443=OK
2026-10-01T00:01:13Z,zavod=401,survey=200,brand=405,smm=200,ssh22=OK,tcp443=OK
2026-10-01T00:05:40Z,zavod=401,survey=200,brand=405,smm=200,ssh22=OK,tcp443=OK
2026-10-01T00:10:33Z,zavod=401,survey=200,brand=TIMEOUT,smm=200,ssh22=OK,tcp443=OK
2026-10-01T00:15:35Z,zavod=401,survey=TIMEOUT,brand=405,smm=200,ssh22=OK,tcp443=OK
2026-10-01T00:20:57Z,zavod=401,survey=TIMEOUT,brand=405,smm=200,ssh22=OK,tcp443=OK
2026-10-01T00:25:46Z,zavod=401,survey=TIMEOUT,brand=405,smm=200,ssh22=OK,tcp443=OK
2026-10-01T00:30:44Z,zavod=401,survey=TIMEOUT,brand=405,smm=200,ssh22=OK,tcp443=OK
2026-10-01T00:35:35Z,zavod=401,survey=200,brand=405,smm=200,ssh22=OK,tcp443=OK
2026-10-01T00:40:57Z,zavod=401,survey=200,brand=405,smm=200,ssh22=OK,tcp443=OK
2026-10-01T00:45:50Z,zavod=401,survey=200,brand=TIMEOUT,smm=200,ssh22=OK,tcp443=OK
2026-10-01T00:50:42Z,zavod=401,survey=200,brand=TIMEOUT,smm=200,ssh22=OK,tcp443=OK
2026-10-01T00:55:31Z,zavod=401,survey=200,brand=405,smm=200,ssh22=OK,tcp443=OK
2026-10-01T01:01:08Z,zavod=401,survey=200,brand=405,smm=200,ssh22=OK,tcp443=OK
2026-10-01T01:05:31Z,zavod=401,survey=TIMEOUT,brand=TIMEOUT,smm=200,ssh22=OK,tcp443=OK
2026-10-01T01:10:34Z,zavod=401,survey=TIMEOUT,brand=405,smm=200,ssh22=OK,tcp443=OK
2026-10-01T01:15:58Z,zavod=401,survey=200,brand=405,smm=200,ssh22=OK,tcp443=OK
2026-10-01T01:20:51Z,zavod=401,survey=200,brand=405,smm=200,ssh22=OK,tcp443=OK
2026-10-01T01:25:41Z,zavod=401,survey=200,brand=405,smm=200,ssh22=OK,tcp443=OK
2026-10-01T01:30:39Z,zavod=401,survey=TIMEOUT,brand=TIMEOUT,smm=200,ssh22=OK,tcp443=OK
2026-10-01T01:35:41Z,zavod=401,survey=TIMEOUT,brand=405,smm=200,ssh22=OK,tcp443=OK
2026-10-01T01:40:31Z,zavod=401,survey=200,brand=405,smm=200,ssh22=OK,tcp443=OK
2026-10-01T01:45:45Z,zavod=401,survey=200,brand=405,smm=200,ssh22=OK,tcp443=OK
2026-10-01T01:50:36Z,zavod=401,survey=200,brand=405,smm=200,ssh22=OK,tcp443=OK
2026-10-01T01:55:24Z,zavod=401,survey=200,brand=405,smm=200,ssh22=OK,tcp443=OK
2026-10-01T02:01:11Z,zavod=401,survey=TIMEOUT,brand=405,smm=200,ssh22=OK,tcp443=OK
2026-10-01T02:05:34Z,zavod=401,survey=TIMEOUT,brand=405,smm=200,ssh22=OK,tcp443=OK
2026-10-01T02:10:56Z,zavod=401,survey=200,brand=TIMEOUT,smm=200,ssh22=OK,tcp443=OK
2026-10-01T02:15:50Z,zavod=401,survey=TIMEOUT,brand=405,smm=200,ssh22=OK,tcp443=OK
2026-10-01T02:20:42Z,zavod=401,survey=200,brand=405,smm=200,ssh22=OK,tcp443=OK
2026-10-01T02:25:32Z,zavod=401,survey=TIMEOUT,brand=TIMEOUT,smm=200,ssh22=OK,tcp443=OK
2026-10-01T02:30:40Z,zavod=401,survey=TIMEOUT,brand=405,smm=200,ssh22=OK,tcp443=OK
2026-10-01T02:35:30Z,zavod=401,survey=200,brand=405,smm=200,ssh22=OK,tcp443=OK
2026-10-01T02:40:51Z,zavod=401,survey=TIMEOUT,brand=405,smm=200,ssh22=OK,tcp443=OK
2026-10-01T02:45:44Z,zavod=401,survey=TIMEOUT,brand=405,smm=200,ssh22=OK,tcp443=OK
2026-10-01T02:50:58Z,zavod=401,survey=TIMEOUT,brand=TIMEOUT,smm=200,ssh22=OK,tcp443=OK
2026-10-01T02:55:48Z,zavod=401,survey=TIMEOUT,brand=TIMEOUT,smm=200,ssh22=OK,tcp443=OK
2026-10-01T03:01:06Z,zavod=401,survey=200,brand=405,smm=200,ssh22=OK,tcp443=OK
2026-10-01T03:05:31Z,zavod=401,survey=200,brand=405,smm=200,ssh22=OK,tcp443=OK
2026-10-01T03:10:32Z,zavod=401,survey=200,brand=TIMEOUT,smm=200,ssh22=OK,tcp443=OK
2026-10-01T03:15:36Z,zavod=401,survey=200,brand=405,smm=200,ssh22=OK,tcp443=OK
2026-10-01T03:20:59Z,zavod=401,survey=200,brand=405,smm=200,ssh22=OK,tcp443=OK
2026-10-01T03:25:47Z,zavod=401,survey=TIMEOUT,brand=405,smm=200,ssh22=OK,tcp443=OK
2026-10-01T03:30:44Z,zavod=401,survey=200,brand=405,smm=200,ssh22=OK,tcp443=OK
2026-10-01T03:35:35Z,zavod=401,survey=TIMEOUT,brand=405,smm=200,ssh22=OK,tcp443=OK
2026-10-01T03:40:57Z,zavod=401,survey=TIMEOUT,brand=TIMEOUT,smm=200,ssh22=OK,tcp443=OK
2026-10-01T03:45:51Z,zavod=401,survey=200,brand=405,smm=200,ssh22=OK,tcp443=OK
2026-10-01T03:50:42Z,zavod=401,survey=TIMEOUT,brand=TIMEOUT,smm=200,ssh22=OK,tcp443=OK
2026-10-01T03:55:32Z,zavod=401,survey=200,brand=405,smm=200,ssh22=OK,tcp443=OK
2026-10-01T04:01:10Z,zavod=401,survey=TIMEOUT,brand=TIMEOUT,smm=200,ssh22=OK,tcp443=OK
2026-10-01T04:05:35Z,zavod=401,survey=TIMEOUT,brand=405,smm=200,ssh22=OK,tcp443=OK
2026-10-01T04:10:58Z,zavod=401,survey=TIMEOUT,brand=405,smm=200,ssh22=OK,tcp443=OK
2026-10-01T04:15:31Z,zavod=401,survey=200,brand=405,smm=200,ssh22=OK,tcp443=OK
2026-10-01T04:20:54Z,zavod=TIMEOUT,survey=200,brand=TIMEOUT,smm=200,ssh22=OK,tcp443=OK
2026-10-01T04:25:43Z,zavod=401,survey=200,brand=405,smm=200,ssh22=OK,tcp443=OK
2026-10-01T04:30:40Z,zavod=401,survey=200,brand=405,smm=200,ssh22=OK,tcp443=OK
2026-10-01T04:35:30Z,zavod=401,survey=200,brand=405,smm=200,ssh22=OK,tcp443=OK
2026-10-01T04:40:52Z,zavod=401,survey=200,brand=405,smm=200,ssh22=OK,tcp443=OK
2026-10-01T04:45:55Z,zavod=401,survey=200,brand=405,smm=200,ssh22=OK,tcp443=OK
2026-10-01T04:50:48Z,zavod=401,survey=TIMEOUT,brand=405,smm=200,ssh22=OK,tcp443=OK
2026-10-01T04:55:37Z,zavod=401,survey=TIMEOUT,brand=TIMEOUT,smm=200,ssh22=OK,tcp443=OK
2026-10-01T05:01:14Z,zavod=401,survey=200,brand=405,smm=200,ssh22=OK,tcp443=OK
2026-10-01T05:05:39Z,zavod=401,survey=TIMEOUT,brand=TIMEOUT,smm=200,ssh22=OK,tcp443=OK
2026-10-01T05:10:33Z,zavod=401,survey=TIMEOUT,brand=TIMEOUT,smm=200,ssh22=OK,tcp443=OK
2026-10-01T05:15:59Z,zavod=401,survey=TIMEOUT,brand=405,smm=200,ssh22=OK,tcp443=OK
2026-10-01T05:20:54Z,zavod=401,survey=TIMEOUT,brand=TIMEOUT,smm=TIMEOUT,ssh22=OK,tcp443=OK
2026-10-01T05:25:45Z,zavod=401,survey=200,brand=405,smm=200,ssh22=OK,tcp443=OK
2026-10-01T05:30:45Z,zavod=401,survey=TIMEOUT,brand=405,smm=200,ssh22=OK,tcp443=OK
2026-10-01T05:35:49Z,zavod=401,survey=TIMEOUT,brand=405,smm=200,ssh22=OK,tcp443=OK
2026-10-01T05:40:43Z,zavod=401,survey=TIMEOUT,brand=405,smm=200,ssh22=OK,tcp443=OK
2026-10-01T05:45:38Z,zavod=401,survey=200,brand=405,smm=200,ssh22=OK,tcp443=OK
2026-10-01T05:50:41Z,zavod=401,survey=TIMEOUT,brand=405,smm=200,ssh22=OK,tcp443=OK
2026-10-01T05:55:41Z,zavod=401,survey=TIMEOUT,brand=TIMEOUT,smm=200,ssh22=OK,tcp443=OK
2026-10-01T06:01:04Z,zavod=401,survey=200,brand=405,smm=200,ssh22=OK,tcp443=OK
2026-10-01T06:05:43Z,zavod=401,survey=TIMEOUT,brand=TIMEOUT,smm=200,ssh22=OK,tcp443=OK
2026-10-01T06:10:58Z,zavod=401,survey=200,brand=405,smm=200,ssh22=OK,tcp443=OK
2026-10-01T06:16:02Z,zavod=401,survey=200,brand=405,smm=200,ssh22=OK,tcp443=OK
2026-10-01T06:20:35Z,zavod=401,survey=TIMEOUT,brand=405,smm=200,ssh22=OK,tcp443=OK
2026-10-01T06:25:35Z,zavod=401,survey=TIMEOUT,brand=405,smm=200,ssh22=OK,tcp443=OK
2026-10-01T06:30:55Z,zavod=401,survey=200,brand=405,smm=200,ssh22=OK,tcp443=OK
2026-10-01T06:35:57Z,zavod=401,survey=TIMEOUT,brand=405,smm=200,ssh22=OK,tcp443=OK
2026-10-01T06:40:31Z,zavod=401,survey=200,brand=TIMEOUT,smm=TIMEOUT,ssh22=OK,tcp443=OK
2026-10-01T06:45:58Z,zavod=401,survey=200,brand=405,smm=200,ssh22=OK,tcp443=OK
2026-10-01T06:50:53Z,zavod=401,survey=200,brand=405,smm=200,ssh22=OK,tcp443=OK
2026-10-01T06:55:46Z,zavod=401,survey=TIMEOUT,brand=405,smm=200,ssh22=FAIL,tcp443=FAIL
2026-10-01T07:00:59Z,zavod=401,survey=200,brand=405,smm=200,ssh22=OK,tcp443=OK
2026-10-01T07:05:32Z,zavod=401,survey=200,brand=405,smm=200,ssh22=OK,tcp443=OK
2026-10-01T07:10:31Z,zavod=401,survey=200,brand=405,smm=200,ssh22=OK,tcp443=OK
2026-10-01T07:15:52Z,zavod=401,survey=200,brand=405,smm=200,ssh22=OK,tcp443=OK
2026-10-01T07:20:32Z,zavod=401,survey=200,brand=405,smm=200,ssh22=OK,tcp443=OK
2026-10-01T07:25:27Z,zavod=401,survey=200,brand=405,smm=200,ssh22=OK,tcp443=OK
2026-10-01T07:31:02Z,zavod=401,survey=200,brand=405,smm=200,ssh22=OK,tcp443=OK
2026-10-01T07:35:29Z,zavod=401,survey=200,brand=405,smm=200,ssh22=OK,tcp443=OK
2026-10-01T07:40:37Z,zavod=401,survey=TIMEOUT,brand=405,smm=200,ssh22=OK,tcp443=OK
2026-10-01T07:45:36Z,zavod=401,survey=200,brand=TIMEOUT,smm=200,ssh22=OK,tcp443=OK
2026-10-01T07:50:35Z,zavod=401,survey=TIMEOUT,brand=TIMEOUT,smm=200,ssh22=OK,tcp443=OK
2026-10-01T07:55:51Z,zavod=401,survey=TIMEOUT,brand=TIMEOUT,smm=200,ssh22=OK,tcp443=OK
2026-10-01T08:01:06Z,zavod=401,survey=200,brand=405,smm=200,ssh22=OK,tcp443=OK
2026-10-01T08:05:38Z,zavod=401,survey=200,brand=405,smm=200,ssh22=OK,tcp443=OK
2026-10-01T08:10:36Z,zavod=401,survey=200,brand=405,smm=200,ssh22=OK,tcp443=OK
2026-10-01T08:15:41Z,zavod=401,survey=TIMEOUT,brand=405,smm=200,ssh22=OK,tcp443=OK
2026-10-01T08:20:36Z,zavod=401,survey=200,brand=405,smm=200,ssh22=OK,tcp443=OK
2026-10-01T08:25:37Z,zavod=401,survey=TIMEOUT,brand=405,smm=200,ssh22=OK,tcp443=OK
2026-10-01T08:30:37Z,zavod=401,survey=200,brand=405,smm=200,ssh22=OK,tcp443=OK
2026-10-01T08:35:41Z,zavod=401,survey=200,brand=405,smm=200,ssh22=OK,tcp443=OK
2026-10-01T08:40:34Z,zavod=401,survey=200,brand=405,smm=200,ssh22=OK,tcp443=OK
2026-10-01T08:45:39Z,zavod=401,survey=TIMEOUT,brand=TIMEOUT,smm=200,ssh22=OK,tcp443=OK
2026-10-01T08:50:32Z,zavod=401,survey=TIMEOUT,brand=405,smm=200,ssh22=OK,tcp443=OK
2026-10-01T08:55:33Z,zavod=401,survey=TIMEOUT,brand=405,smm=200,ssh22=OK,tcp443=OK
2026-10-01T09:01:11Z,zavod=401,survey=200,brand=405,smm=200,ssh22=OK,tcp443=OK
2026-10-01T09:05:38Z,zavod=401,survey=TIMEOUT,brand=TIMEOUT,smm=200,ssh22=OK,tcp443=OK
2026-10-01T09:10:32Z,zavod=401,survey=TIMEOUT,brand=405,smm=200,ssh22=OK,tcp443=OK
2026-10-01T09:16:00Z,zavod=401,survey=TIMEOUT,brand=405,smm=200,ssh22=OK,tcp443=OK
2026-10-01T09:20:56Z,zavod=401,survey=200,brand=405,smm=200,ssh22=OK,tcp443=OK
2026-10-01T09:25:48Z,zavod=401,survey=200,brand=405,smm=200,ssh22=OK,tcp443=OK
2026-10-01T09:30:49Z,zavod=401,survey=200,brand=TIMEOUT,smm=200,ssh22=OK,tcp443=OK
2026-10-01T09:35:45Z,zavod=401,survey=TIMEOUT,brand=405,smm=200,ssh22=OK,tcp443=OK
2026-10-01T09:40:42Z,zavod=401,survey=TIMEOUT,brand=405,smm=200,ssh22=OK,tcp443=OK
2026-10-01T09:45:39Z,zavod=401,survey=200,brand=405,smm=200,ssh22=OK,tcp443=OK
2026-10-01T09:50:34Z,zavod=401,survey=TIMEOUT,brand=405,smm=200,ssh22=OK,tcp443=OK
2026-10-01T09:55:26Z,zavod=401,survey=200,brand=405,smm=200,ssh22=OK,tcp443=OK
2026-10-01T10:01:05Z,zavod=401,survey=200,brand=405,smm=200,ssh22=OK,tcp443=OK
2026-10-01T10:05:31Z,zavod=401,survey=200,brand=405,smm=200,ssh22=OK,tcp443=OK
2026-10-01T10:10:55Z,zavod=401,survey=TIMEOUT,brand=405,smm=200,ssh22=OK,tcp443=OK
2026-10-01T10:15:54Z,zavod=401,survey=200,brand=405,smm=200,ssh22=OK,tcp443=OK
2026-10-01T10:20:30Z,zavod=401,survey=TIMEOUT,brand=TIMEOUT,smm=TIMEOUT,ssh22=OK,tcp443=OK
2026-10-01T10:25:31Z,zavod=401,survey=200,brand=TIMEOUT,smm=200,ssh22=OK,tcp443=OK
2026-10-01T10:31:00Z,zavod=401,survey=TIMEOUT,brand=TIMEOUT,smm=TIMEOUT,ssh22=OK,tcp443=OK
2026-10-01T10:35:53Z,zavod=401,survey=200,brand=405,smm=200,ssh22=OK,tcp443=OK
2026-10-01T10:40:48Z,zavod=401,survey=200,brand=405,smm=200,ssh22=OK,tcp443=OK
2026-10-01T10:45:52Z,zavod=401,survey=TIMEOUT,brand=405,smm=200,ssh22=OK,tcp443=OK
2026-10-01T10:50:46Z,zavod=401,survey=200,brand=405,smm=200,ssh22=OK,tcp443=OK
2026-10-01T10:55:37Z,zavod=401,survey=TIMEOUT,brand=TIMEOUT,smm=TIMEOUT,ssh22=OK,tcp443=OK
2026-10-01T11:00:46Z,zavod=401,survey=200,brand=405,smm=200,ssh22=OK,tcp443=OK
2026-10-01T11:05:44Z,zavod=401,survey=200,brand=405,smm=200,ssh22=OK,tcp443=OK
2026-10-01T11:10:39Z,zavod=401,survey=TIMEOUT,brand=405,smm=200,ssh22=OK,tcp443=OK
2026-10-01T11:15:38Z,zavod=401,survey=200,brand=TIMEOUT,smm=200,ssh22=OK,tcp443=OK
2026-10-01T11:20:57Z,zavod=401,survey=TIMEOUT,brand=405,smm=200,ssh22=OK,tcp443=OK
2026-10-01T11:25:52Z,zavod=401,survey=TIMEOUT,brand=405,smm=200,ssh22=OK,tcp443=OK
2026-10-01T11:31:05Z,zavod=401,survey=TIMEOUT,brand=405,smm=200,ssh22=OK,tcp443=OK
2026-10-01T11:35:30Z,zavod=401,survey=TIMEOUT,brand=405,smm=200,ssh22=OK,tcp443=OK
2026-10-01T11:40:36Z,zavod=401,survey=200,brand=405,smm=200,ssh22=OK,tcp443=OK
2026-10-01T11:45:33Z,zavod=401,survey=200,brand=405,smm=200,ssh22=OK,tcp443=OK
2026-10-01T11:50:59Z,zavod=401,survey=TIMEOUT,brand=405,smm=200,ssh22=OK,tcp443=OK
2026-10-01T11:55:30Z,zavod=401,survey=200,brand=405,smm=200,ssh22=OK,tcp443=OK
2026-10-01T12:01:11Z,zavod=401,survey=TIMEOUT,brand=405,smm=200,ssh22=OK,tcp443=OK
2026-10-01T12:05:39Z,zavod=401,survey=TIMEOUT,brand=405,smm=200,ssh22=OK,tcp443=OK
2026-10-01T12:10:36Z,zavod=401,survey=TIMEOUT,brand=405,smm=200,ssh22=OK,tcp443=OK
2026-10-01T12:15:34Z,zavod=401,survey=200,brand=405,smm=200,ssh22=OK,tcp443=OK
2026-10-01T12:20:31Z,zavod=TIMEOUT,survey=200,brand=405,smm=200,ssh22=OK,tcp443=OK
2026-10-01T12:25:54Z,zavod=401,survey=200,brand=405,smm=200,ssh22=OK,tcp443=OK
2026-10-01T12:30:57Z,zavod=401,survey=200,brand=405,smm=200,ssh22=OK,tcp443=OK
2026-10-01T12:35:50Z,zavod=401,survey=200,brand=405,smm=200,ssh22=OK,tcp443=OK
2026-10-01T12:40:55Z,zavod=401,survey=200,brand=405,smm=200,ssh22=OK,tcp443=OK
2026-10-01T12:45:51Z,zavod=401,survey=TIMEOUT,brand=405,smm=200,ssh22=OK,tcp443=OK
2026-10-01T12:50:48Z,zavod=401,survey=200,brand=405,smm=200,ssh22=OK,tcp443=OK
2026-10-01T12:55:52Z,zavod=401,survey=200,brand=405,smm=200,ssh22=OK,tcp443=OK
2026-10-01T13:01:03Z,zavod=401,survey=200,brand=405,smm=200,ssh22=OK,tcp443=OK
2026-10-01T13:05:30Z,zavod=401,survey=TIMEOUT,brand=TIMEOUT,smm=200,ssh22=OK,tcp443=OK
2026-10-01T13:10:56Z,zavod=401,survey=200,brand=405,smm=200,ssh22=OK,tcp443=OK
2026-10-01T13:15:54Z,zavod=401,survey=TIMEOUT,brand=405,smm=200,ssh22=OK,tcp443=OK
2026-10-01T13:20:31Z,zavod=401,survey=200,brand=405,smm=200,ssh22=OK,tcp443=OK
2026-10-01T13:25:44Z,zavod=401,survey=200,brand=405,smm=200,ssh22=OK,tcp443=OK
2026-10-01T13:30:58Z,zavod=401,survey=200,brand=405,smm=200,ssh22=OK,tcp443=OK
2026-10-01T13:35:53Z,zavod=401,survey=200,brand=405,smm=200,ssh22=OK,tcp443=OK
2026-10-01T13:40:51Z,zavod=401,survey=200,brand=405,smm=200,ssh22=OK,tcp443=OK
2026-10-01T13:45:49Z,zavod=401,survey=TIMEOUT,brand=405,smm=200,ssh22=OK,tcp443=OK
2026-10-01T13:50:47Z,zavod=401,survey=200,brand=405,smm=200,ssh22=OK,tcp443=OK
2026-10-01T13:55:41Z,zavod=401,survey=TIMEOUT,brand=405,smm=200,ssh22=OK,tcp443=OK
2026-10-01T14:00:52Z,zavod=401,survey=TIMEOUT,brand=405,smm=TIMEOUT,ssh22=OK,tcp443=OK
2026-10-01T14:05:49Z,zavod=401,survey=200,brand=405,smm=200,ssh22=OK,tcp443=OK
2026-10-01T14:10:44Z,zavod=TIMEOUT,survey=200,brand=TIMEOUT,smm=200,ssh22=OK,tcp443=OK
2026-10-01T14:15:40Z,zavod=401,survey=200,brand=405,smm=200,ssh22=OK,tcp443=OK
2026-10-01T14:20:35Z,zavod=401,survey=TIMEOUT,brand=405,smm=200,ssh22=OK,tcp443=OK
2026-10-01T14:25:28Z,zavod=401,survey=200,brand=TIMEOUT,smm=200,ssh22=OK,tcp443=OK
2026-10-01T14:31:00Z,zavod=401,survey=200,brand=405,smm=200,ssh22=OK,tcp443=OK
2026-10-01T14:35:55Z,zavod=TIMEOUT,survey=200,brand=TIMEOUT,smm=200,ssh22=OK,tcp443=OK
2026-10-01T14:40:31Z,zavod=401,survey=200,brand=405,smm=200,ssh22=OK,tcp443=OK
2026-10-01T14:45:58Z,zavod=401,survey=200,brand=405,smm=200,ssh22=OK,tcp443=OK
2026-10-01T14:50:53Z,zavod=401,survey=TIMEOUT,brand=TIMEOUT,smm=200,ssh22=OK,tcp443=OK
2026-10-01T14:55:46Z,zavod=401,survey=200,brand=405,smm=200,ssh22=OK,tcp443=OK
2026-10-01T15:00:57Z,zavod=401,survey=TIMEOUT,brand=405,smm=200,ssh22=OK,tcp443=OK
2026-10-01T15:05:33Z,zavod=401,survey=200,brand=405,smm=200,ssh22=OK,tcp443=OK
2026-10-01T15:10:58Z,zavod=401,survey=TIMEOUT,brand=405,smm=200,ssh22=OK,tcp443=OK
2026-10-01T15:15:33Z,zavod=401,survey=200,brand=405,smm=200,ssh22=OK,tcp443=OK
2026-10-01T15:20:59Z,zavod=401,survey=200,brand=405,smm=200,ssh22=OK,tcp443=OK
2026-10-01T15:25:49Z,zavod=401,survey=200,brand=405,smm=200,ssh22=OK,tcp443=OK
2026-10-01T15:30:48Z,zavod=401,survey=200,brand=405,smm=200,ssh22=OK,tcp443=OK
2026-10-01T15:35:41Z,zavod=401,survey=TIMEOUT,brand=405,smm=200,ssh22=OK,tcp443=OK
2026-10-01T15:40:34Z,zavod=401,survey=TIMEOUT,brand=TIMEOUT,smm=200,ssh22=OK,tcp443=OK
2026-10-01T15:45:37Z,zavod=401,survey=200,brand=405,smm=200,ssh22=OK,tcp443=OK
2026-10-01T15:50:30Z,zavod=401,survey=TIMEOUT,brand=405,smm=200,ssh22=OK,tcp443=OK
2026-10-01T15:55:49Z,zavod=401,survey=200,brand=405,smm=200,ssh22=OK,tcp443=OK
2026-10-01T16:00:56Z,zavod=401,survey=200,brand=405,smm=200,ssh22=OK,tcp443=OK
2026-10-01T16:05:31Z,zavod=401,survey=TIMEOUT,brand=TIMEOUT,smm=200,ssh22=OK,tcp443=OK
2026-10-01T16:10:54Z,zavod=401,survey=200,brand=405,smm=200,ssh22=OK,tcp443=OK
2026-10-01T16:15:49Z,zavod=401,survey=200,brand=405,smm=200,ssh22=OK,tcp443=OK
2026-10-01T16:20:41Z,zavod=401,survey=200,brand=405,smm=200,ssh22=OK,tcp443=OK
2026-10-01T16:25:30Z,zavod=401,survey=200,brand=405,smm=200,ssh22=OK,tcp443=OK
2026-10-01T16:30:58Z,zavod=401,survey=TIMEOUT,brand=405,smm=200,ssh22=OK,tcp443=OK
2026-10-01T16:35:49Z,zavod=401,survey=200,brand=405,smm=200,ssh22=OK,tcp443=OK
2026-10-01T16:40:42Z,zavod=401,survey=200,brand=405,smm=200,ssh22=OK,tcp443=OK
2026-10-01T16:45:35Z,zavod=401,survey=200,brand=405,smm=200,ssh22=OK,tcp443=OK
2026-10-01T16:50:57Z,zavod=401,survey=200,brand=405,smm=200,ssh22=OK,tcp443=OK
2026-10-01T16:55:26Z,zavod=401,survey=200,brand=405,smm=200,ssh22=OK,tcp443=OK
2026-10-01T17:01:13Z,zavod=401,survey=200,brand=405,smm=200,ssh22=OK,tcp443=OK
2026-10-01T17:05:36Z,zavod=401,survey=200,brand=405,smm=200,ssh22=OK,tcp443=OK
2026-10-01T17:10:37Z,zavod=401,survey=200,brand=405,smm=200,ssh22=OK,tcp443=OK
2026-10-01T17:15:59Z,zavod=401,survey=200,brand=405,smm=200,ssh22=OK,tcp443=OK
2026-10-01T17:20:50Z,zavod=401,survey=200,brand=405,smm=200,ssh22=OK,tcp443=OK
2026-10-01T17:25:39Z,zavod=401,survey=200,brand=405,smm=200,ssh22=OK,tcp443=OK
2026-10-01T17:31:06Z,zavod=401,survey=200,brand=405,smm=200,ssh22=OK,tcp443=OK
2026-10-01T17:35:25Z,zavod=401,survey=TIMEOUT,brand=405,smm=200,ssh22=OK,tcp443=OK
2026-10-01T17:40:57Z,zavod=401,survey=TIMEOUT,brand=405,smm=200,ssh22=OK,tcp443=OK
2026-10-01T17:45:49Z,zavod=401,survey=200,brand=405,smm=200,ssh22=OK,tcp443=OK
2026-10-01T17:50:40Z,zavod=401,survey=200,brand=405,smm=200,ssh22=OK,tcp443=OK
2026-10-01T17:55:38Z,zavod=401,survey=200,brand=405,smm=200,ssh22=OK,tcp443=OK
2026-10-01T18:01:13Z,zavod=401,survey=200,brand=405,smm=200,ssh22=OK,tcp443=OK
2026-10-01T18:05:35Z,zavod=401,survey=200,brand=405,smm=200,ssh22=OK,tcp443=OK
2026-10-01T18:10:56Z,zavod=401,survey=TIMEOUT,brand=TIMEOUT,smm=200,ssh22=OK,tcp443=OK
2026-10-01T18:15:57Z,zavod=401,survey=TIMEOUT,brand=405,smm=200,ssh22=OK,tcp443=OK
2026-10-01T18:20:46Z,zavod=401,survey=200,brand=405,smm=200,ssh22=OK,tcp443=OK
2026-10-01T18:25:32Z,zavod=401,survey=200,brand=405,smm=200,ssh22=OK,tcp443=OK
2026-10-01T18:30:37Z,zavod=401,survey=TIMEOUT,brand=405,smm=200,ssh22=OK,tcp443=OK
2026-10-01T18:35:26Z,zavod=401,survey=TIMEOUT,brand=TIMEOUT,smm=200,ssh22=OK,tcp443=OK
2026-10-01T18:40:48Z,zavod=401,survey=TIMEOUT,brand=405,smm=200,ssh22=OK,tcp443=OK
2026-10-01T18:45:39Z,zavod=401,survey=TIMEOUT,brand=405,smm=200,ssh22=OK,tcp443=OK
2026-10-01T18:50:30Z,zavod=401,survey=200,brand=405,smm=200,ssh22=OK,tcp443=OK
2026-10-01T18:55:47Z,zavod=401,survey=200,brand=405,smm=200,ssh22=OK,tcp443=OK
2026-10-01T19:00:50Z,zavod=401,survey=200,brand=405,smm=200,ssh22=OK,tcp443=OK
2026-10-01T19:05:41Z,zavod=401,survey=TIMEOUT,brand=405,smm=200,ssh22=OK,tcp443=OK
2026-10-01T19:10:30Z,zavod=401,survey=TIMEOUT,brand=405,smm=200,ssh22=OK,tcp443=OK
2026-10-01T19:15:49Z,zavod=401,survey=200,brand=405,smm=200,ssh22=OK,tcp443=OK
2026-10-01T19:20:37Z,zavod=401,survey=200,brand=TIMEOUT,smm=200,ssh22=OK,tcp443=OK
2026-10-01T19:25:31Z,zavod=401,survey=TIMEOUT,brand=405,smm=200,ssh22=OK,tcp443=OK
2026-10-01T19:30:54Z,zavod=401,survey=200,brand=405,smm=200,ssh22=OK,tcp443=OK
2026-10-01T19:35:41Z,zavod=401,survey=TIMEOUT,brand=405,smm=200,ssh22=OK,tcp443=OK
2026-10-01T19:40:28Z,zavod=401,survey=200,brand=405,smm=200,ssh22=OK,tcp443=OK
2026-10-01T19:45:46Z,zavod=401,survey=TIMEOUT,brand=405,smm=200,ssh22=OK,tcp443=OK
2026-10-01T19:55:46Z,zavod=401,survey=TIMEOUT,brand=405,smm=200,ssh22=OK,tcp443=OK
2026-10-01T20:00:46Z,zavod=401,survey=200,brand=405,smm=200,ssh22=OK,tcp443=OK
2026-10-01T20:05:33Z,zavod=401,survey=TIMEOUT,brand=405,smm=200,ssh22=OK,tcp443=OK
2026-10-01T20:10:29Z,zavod=401,survey=200,brand=405,smm=200,ssh22=OK,tcp443=OK
2026-10-01T20:15:38Z,zavod=401,survey=TIMEOUT,brand=405,smm=200,ssh22=OK,tcp443=OK
2026-10-01T20:20:55Z,zavod=401,survey=200,brand=405,smm=200,ssh22=OK,tcp443=OK
2026-10-01T20:25:39Z,zavod=401,survey=TIMEOUT,brand=TIMEOUT,smm=200,ssh22=OK,tcp443=OK
2026-10-01T20:31:01Z,zavod=401,survey=200,brand=TIMEOUT,smm=200,ssh22=OK,tcp443=OK
2026-10-01T20:35:46Z,zavod=401,survey=TIMEOUT,brand=TIMEOUT,smm=200,ssh22=OK,tcp443=OK
2026-10-01T20:40:32Z,zavod=401,survey=TIMEOUT,brand=TIMEOUT,smm=200,ssh22=OK,tcp443=OK
2026-10-01T20:45:50Z,zavod=401,survey=TIMEOUT,brand=405,smm=200,ssh22=OK,tcp443=OK
2026-10-01T20:50:38Z,zavod=401,survey=200,brand=405,smm=200,ssh22=OK,tcp443=OK
2026-10-01T20:55:52Z,zavod=401,survey=TIMEOUT,brand=405,smm=200,ssh22=OK,tcp443=OK
2026-10-01T21:00:52Z,zavod=401,survey=200,brand=TIMEOUT,smm=200,ssh22=OK,tcp443=OK
2026-10-01T21:05:40Z,zavod=401,survey=TIMEOUT,brand=405,smm=200,ssh22=OK,tcp443=OK
2026-10-01T21:10:56Z,zavod=401,survey=200,brand=TIMEOUT,smm=TIMEOUT,ssh22=OK,tcp443=OK
2026-10-01T21:15:43Z,zavod=401,survey=200,brand=405,smm=200,ssh22=OK,tcp443=OK
2026-10-01T21:20:30Z,zavod=401,survey=200,brand=405,smm=200,ssh22=OK,tcp443=OK
2026-10-01T21:25:53Z,zavod=TIMEOUT,survey=200,brand=TIMEOUT,smm=TIMEOUT,ssh22=OK,tcp443=OK
2026-10-01T21:30:43Z,zavod=401,survey=200,brand=405,smm=200,ssh22=OK,tcp443=OK
2026-10-01T21:35:27Z,zavod=401,survey=200,brand=405,smm=200,ssh22=FAIL,tcp443=FAIL
2026-10-01T21:40:53Z,zavod=401,survey=TIMEOUT,brand=TIMEOUT,smm=200,ssh22=OK,tcp443=OK
2026-10-01T21:45:48Z,zavod=401,survey=TIMEOUT,brand=TIMEOUT,smm=200,ssh22=OK,tcp443=OK
2026-10-01T21:50:31Z,zavod=401,survey=TIMEOUT,brand=405,smm=200,ssh22=OK,tcp443=OK
2026-10-01T21:55:43Z,zavod=401,survey=200,brand=405,smm=200,ssh22=OK,tcp443=OK
2026-10-01T22:01:11Z,zavod=401,survey=200,brand=405,smm=200,ssh22=OK,tcp443=OK
2026-10-01T22:05:39Z,zavod=401,survey=TIMEOUT,brand=TIMEOUT,smm=200,ssh22=OK,tcp443=OK
2026-10-01T22:10:33Z,zavod=401,survey=TIMEOUT,brand=405,smm=200,ssh22=OK,tcp443=OK
2026-10-01T22:15:47Z,zavod=401,survey=200,brand=405,smm=TIMEOUT,ssh22=OK,tcp443=OK
2026-10-01T22:20:31Z,zavod=401,survey=TIMEOUT,brand=405,smm=200,ssh22=OK,tcp443=OK
2026-10-01T22:25:42Z,zavod=401,survey=TIMEOUT,brand=405,smm=200,ssh22=OK,tcp443=OK
2026-10-01T22:31:03Z,zavod=401,survey=200,brand=405,smm=200,ssh22=OK,tcp443=OK
2026-10-01T22:35:47Z,zavod=401,survey=200,brand=TIMEOUT,smm=200,ssh22=OK,tcp443=OK
2026-10-01T22:40:33Z,zavod=401,survey=200,brand=405,smm=200,ssh22=OK,tcp443=OK
2026-10-01T22:45:31Z,zavod=401,survey=200,brand=405,smm=200,ssh22=OK,tcp443=OK
2026-10-01T22:50:47Z,zavod=401,survey=200,brand=405,smm=200,ssh22=OK,tcp443=OK
2026-10-01T22:55:29Z,zavod=401,survey=200,brand=405,smm=200,ssh22=OK,tcp443=OK
2026-10-01T23:01:06Z,zavod=401,survey=200,brand=405,smm=200,ssh22=OK,tcp443=OK
2026-10-01T23:05:26Z,zavod=401,survey=200,brand=405,smm=200,ssh22=OK,tcp443=OK
2026-10-01T23:10:48Z,zavod=401,survey=200,brand=405,smm=200,ssh22=OK,tcp443=OK
2026-10-01T23:15:40Z,zavod=401,survey=200,brand=405,smm=200,ssh22=OK,tcp443=OK
2026-10-01T23:20:42Z,zavod=401,survey=TIMEOUT,brand=405,smm=200,ssh22=OK,tcp443=OK
2026-10-01T23:25:42Z,zavod=401,survey=200,brand=405,smm=200,ssh22=OK,tcp443=OK
2026-10-01T23:30:52Z,zavod=401,survey=200,brand=405,smm=200,ssh22=OK,tcp443=OK
2026-10-01T23:35:41Z,zavod=401,survey=200,brand=405,smm=200,ssh22=OK,tcp443=OK
2026-10-01T23:40:31Z,zavod=401,survey=TIMEOUT,brand=405,smm=200,ssh22=OK,tcp443=OK
2026-10-01T23:45:53Z,zavod=401,survey=TIMEOUT,brand=TIMEOUT,smm=200,ssh22=OK,tcp443=OK
2026-10-01T23:50:43Z,zavod=TIMEOUT,survey=200,brand=TIMEOUT,smm=200,ssh22=OK,tcp443=OK
2026-10-01T23:55:30Z,zavod=401,survey=200,brand=405,smm=200,ssh22=OK,tcp443=OK
2026-10-02T00:01:08Z,zavod=401,survey=TIMEOUT,brand=TIMEOUT,smm=200,ssh22=FAIL,tcp443=FAIL
2026-10-02T00:05:44Z,zavod=401,survey=200,brand=405,smm=200,ssh22=OK,tcp443=OK
2026-10-02T00:10:47Z,zavod=401,survey=200,brand=405,smm=200,ssh22=OK,tcp443=OK
2026-10-02T00:15:40Z,zavod=401,survey=TIMEOUT,brand=405,smm=200,ssh22=OK,tcp443=OK
2026-10-02T00:20:32Z,zavod=401,survey=200,brand=405,smm=200,ssh22=OK,tcp443=OK
2026-10-02T00:25:30Z,zavod=401,survey=200,brand=TIMEOUT,smm=200,ssh22=FAIL,tcp443=FAIL
2026-10-02T00:30:38Z,zavod=401,survey=200,brand=TIMEOUT,smm=200,ssh22=OK,tcp443=OK
2026-10-02T00:35:29Z,zavod=401,survey=200,brand=405,smm=200,ssh22=OK,tcp443=OK
2026-10-02T00:40:30Z,zavod=401,survey=TIMEOUT,brand=TIMEOUT,smm=200,ssh22=OK,tcp443=OK
2026-10-02T00:45:52Z,zavod=401,survey=200,brand=405,smm=200,ssh22=OK,tcp443=OK
2026-10-02T00:50:53Z,zavod=TIMEOUT,survey=200,brand=405,smm=200,ssh22=OK,tcp443=OK
2026-10-02T00:55:40Z,zavod=401,survey=200,brand=405,smm=200,ssh22=OK,tcp443=OK
2026-10-02T01:00:58Z,zavod=401,survey=200,brand=405,smm=200,ssh22=OK,tcp443=OK
2026-10-02T01:05:49Z,zavod=401,survey=200,brand=TIMEOUT,smm=200,ssh22=OK,tcp443=OK
2026-10-02T01:10:29Z,zavod=401,survey=TIMEOUT,brand=405,smm=200,ssh22=OK,tcp443=OK
2026-10-02T01:15:31Z,zavod=401,survey=TIMEOUT,brand=405,smm=200,ssh22=OK,tcp443=OK
2026-10-02T01:20:52Z,zavod=401,survey=200,brand=405,smm=200,ssh22=OK,tcp443=OK
2026-10-02T01:25:38Z,zavod=401,survey=TIMEOUT,brand=405,smm=200,ssh22=OK,tcp443=OK
2026-10-02T01:31:04Z,zavod=401,survey=200,brand=405,smm=200,ssh22=OK,tcp443=OK
2026-10-02T01:35:51Z,zavod=401,survey=200,brand=405,smm=200,ssh22=OK,tcp443=OK
2026-10-02T01:40:42Z,zavod=401,survey=200,brand=405,smm=200,ssh22=OK,tcp443=OK
2026-10-02T01:45:33Z,zavod=401,survey=200,brand=TIMEOUT,smm=200,ssh22=OK,tcp443=OK
2026-10-02T01:50:54Z,zavod=401,survey=200,brand=405,smm=200,ssh22=OK,tcp443=OK
2026-10-02T01:55:41Z,zavod=401,survey=TIMEOUT,brand=405,smm=200,ssh22=OK,tcp443=OK
2026-10-02T02:00:58Z,zavod=401,survey=200,brand=405,smm=200,ssh22=OK,tcp443=OK
2026-10-02T02:05:50Z,zavod=401,survey=TIMEOUT,brand=405,smm=200,ssh22=OK,tcp443=OK
2026-10-02T02:10:40Z,zavod=401,survey=200,brand=405,smm=200,ssh22=OK,tcp443=OK
2026-10-02T02:15:33Z,zavod=401,survey=200,brand=405,smm=200,ssh22=OK,tcp443=OK
2026-10-02T02:20:34Z,zavod=401,survey=TIMEOUT,brand=TIMEOUT,smm=200,ssh22=OK,tcp443=OK
2026-10-02T02:25:51Z,zavod=401,survey=200,brand=405,smm=200,ssh22=OK,tcp443=OK
2026-10-02T02:30:48Z,zavod=401,survey=200,brand=405,smm=200,ssh22=OK,tcp443=OK
2026-10-02T02:35:38Z,zavod=401,survey=TIMEOUT,brand=405,smm=200,ssh22=OK,tcp443=OK
2026-10-02T02:40:59Z,zavod=401,survey=TIMEOUT,brand=405,smm=200,ssh22=OK,tcp443=OK
2026-10-02T02:45:31Z,zavod=401,survey=TIMEOUT,brand=405,smm=200,ssh22=OK,tcp443=OK
2026-10-02T02:50:52Z,zavod=401,survey=TIMEOUT,brand=405,smm=200,ssh22=OK,tcp443=OK
2026-10-02T02:55:40Z,zavod=401,survey=200,brand=405,smm=200,ssh22=OK,tcp443=OK
2026-10-02T03:00:46Z,zavod=401,survey=200,brand=405,smm=200,ssh22=OK,tcp443=OK
2026-10-02T03:05:49Z,zavod=401,survey=TIMEOUT,brand=405,smm=200,ssh22=OK,tcp443=OK
2026-10-02T03:10:50Z,zavod=401,survey=TIMEOUT,brand=405,smm=200,ssh22=OK,tcp443=OK
2026-10-02T03:15:43Z,zavod=401,survey=200,brand=405,smm=200,ssh22=FAIL,tcp443=FAIL
2026-10-02T03:20:35Z,zavod=401,survey=200,brand=405,smm=200,ssh22=OK,tcp443=OK
2026-10-02T03:25:54Z,zavod=401,survey=200,brand=405,smm=200,ssh22=OK,tcp443=OK
2026-10-02T03:30:51Z,zavod=401,survey=200,brand=405,smm=200,ssh22=OK,tcp443=OK
2026-10-02T03:35:42Z,zavod=401,survey=200,brand=405,smm=200,ssh22=OK,tcp443=OK
2026-10-02T03:40:45Z,zavod=401,survey=TIMEOUT,brand=TIMEOUT,smm=200,ssh22=OK,tcp443=OK
2026-10-02T03:45:37Z,zavod=401,survey=200,brand=405,smm=200,ssh22=OK,tcp443=OK
2026-10-02T03:50:39Z,zavod=401,survey=200,brand=405,smm=200,ssh22=OK,tcp443=OK
2026-10-02T03:55:27Z,zavod=401,survey=200,brand=405,smm=200,ssh22=OK,tcp443=OK
2026-10-02T04:00:46Z,zavod=401,survey=200,brand=405,smm=200,ssh22=OK,tcp443=OK
2026-10-02T04:05:40Z,zavod=401,survey=200,brand=405,smm=200,ssh22=OK,tcp443=OK
2026-10-02T04:10:33Z,zavod=401,survey=TIMEOUT,brand=405,smm=200,ssh22=OK,tcp443=OK
2026-10-02T04:15:56Z,zavod=401,survey=200,brand=405,smm=200,ssh22=OK,tcp443=OK
2026-10-02T04:20:48Z,zavod=401,survey=TIMEOUT,brand=405,smm=200,ssh22=OK,tcp443=OK
2026-10-02T04:25:35Z,zavod=401,survey=200,brand=405,smm=200,ssh22=OK,tcp443=OK
2026-10-02T04:31:02Z,zavod=401,survey=200,brand=405,smm=200,ssh22=OK,tcp443=OK
2026-10-02T04:35:50Z,zavod=401,survey=TIMEOUT,brand=405,smm=200,ssh22=OK,tcp443=OK
2026-10-02T04:40:41Z,zavod=401,survey=200,brand=405,smm=200,ssh22=OK,tcp443=OK
2026-10-02T04:45:43Z,zavod=401,survey=TIMEOUT,brand=405,smm=200,ssh22=OK,tcp443=OK
2026-10-02T04:50:33Z,zavod=401,survey=200,brand=TIMEOUT,smm=200,ssh22=OK,tcp443=OK
2026-10-02T04:55:51Z,zavod=401,survey=TIMEOUT,brand=405,smm=200,ssh22=OK,tcp443=OK
2026-10-02T05:00:56Z,zavod=401,survey=200,brand=405,smm=200,ssh22=OK,tcp443=OK
2026-10-02T05:05:49Z,zavod=401,survey=TIMEOUT,brand=405,smm=200,ssh22=OK,tcp443=OK
2026-10-02T05:10:40Z,zavod=401,survey=200,brand=405,smm=200,ssh22=OK,tcp443=OK
2026-10-02T05:15:43Z,zavod=401,survey=TIMEOUT,brand=TIMEOUT,smm=200,ssh22=OK,tcp443=OK
2026-10-02T05:20:34Z,zavod=401,survey=200,brand=405,smm=200,ssh22=OK,tcp443=OK
2026-10-02T05:25:53Z,zavod=401,survey=TIMEOUT,brand=405,smm=200,ssh22=OK,tcp443=OK
2026-10-02T05:30:51Z,zavod=401,survey=200,brand=405,smm=200,ssh22=OK,tcp443=OK
2026-10-02T05:35:43Z,zavod=401,survey=200,brand=405,smm=200,ssh22=OK,tcp443=OK
2026-10-02T05:40:48Z,zavod=401,survey=200,brand=405,smm=200,ssh22=OK,tcp443=OK
2026-10-02T05:45:43Z,zavod=401,survey=200,brand=405,smm=200,ssh22=OK,tcp443=OK
2026-10-02T05:50:34Z,zavod=401,survey=TIMEOUT,brand=TIMEOUT,smm=200,ssh22=OK,tcp443=OK
2026-10-02T05:55:52Z,zavod=401,survey=200,brand=405,smm=200,ssh22=OK,tcp443=OK
2026-10-02T06:01:01Z,zavod=401,survey=200,brand=405,smm=200,ssh22=OK,tcp443=OK
2026-10-02T06:05:26Z,zavod=401,survey=200,brand=405,smm=200,ssh22=OK,tcp443=OK
2026-10-02T06:10:49Z,zavod=401,survey=200,brand=405,smm=200,ssh22=OK,tcp443=OK
2026-10-02T06:15:45Z,zavod=401,survey=200,brand=TIMEOUT,smm=200,ssh22=OK,tcp443=OK
2026-10-02T06:20:38Z,zavod=401,survey=200,brand=405,smm=200,ssh22=OK,tcp443=OK
2026-10-02T06:25:29Z,zavod=401,survey=200,brand=405,smm=200,ssh22=OK,tcp443=OK
2026-10-02T06:31:01Z,zavod=401,survey=200,brand=405,smm=200,ssh22=OK,tcp443=OK
2026-10-02T06:35:55Z,zavod=401,survey=TIMEOUT,brand=405,smm=200,ssh22=OK,tcp443=OK
2026-10-02T06:40:51Z,zavod=401,survey=TIMEOUT,brand=TIMEOUT,smm=200,ssh22=OK,tcp443=OK
2026-10-02T06:45:58Z,zavod=401,survey=200,brand=405,smm=200,ssh22=FAIL,tcp443=FAIL
2026-10-02T06:50:54Z,zavod=401,survey=200,brand=405,smm=200,ssh22=OK,tcp443=OK
2026-10-02T06:55:49Z,zavod=401,survey=200,brand=405,smm=200,ssh22=OK,tcp443=OK
2026-10-02T07:01:01Z,zavod=401,survey=200,brand=405,smm=200,ssh22=OK,tcp443=OK
2026-10-02T07:05:29Z,zavod=401,survey=200,brand=405,smm=200,ssh22=FAIL,tcp443=FAIL
2026-10-02T07:10:54Z,zavod=401,survey=200,brand=405,smm=200,ssh22=OK,tcp443=OK
2026-10-02T07:15:52Z,zavod=401,survey=200,brand=405,smm=200,ssh22=OK,tcp443=OK
2026-10-02T07:20:47Z,zavod=401,survey=200,brand=405,smm=200,ssh22=OK,tcp443=OK
2026-10-02T07:25:40Z,zavod=TIMEOUT,survey=200,brand=405,smm=200,ssh22=OK,tcp443=OK
2026-10-02T07:30:42Z,zavod=401,survey=TIMEOUT,brand=405,smm=200,ssh22=OK,tcp443=OK
2026-10-02T07:35:36Z,zavod=401,survey=TIMEOUT,brand=405,smm=200,ssh22=OK,tcp443=OK
2026-10-02T07:40:43Z,zavod=401,survey=200,brand=405,smm=200,ssh22=OK,tcp443=OK
2026-10-02T07:45:39Z,zavod=401,survey=TIMEOUT,brand=TIMEOUT,smm=200,ssh22=OK,tcp443=OK
2026-10-02T07:50:35Z,zavod=401,survey=200,brand=405,smm=200,ssh22=OK,tcp443=OK
2026-10-02T07:55:50Z,zavod=401,survey=TIMEOUT,brand=TIMEOUT,smm=200,ssh22=OK,tcp443=OK
2026-10-02T08:01:01Z,zavod=401,survey=200,brand=405,smm=200,ssh22=OK,tcp443=OK
2026-10-02T08:05:40Z,zavod=401,survey=200,brand=405,smm=200,ssh22=OK,tcp443=OK
2026-10-02T08:10:37Z,zavod=401,survey=200,brand=405,smm=200,ssh22=OK,tcp443=OK
2026-10-02T08:15:36Z,zavod=401,survey=200,brand=405,smm=200,ssh22=OK,tcp443=OK
2026-10-02T08:20:36Z,zavod=401,survey=TIMEOUT,brand=405,smm=200,ssh22=OK,tcp443=OK
2026-10-02T08:25:29Z,zavod=401,survey=TIMEOUT,brand=TIMEOUT,smm=200,ssh22=OK,tcp443=OK
2026-10-02T08:31:04Z,zavod=401,survey=200,brand=405,smm=200,ssh22=OK,tcp443=OK
2026-10-02T08:35:30Z,zavod=401,survey=200,brand=405,smm=200,ssh22=OK,tcp443=OK
2026-10-02T08:40:57Z,zavod=401,survey=200,brand=405,smm=200,ssh22=FAIL,tcp443=FAIL
2026-10-02T08:45:56Z,zavod=401,survey=200,brand=405,smm=200,ssh22=OK,tcp443=OK
2026-10-02T08:50:53Z,zavod=401,survey=200,brand=405,smm=200,ssh22=OK,tcp443=OK
2026-10-02T08:55:48Z,zavod=401,survey=200,brand=405,smm=200,ssh22=OK,tcp443=OK
2026-10-02T09:01:01Z,zavod=401,survey=200,brand=405,smm=200,ssh22=OK,tcp443=OK
2026-10-02T09:05:31Z,zavod=401,survey=200,brand=405,smm=200,ssh22=OK,tcp443=OK
2026-10-02T09:11:01Z,zavod=401,survey=TIMEOUT,brand=405,smm=200,ssh22=OK,tcp443=OK
2026-10-02T09:15:58Z,zavod=401,survey=TIMEOUT,brand=TIMEOUT,smm=200,ssh22=OK,tcp443=OK
2026-10-02T09:20:45Z,zavod=401,survey=TIMEOUT,brand=405,smm=200,ssh22=OK,tcp443=OK
2026-10-02T09:25:38Z,zavod=401,survey=TIMEOUT,brand=405,smm=200,ssh22=OK,tcp443=OK
2026-10-02T09:30:41Z,zavod=401,survey=TIMEOUT,brand=TIMEOUT,smm=200,ssh22=OK,tcp443=OK
2026-10-02T09:35:38Z,zavod=401,survey=200,brand=405,smm=200,ssh22=OK,tcp443=OK
2026-10-02T09:40:49Z,zavod=401,survey=TIMEOUT,brand=405,smm=200,ssh22=OK,tcp443=OK
2026-10-02T09:45:51Z,zavod=401,survey=TIMEOUT,brand=405,smm=200,ssh22=OK,tcp443=OK
2026-10-02T09:50:51Z,zavod=401,survey=200,brand=405,smm=200,ssh22=OK,tcp443=OK
2026-10-02T09:55:46Z,zavod=401,survey=200,brand=405,smm=200,ssh22=OK,tcp443=OK
2026-10-02T10:01:01Z,zavod=401,survey=200,brand=405,smm=200,ssh22=OK,tcp443=OK
2026-10-02T10:05:32Z,zavod=401,survey=200,brand=405,smm=200,ssh22=OK,tcp443=OK
2026-10-02T10:10:31Z,zavod=401,survey=200,brand=405,smm=200,ssh22=OK,tcp443=OK
2026-10-02T10:16:02Z,zavod=401,survey=200,brand=405,smm=200,ssh22=OK,tcp443=OK
2026-10-02T10:20:31Z,zavod=401,survey=200,brand=405,smm=200,ssh22=OK,tcp443=OK
2026-10-02T10:25:28Z,zavod=401,survey=200,brand=405,smm=200,ssh22=OK,tcp443=OK
2026-10-02T10:30:44Z,zavod=401,survey=200,brand=405,smm=200,ssh22=OK,tcp443=OK
2026-10-02T10:35:41Z,zavod=401,survey=200,brand=405,smm=200,ssh22=OK,tcp443=OK
2026-10-02T10:40:39Z,zavod=401,survey=TIMEOUT,brand=405,smm=200,ssh22=OK,tcp443=OK
2026-10-02T10:45:39Z,zavod=401,survey=TIMEOUT,brand=405,smm=200,ssh22=OK,tcp443=OK
2026-10-02T10:50:52Z,zavod=401,survey=TIMEOUT,brand=405,smm=200,ssh22=OK,tcp443=OK
2026-10-02T10:55:47Z,zavod=401,survey=TIMEOUT,brand=405,smm=200,ssh22=OK,tcp443=OK
2026-10-02T11:00:59Z,zavod=401,survey=200,brand=405,smm=200,ssh22=FAIL,tcp443=FAIL
2026-10-02T11:05:29Z,zavod=TIMEOUT,survey=200,brand=405,smm=200,ssh22=OK,tcp443=OK
2026-10-02T11:10:58Z,zavod=401,survey=TIMEOUT,brand=405,smm=200,ssh22=OK,tcp443=OK
2026-10-02T11:15:57Z,zavod=401,survey=200,brand=405,smm=200,ssh22=OK,tcp443=OK
2026-10-02T11:20:56Z,zavod=401,survey=TIMEOUT,brand=405,smm=200,ssh22=OK,tcp443=OK
2026-10-02T11:25:51Z,zavod=401,survey=200,brand=405,smm=200,ssh22=OK,tcp443=OK
2026-10-02T11:31:06Z,zavod=401,survey=200,brand=405,smm=200,ssh22=OK,tcp443=OK
2026-10-02T11:35:34Z,zavod=401,survey=200,brand=405,smm=200,ssh22=OK,tcp443=OK
2026-10-02T11:40:33Z,zavod=401,survey=TIMEOUT,brand=405,smm=200,ssh22=OK,tcp443=OK
2026-10-02T11:45:32Z,zavod=401,survey=200,brand=405,smm=200,ssh22=OK,tcp443=OK
2026-10-02T11:50:31Z,zavod=401,survey=200,brand=405,smm=200,ssh22=OK,tcp443=OK
2026-10-02T11:55:26Z,zavod=401,survey=TIMEOUT,brand=405,smm=200,ssh22=OK,tcp443=OK
2026-10-02T12:00:52Z,zavod=401,survey=TIMEOUT,brand=TIMEOUT,smm=200,ssh22=OK,tcp443=OK
2026-10-02T12:05:55Z,zavod=401,survey=200,brand=405,smm=200,ssh22=OK,tcp443=OK
2026-10-02T12:10:56Z,zavod=401,survey=TIMEOUT,brand=405,smm=200,ssh22=OK,tcp443=OK
2026-10-02T12:15:57Z,zavod=401,survey=200,brand=405,smm=200,ssh22=OK,tcp443=OK
2026-10-02T12:20:38Z,zavod=401,survey=TIMEOUT,brand=405,smm=200,ssh22=OK,tcp443=OK
2026-10-02T12:25:33Z,zavod=401,survey=TIMEOUT,brand=405,smm=200,ssh22=OK,tcp443=OK
2026-10-02T12:30:48Z,zavod=401,survey=200,brand=405,smm=200,ssh22=OK,tcp443=OK
2026-10-02T12:35:47Z,zavod=401,survey=200,brand=405,smm=200,ssh22=OK,tcp443=OK
2026-10-02T12:40:47Z,zavod=401,survey=200,brand=405,smm=200,ssh22=OK,tcp443=OK
2026-10-02T12:45:48Z,zavod=401,survey=TIMEOUT,brand=405,smm=200,ssh22=OK,tcp443=OK
2026-10-02T12:50:48Z,zavod=401,survey=200,brand=405,smm=200,ssh22=OK,tcp443=OK
2026-10-02T12:55:44Z,zavod=401,survey=200,brand=405,smm=200,ssh22=OK,tcp443=OK
2026-10-02T13:00:57Z,zavod=401,survey=200,brand=405,smm=200,ssh22=OK,tcp443=OK
2026-10-02T13:05:38Z,zavod=401,survey=TIMEOUT,brand=405,smm=200,ssh22=OK,tcp443=OK
2026-10-02T13:10:36Z,zavod=401,survey=200,brand=405,smm=200,ssh22=OK,tcp443=OK
2026-10-02T13:15:37Z,zavod=401,survey=200,brand=TIMEOUT,smm=200,ssh22=OK,tcp443=OK
2026-10-02T13:20:36Z,zavod=401,survey=200,brand=TIMEOUT,smm=200,ssh22=OK,tcp443=OK
2026-10-02T13:25:32Z,zavod=401,survey=200,brand=TIMEOUT,smm=200,ssh22=OK,tcp443=OK
2026-10-02T13:30:48Z,zavod=401,survey=200,brand=405,smm=200,ssh22=OK,tcp443=OK
2026-10-02T13:35:47Z,zavod=401,survey=200,brand=405,smm=200,ssh22=OK,tcp443=OK
2026-10-02T13:40:46Z,zavod=401,survey=200,brand=405,smm=200,ssh22=OK,tcp443=OK
2026-10-02T13:45:46Z,zavod=401,survey=200,brand=405,smm=200,ssh22=FAIL,tcp443=FAIL
2026-10-02T13:50:45Z,zavod=401,survey=TIMEOUT,brand=405,smm=200,ssh22=OK,tcp443=OK
2026-10-02T13:55:42Z,zavod=401,survey=200,brand=405,smm=200,ssh22=OK,tcp443=OK
2026-10-02T14:00:55Z,zavod=401,survey=TIMEOUT,brand=405,smm=200,ssh22=OK,tcp443=OK
2026-10-02T14:05:55Z,zavod=401,survey=200,brand=405,smm=200,ssh22=OK,tcp443=OK
2026-10-02T14:10:54Z,zavod=401,survey=200,brand=405,smm=200,ssh22=OK,tcp443=OK
2026-10-02T14:15:55Z,zavod=401,survey=200,brand=405,smm=200,ssh22=OK,tcp443=OK
2026-10-02T14:20:54Z,zavod=401,survey=TIMEOUT,brand=405,smm=200,ssh22=OK,tcp443=OK
2026-10-02T14:25:50Z,zavod=401,survey=200,brand=405,smm=200,ssh22=OK,tcp443=OK
2026-10-02T14:30:55Z,zavod=401,survey=200,brand=405,smm=200,ssh22=OK,tcp443=OK
2026-10-02T14:35:52Z,zavod=401,survey=200,brand=405,smm=200,ssh22=OK,tcp443=OK
2026-10-02T14:40:31Z,zavod=401,survey=200,brand=405,smm=200,ssh22=OK,tcp443=OK
2026-10-02T14:46:01Z,zavod=401,survey=200,brand=405,smm=200,ssh22=OK,tcp443=OK
2026-10-02T14:50:59Z,zavod=401,survey=TIMEOUT,brand=405,smm=200,ssh22=OK,tcp443=OK
2026-10-02T14:55:34Z,zavod=401,survey=TIMEOUT,brand=405,smm=200,ssh22=OK,tcp443=OK
2026-10-02T15:00:49Z,zavod=401,survey=200,brand=405,smm=200,ssh22=OK,tcp443=OK
2026-10-02T15:05:49Z,zavod=401,survey=200,brand=405,smm=200,ssh22=OK,tcp443=OK
2026-10-02T15:10:47Z,zavod=401,survey=200,brand=405,smm=200,ssh22=OK,tcp443=OK
2026-10-02T15:15:44Z,zavod=401,survey=200,brand=405,smm=200,ssh22=OK,tcp443=OK
2026-10-02T15:20:42Z,zavod=401,survey=200,brand=405,smm=200,ssh22=OK,tcp443=OK
2026-10-02T15:25:35Z,zavod=401,survey=200,brand=405,smm=200,ssh22=OK,tcp443=OK
2026-10-02T15:30:48Z,zavod=401,survey=TIMEOUT,brand=TIMEOUT,smm=200,ssh22=OK,tcp443=OK
2026-10-02T15:35:45Z,zavod=401,survey=200,brand=405,smm=200,ssh22=OK,tcp443=OK
2026-10-02T15:40:42Z,zavod=401,survey=TIMEOUT,brand=405,smm=200,ssh22=OK,tcp443=OK
2026-10-02T15:45:40Z,zavod=401,survey=TIMEOUT,brand=405,smm=200,ssh22=OK,tcp443=OK
2026-10-02T15:50:38Z,zavod=401,survey=TIMEOUT,brand=405,smm=200,ssh22=OK,tcp443=OK
2026-10-02T15:55:33Z,zavod=401,survey=200,brand=405,smm=200,ssh22=OK,tcp443=OK
2026-10-02T16:00:57Z,zavod=401,survey=200,brand=405,smm=200,ssh22=OK,tcp443=OK
2026-10-02T16:05:27Z,zavod=401,survey=TIMEOUT,brand=405,smm=200,ssh22=OK,tcp443=OK
2026-10-02T16:10:54Z,zavod=401,survey=TIMEOUT,brand=405,smm=200,ssh22=OK,tcp443=OK
2026-10-02T16:15:53Z,zavod=401,survey=200,brand=405,smm=200,ssh22=OK,tcp443=OK
2026-10-02T16:20:53Z,zavod=401,survey=200,brand=405,smm=200,ssh22=OK,tcp443=OK
2026-10-02T16:25:47Z,zavod=401,survey=200,brand=405,smm=200,ssh22=OK,tcp443=OK
2026-10-02T16:30:52Z,zavod=401,survey=200,brand=405,smm=200,ssh22=OK,tcp443=OK
2026-10-02T16:35:49Z,zavod=401,survey=TIMEOUT,brand=405,smm=200,ssh22=OK,tcp443=OK
2026-10-02T16:40:47Z,zavod=401,survey=200,brand=405,smm=200,ssh22=OK,tcp443=OK
2026-10-02T16:45:46Z,zavod=401,survey=200,brand=405,smm=200,ssh22=OK,tcp443=OK
2026-10-02T16:50:43Z,zavod=401,survey=200,brand=405,smm=200,ssh22=OK,tcp443=OK
2026-10-02T16:55:36Z,zavod=401,survey=200,brand=TIMEOUT,smm=TIMEOUT,ssh22=OK,tcp443=OK
2026-10-02T17:00:47Z,zavod=401,survey=TIMEOUT,brand=405,smm=200,ssh22=OK,tcp443=OK
2026-10-02T17:05:46Z,zavod=401,survey=TIMEOUT,brand=405,smm=200,ssh22=OK,tcp443=OK
2026-10-02T17:10:42Z,zavod=401,survey=200,brand=405,smm=200,ssh22=OK,tcp443=OK
2026-10-02T17:15:39Z,zavod=401,survey=200,brand=405,smm=200,ssh22=OK,tcp443=OK
2026-10-02T17:20:46Z,zavod=401,survey=200,brand=405,smm=200,ssh22=OK,tcp443=OK
2026-10-02T17:25:39Z,zavod=401,survey=TIMEOUT,brand=405,smm=200,ssh22=OK,tcp443=OK
2026-10-02T17:30:40Z,zavod=401,survey=200,brand=405,smm=200,ssh22=OK,tcp443=OK
2026-10-02T17:35:35Z,zavod=401,survey=200,brand=405,smm=200,ssh22=OK,tcp443=OK
2026-10-02T17:40:42Z,zavod=401,survey=200,brand=405,smm=200,ssh22=OK,tcp443=OK
2026-10-02T17:45:50Z,zavod=401,survey=TIMEOUT,brand=405,smm=200,ssh22=OK,tcp443=OK
2026-10-02T17:50:47Z,zavod=401,survey=TIMEOUT,brand=405,smm=200,ssh22=OK,tcp443=OK
2026-10-02T17:55:50Z,zavod=401,survey=200,brand=405,smm=200,ssh22=OK,tcp443=OK
2026-10-02T18:01:02Z,zavod=401,survey=200,brand=405,smm=200,ssh22=OK,tcp443=OK
2026-10-02T18:05:28Z,zavod=401,survey=TIMEOUT,brand=405,smm=200,ssh22=OK,tcp443=OK
2026-10-02T18:10:53Z,zavod=401,survey=200,brand=405,smm=200,ssh22=OK,tcp443=OK
2026-10-02T18:15:49Z,zavod=401,survey=200,brand=405,smm=200,ssh22=OK,tcp443=OK
2026-10-02T18:20:46Z,zavod=401,survey=TIMEOUT,brand=405,smm=200,ssh22=OK,tcp443=OK
2026-10-02T18:25:48Z,zavod=401,survey=200,brand=405,smm=200,ssh22=OK,tcp443=OK
2026-10-02T18:30:51Z,zavod=401,survey=200,brand=405,smm=200,ssh22=OK,tcp443=OK
2026-10-02T18:35:46Z,zavod=401,survey=200,brand=405,smm=200,ssh22=OK,tcp443=OK
2026-10-02T18:40:41Z,zavod=401,survey=TIMEOUT,brand=405,smm=200,ssh22=OK,tcp443=OK
2026-10-02T18:45:35Z,zavod=TIMEOUT,survey=200,brand=405,smm=200,ssh22=OK,tcp443=OK
2026-10-02T18:50:49Z,zavod=401,survey=200,brand=405,smm=200,ssh22=OK,tcp443=OK
2026-10-02T18:55:48Z,zavod=401,survey=TIMEOUT,brand=405,smm=200,ssh22=OK,tcp443=OK
2026-10-02T19:00:55Z,zavod=401,survey=200,brand=405,smm=200,ssh22=OK,tcp443=OK
2026-10-02T19:05:49Z,zavod=401,survey=TIMEOUT,brand=405,smm=200,ssh22=OK,tcp443=OK
2026-10-02T19:10:43Z,zavod=401,survey=TIMEOUT,brand=405,smm=200,ssh22=OK,tcp443=OK
2026-10-02T19:15:36Z,zavod=401,survey=200,brand=405,smm=200,ssh22=OK,tcp443=OK
2026-10-02T19:20:58Z,zavod=401,survey=200,brand=405,smm=200,ssh22=OK,tcp443=OK
2026-10-02T19:25:47Z,zavod=401,survey=TIMEOUT,brand=TIMEOUT,smm=200,ssh22=OK,tcp443=OK
2026-10-02T19:30:42Z,zavod=401,survey=200,brand=405,smm=200,ssh22=OK,tcp443=OK
2026-10-02T19:35:46Z,zavod=401,survey=TIMEOUT,brand=405,smm=200,ssh22=OK,tcp443=OK
2026-10-02T19:40:37Z,zavod=401,survey=200,brand=405,smm=200,ssh22=OK,tcp443=OK
2026-10-02T19:45:39Z,zavod=401,survey=200,brand=405,smm=200,ssh22=OK,tcp443=OK
2026-10-02T19:50:39Z,zavod=401,survey=200,brand=TIMEOUT,smm=200,ssh22=OK,tcp443=OK
2026-10-02T19:55:26Z,zavod=401,survey=200,brand=405,smm=200,ssh22=OK,tcp443=OK
2026-10-02T20:01:10Z,zavod=401,survey=TIMEOUT,brand=405,smm=200,ssh22=OK,tcp443=OK
2026-10-02T20:05:32Z,zavod=401,survey=TIMEOUT,brand=TIMEOUT,smm=200,ssh22=OK,tcp443=OK
2026-10-02T20:10:53Z,zavod=401,survey=200,brand=405,smm=200,ssh22=OK,tcp443=OK
2026-10-02T20:15:54Z,zavod=401,survey=200,brand=405,smm=200,ssh22=OK,tcp443=OK
2026-10-02T20:20:54Z,zavod=401,survey=200,brand=405,smm=200,ssh22=OK,tcp443=OK
2026-10-02T20:25:42Z,zavod=401,survey=200,brand=405,smm=200,ssh22=OK,tcp443=OK
2026-10-02T20:30:47Z,zavod=401,survey=200,brand=405,smm=200,ssh22=OK,tcp443=OK
2026-10-02T20:35:35Z,zavod=401,survey=200,brand=405,smm=200,ssh22=OK,tcp443=OK
2026-10-02T20:40:35Z,zavod=401,survey=TIMEOUT,brand=405,smm=200,ssh22=OK,tcp443=OK
2026-10-02T20:45:35Z,zavod=401,survey=TIMEOUT,brand=TIMEOUT,smm=200,ssh22=OK,tcp443=OK
2026-10-02T20:50:54Z,zavod=401,survey=TIMEOUT,brand=405,smm=200,ssh22=OK,tcp443=OK
2026-10-02T20:55:41Z,zavod=401,survey=TIMEOUT,brand=405,smm=200,ssh22=OK,tcp443=OK
2026-10-02T21:01:06Z,zavod=401,survey=200,brand=405,smm=200,ssh22=OK,tcp443=OK
2026-10-02T21:05:37Z,zavod=401,survey=200,brand=405,smm=200,ssh22=OK,tcp443=OK
2026-10-02T21:10:37Z,zavod=401,survey=200,brand=405,smm=200,ssh22=OK,tcp443=OK
2026-10-02T21:15:57Z,zavod=401,survey=TIMEOUT,brand=405,smm=200,ssh22=OK,tcp443=OK
2026-10-02T21:20:49Z,zavod=401,survey=TIMEOUT,brand=405,smm=200,ssh22=OK,tcp443=OK
2026-10-02T21:25:27Z,zavod=401,survey=TIMEOUT,brand=TIMEOUT,smm=200,ssh22=OK,tcp443=OK
2026-10-02T21:30:55Z,zavod=401,survey=TIMEOUT,brand=TIMEOUT,smm=200,ssh22=OK,tcp443=OK
2026-10-02T21:35:44Z,zavod=401,survey=200,brand=405,smm=200,ssh22=OK,tcp443=OK
2026-10-02T21:40:34Z,zavod=401,survey=200,brand=405,smm=200,ssh22=OK,tcp443=OK
2026-10-02T21:45:54Z,zavod=401,survey=TIMEOUT,brand=TIMEOUT,smm=TIMEOUT,ssh22=OK,tcp443=OK
2026-10-02T21:50:43Z,zavod=401,survey=TIMEOUT,brand=TIMEOUT,smm=200,ssh22=OK,tcp443=OK
2026-10-02T21:55:28Z,zavod=401,survey=200,brand=405,smm=200,ssh22=OK,tcp443=OK
2026-10-02T22:01:00Z,zavod=401,survey=TIMEOUT,brand=405,smm=200,ssh22=OK,tcp443=OK
2026-10-02T22:05:49Z,zavod=401,survey=200,brand=TIMEOUT,smm=200,ssh22=OK,tcp443=OK
2026-10-02T22:10:36Z,zavod=401,survey=200,brand=405,smm=200,ssh22=OK,tcp443=OK
2026-10-02T22:15:53Z,zavod=401,survey=200,brand=405,smm=200,ssh22=OK,tcp443=OK
2026-10-02T22:20:51Z,zavod=401,survey=200,brand=405,smm=200,ssh22=OK,tcp443=OK
2026-10-02T22:25:34Z,zavod=401,survey=200,brand=405,smm=200,ssh22=OK,tcp443=OK
2026-10-02T22:30:57Z,zavod=401,survey=TIMEOUT,brand=405,smm=200,ssh22=OK,tcp443=OK
2026-10-02T22:35:54Z,zavod=401,survey=200,brand=405,smm=200,ssh22=OK,tcp443=OK
2026-10-02T22:40:42Z,zavod=401,survey=TIMEOUT,brand=405,smm=200,ssh22=OK,tcp443=OK
2026-10-02T22:45:30Z,zavod=401,survey=TIMEOUT,brand=TIMEOUT,smm=200,ssh22=OK,tcp443=OK
2026-10-02T22:50:28Z,zavod=401,survey=200,brand=405,smm=200,ssh22=OK,tcp443=OK
2026-10-02T22:55:52Z,zavod=401,survey=200,brand=405,smm=200,ssh22=OK,tcp443=OK
2026-10-02T23:00:53Z,zavod=401,survey=200,brand=405,smm=200,ssh22=OK,tcp443=OK
2026-10-02T23:05:43Z,zavod=401,survey=TIMEOUT,brand=405,smm=200,ssh22=OK,tcp443=OK
2026-10-02T23:10:54Z,zavod=401,survey=200,brand=405,smm=200,ssh22=FAIL,tcp443=FAIL
2026-10-02T23:15:52Z,zavod=401,survey=200,brand=405,smm=200,ssh22=OK,tcp443=OK
2026-10-02T23:20:39Z,zavod=401,survey=200,brand=TIMEOUT,smm=200,ssh22=OK,tcp443=OK
2026-10-02T23:25:52Z,zavod=401,survey=TIMEOUT,brand=405,smm=200,ssh22=OK,tcp443=OK
2026-10-02T23:30:55Z,zavod=401,survey=200,brand=405,smm=200,ssh22=OK,tcp443=OK
2026-10-02T23:35:41Z,zavod=401,survey=200,brand=405,smm=200,ssh22=FAIL,tcp443=FAIL
2026-10-02T23:40:57Z,zavod=401,survey=TIMEOUT,brand=405,smm=200,ssh22=OK,tcp443=OK
2026-10-02T23:45:44Z,zavod=401,survey=TIMEOUT,brand=405,smm=200,ssh22=OK,tcp443=OK
2026-10-02T23:50:30Z,zavod=401,survey=TIMEOUT,brand=405,smm=200,ssh22=OK,tcp443=OK
2026-10-02T23:55:43Z,zavod=401,survey=200,brand=405,smm=200,ssh22=OK,tcp443=OK
2026-10-03T00:01:15Z,zavod=401,survey=200,brand=405,smm=200,ssh22=FAIL,tcp443=FAIL
2026-10-03T00:05:47Z,zavod=401,survey=200,brand=405,smm=200,ssh22=OK,tcp443=OK
2026-10-03T00:10:34Z,zavod=401,survey=TIMEOUT,brand=405,smm=200,ssh22=OK,tcp443=OK
2026-10-03T00:15:52Z,zavod=401,survey=200,brand=405,smm=200,ssh22=OK,tcp443=OK
2026-10-03T00:20:38Z,zavod=401,survey=200,brand=TIMEOUT,smm=200,ssh22=OK,tcp443=OK
2026-10-03T00:25:32Z,zavod=401,survey=200,brand=405,smm=200,ssh22=OK,tcp443=OK
2026-10-03T00:30:36Z,zavod=401,survey=TIMEOUT,brand=405,smm=200,ssh22=OK,tcp443=OK
2026-10-03T00:35:50Z,zavod=401,survey=200,brand=405,smm=200,ssh22=OK,tcp443=OK
2026-10-03T00:40:37Z,zavod=401,survey=TIMEOUT,brand=TIMEOUT,smm=TIMEOUT,ssh22=FAIL,tcp443=FAIL
2026-10-03T00:45:33Z,zavod=401,survey=200,brand=405,smm=200,ssh22=OK,tcp443=OK
2026-10-03T00:50:48Z,zavod=401,survey=200,brand=405,smm=200,ssh22=OK,tcp443=OK
2026-10-03T00:55:41Z,zavod=401,survey=TIMEOUT,brand=TIMEOUT,smm=200,ssh22=OK,tcp443=OK
2026-10-03T01:01:09Z,zavod=401,survey=200,brand=405,smm=200,ssh22=OK,tcp443=OK
2026-10-03T01:05:27Z,zavod=401,survey=TIMEOUT,brand=TIMEOUT,smm=200,ssh22=OK,tcp443=OK
2026-10-03T01:10:54Z,zavod=401,survey=TIMEOUT,brand=TIMEOUT,smm=200,ssh22=OK,tcp443=OK
2026-10-03T01:15:51Z,zavod=401,survey=TIMEOUT,brand=405,smm=200,ssh22=OK,tcp443=OK
2026-10-03T01:20:36Z,zavod=401,survey=200,brand=405,smm=200,ssh22=OK,tcp443=OK
2026-10-03T01:25:49Z,zavod=401,survey=200,brand=405,smm=200,ssh22=OK,tcp443=OK
2026-10-03T01:30:41Z,zavod=401,survey=TIMEOUT,brand=405,smm=200,ssh22=OK,tcp443=OK
2026-10-03T01:35:40Z,zavod=401,survey=200,brand=405,smm=200,ssh22=OK,tcp443=OK
2026-10-03T01:40:56Z,zavod=401,survey=TIMEOUT,brand=TIMEOUT,smm=200,ssh22=OK,tcp443=OK
2026-10-03T01:45:53Z,zavod=401,survey=200,brand=405,smm=200,ssh22=OK,tcp443=OK
2026-10-03T01:50:40Z,zavod=401,survey=TIMEOUT,brand=TIMEOUT,smm=200,ssh22=OK,tcp443=OK
2026-10-03T01:55:52Z,zavod=401,survey=200,brand=405,smm=200,ssh22=OK,tcp443=OK
2026-10-03T02:00:52Z,zavod=401,survey=TIMEOUT,brand=405,smm=200,ssh22=OK,tcp443=OK
2026-10-03T02:05:41Z,zavod=401,survey=TIMEOUT,brand=TIMEOUT,smm=200,ssh22=OK,tcp443=OK
2026-10-03T02:10:30Z,zavod=401,survey=200,brand=405,smm=200,ssh22=OK,tcp443=OK
2026-10-03T02:15:48Z,zavod=TIMEOUT,survey=200,brand=405,smm=200,ssh22=OK,tcp443=OK
2026-10-03T02:20:36Z,zavod=401,survey=200,brand=405,smm=200,ssh22=OK,tcp443=OK
2026-10-03T02:25:30Z,zavod=401,survey=200,brand=405,smm=200,ssh22=OK,tcp443=OK
2026-10-03T02:30:54Z,zavod=401,survey=200,brand=405,smm=200,ssh22=OK,tcp443=OK
2026-10-03T02:35:40Z,zavod=401,survey=200,brand=405,smm=200,ssh22=OK,tcp443=OK
2026-10-03T02:40:36Z,zavod=401,survey=TIMEOUT,brand=405,smm=TIMEOUT,ssh22=OK,tcp443=OK
2026-10-03T02:45:53Z,zavod=401,survey=TIMEOUT,brand=405,smm=200,ssh22=OK,tcp443=OK
2026-10-03T02:50:40Z,zavod=401,survey=TIMEOUT,brand=405,smm=200,ssh22=OK,tcp443=OK
2026-10-03T02:55:53Z,zavod=TIMEOUT,survey=200,brand=TIMEOUT,smm=TIMEOUT,ssh22=OK,tcp443=OK
2026-10-03T03:00:54Z,zavod=401,survey=TIMEOUT,brand=TIMEOUT,smm=200,ssh22=OK,tcp443=OK
2026-10-03T03:05:54Z,zavod=401,survey=TIMEOUT,brand=405,smm=200,ssh22=OK,tcp443=OK
2026-10-03T03:10:41Z,zavod=401,survey=TIMEOUT,brand=405,smm=200,ssh22=OK,tcp443=OK
2026-10-03T03:15:39Z,zavod=401,survey=200,brand=405,smm=200,ssh22=OK,tcp443=OK
2026-10-03T03:20:56Z,zavod=401,survey=200,brand=405,smm=200,ssh22=OK,tcp443=OK
2026-10-03T03:25:50Z,zavod=401,survey=TIMEOUT,brand=405,smm=200,ssh22=OK,tcp443=OK
2026-10-03T03:30:42Z,zavod=401,survey=200,brand=405,smm=200,ssh22=OK,tcp443=OK
2026-10-03T03:35:28Z,zavod=401,survey=200,brand=405,smm=200,ssh22=OK,tcp443=OK
2026-10-03T03:40:47Z,zavod=401,survey=200,brand=405,smm=200,ssh22=OK,tcp443=OK
2026-10-03T03:45:35Z,zavod=401,survey=200,brand=405,smm=TIMEOUT,ssh22=OK,tcp443=OK
2026-10-03T03:50:53Z,zavod=401,survey=200,brand=405,smm=200,ssh22=OK,tcp443=OK
2026-10-03T03:55:47Z,zavod=401,survey=TIMEOUT,brand=TIMEOUT,smm=200,ssh22=OK,tcp443=OK
2026-10-03T04:00:49Z,zavod=401,survey=200,brand=405,smm=200,ssh22=OK,tcp443=OK
2026-10-03T04:05:41Z,zavod=401,survey=200,brand=405,smm=200,ssh22=OK,tcp443=OK
2026-10-03T04:10:29Z,zavod=401,survey=200,brand=405,smm=200,ssh22=OK,tcp443=OK
2026-10-03T04:15:51Z,zavod=401,survey=TIMEOUT,brand=405,smm=200,ssh22=OK,tcp443=OK
2026-10-03T04:20:39Z,zavod=401,survey=TIMEOUT,brand=TIMEOUT,smm=200,ssh22=OK,tcp443=OK
2026-10-03T04:25:53Z,zavod=401,survey=200,brand=405,smm=200,ssh22=OK,tcp443=OK
2026-10-03T04:30:57Z,zavod=401,survey=TIMEOUT,brand=405,smm=200,ssh22=OK,tcp443=OK
2026-10-03T04:35:46Z,zavod=401,survey=TIMEOUT,brand=TIMEOUT,smm=200,ssh22=OK,tcp443=OK
2026-10-03T04:40:35Z,zavod=401,survey=200,brand=405,smm=200,ssh22=OK,tcp443=OK
2026-10-03T04:45:36Z,zavod=401,survey=200,brand=405,smm=200,ssh22=OK,tcp443=OK
2026-10-03T04:50:36Z,zavod=401,survey=TIMEOUT,brand=405,smm=200,ssh22=OK,tcp443=OK
2026-10-03T04:55:51Z,zavod=401,survey=TIMEOUT,brand=405,smm=200,ssh22=OK,tcp443=OK
2026-10-03T05:00:54Z,zavod=401,survey=200,brand=405,smm=200,ssh22=OK,tcp443=OK
2026-10-03T05:05:52Z,zavod=401,survey=200,brand=405,smm=200,ssh22=OK,tcp443=OK
2026-10-03T05:10:40Z,zavod=401,survey=TIMEOUT,brand=405,smm=200,ssh22=OK,tcp443=OK
2026-10-03T05:15:58Z,zavod=401,survey=200,brand=405,smm=200,ssh22=OK,tcp443=OK
2026-10-03T05:20:47Z,zavod=401,survey=200,brand=405,smm=200,ssh22=OK,tcp443=OK
2026-10-03T05:25:32Z,zavod=401,survey=TIMEOUT,brand=405,smm=200,ssh22=OK,tcp443=OK
2026-10-03T05:30:55Z,zavod=401,survey=200,brand=405,smm=200,ssh22=OK,tcp443=OK
2026-10-03T05:35:42Z,zavod=401,survey=200,brand=405,smm=200,ssh22=OK,tcp443=OK
2026-10-03T05:40:43Z,zavod=401,survey=200,brand=405,smm=200,ssh22=OK,tcp443=OK
2026-10-03T05:45:31Z,zavod=401,survey=200,brand=405,smm=200,ssh22=OK,tcp443=OK
2026-10-03T05:50:29Z,zavod=401,survey=TIMEOUT,brand=TIMEOUT,smm=200,ssh22=OK,tcp443=OK
2026-10-03T05:55:25Z,zavod=401,survey=TIMEOUT,brand=405,smm=200,ssh22=OK,tcp443=OK
2026-10-03T06:01:11Z,zavod=401,survey=TIMEOUT,brand=TIMEOUT,smm=200,ssh22=OK,tcp443=OK
2026-10-03T06:05:31Z,zavod=401,survey=TIMEOUT,brand=TIMEOUT,smm=200,ssh22=FAIL,tcp443=FAIL
2026-10-03T06:10:50Z,zavod=401,survey=TIMEOUT,brand=TIMEOUT,smm=200,ssh22=OK,tcp443=OK
2026-10-03T06:15:51Z,zavod=401,survey=200,brand=405,smm=200,ssh22=OK,tcp443=OK
2026-10-03T06:20:51Z,zavod=401,survey=200,brand=405,smm=200,ssh22=OK,tcp443=OK
2026-10-03T06:25:35Z,zavod=401,survey=200,brand=405,smm=200,ssh22=OK,tcp443=OK
2026-10-03T06:31:01Z,zavod=401,survey=200,brand=405,smm=200,ssh22=OK,tcp443=OK
2026-10-03T06:35:47Z,zavod=401,survey=200,brand=405,smm=200,ssh22=OK,tcp443=OK
2026-10-03T06:40:36Z,zavod=401,survey=200,brand=405,smm=200,ssh22=OK,tcp443=OK
2026-10-03T06:45:57Z,zavod=401,survey=TIMEOUT,brand=405,smm=200,ssh22=OK,tcp443=OK
2026-10-03T06:50:46Z,zavod=401,survey=200,brand=405,smm=200,ssh22=OK,tcp443=OK
2026-10-03T06:55:43Z,zavod=401,survey=TIMEOUT,brand=TIMEOUT,smm=200,ssh22=OK,tcp443=OK
2026-10-03T07:00:59Z,zavod=401,survey=TIMEOUT,brand=405,smm=200,ssh22=OK,tcp443=OK
2026-10-03T07:05:30Z,zavod=401,survey=200,brand=405,smm=200,ssh22=OK,tcp443=OK
2026-10-03T07:10:30Z,zavod=401,survey=TIMEOUT,brand=TIMEOUT,smm=200,ssh22=OK,tcp443=OK
2026-10-03T07:15:51Z,zavod=401,survey=200,brand=405,smm=200,ssh22=OK,tcp443=OK
2026-10-03T07:20:41Z,zavod=401,survey=200,brand=405,smm=200,ssh22=OK,tcp443=OK
2026-10-03T07:25:27Z,zavod=401,survey=200,brand=405,smm=200,ssh22=OK,tcp443=OK
2026-10-03T07:30:53Z,zavod=401,survey=TIMEOUT,brand=405,smm=200,ssh22=OK,tcp443=OK
2026-10-03T07:35:41Z,zavod=401,survey=200,brand=405,smm=200,ssh22=OK,tcp443=OK
2026-10-03T07:40:29Z,zavod=401,survey=200,brand=TIMEOUT,smm=200,ssh22=OK,tcp443=OK
2026-10-03T07:45:50Z,zavod=401,survey=200,brand=405,smm=200,ssh22=OK,tcp443=OK
2026-10-03T07:50:38Z,zavod=401,survey=TIMEOUT,brand=405,smm=200,ssh22=OK,tcp443=OK
2026-10-03T07:55:54Z,zavod=401,survey=200,brand=405,smm=200,ssh22=OK,tcp443=OK
2026-10-03T08:00:58Z,zavod=401,survey=200,brand=405,smm=200,ssh22=OK,tcp443=OK
2026-10-03T08:05:50Z,zavod=401,survey=TIMEOUT,brand=405,smm=200,ssh22=OK,tcp443=OK
2026-10-03T08:10:50Z,zavod=TIMEOUT,survey=200,brand=405,smm=200,ssh22=OK,tcp443=OK
2026-10-03T08:15:40Z,zavod=401,survey=200,brand=405,smm=200,ssh22=OK,tcp443=OK
2026-10-03T08:20:30Z,zavod=401,survey=200,brand=405,smm=200,ssh22=OK,tcp443=OK
2026-10-03T08:25:47Z,zavod=401,survey=200,brand=405,smm=200,ssh22=OK,tcp443=OK
2026-10-03T08:30:53Z,zavod=401,survey=200,brand=405,smm=200,ssh22=OK,tcp443=OK
2026-10-03T08:35:42Z,zavod=401,survey=TIMEOUT,brand=405,smm=200,ssh22=OK,tcp443=OK
2026-10-03T08:40:31Z,zavod=401,survey=TIMEOUT,brand=TIMEOUT,smm=200,ssh22=OK,tcp443=OK
2026-10-03T08:45:53Z,zavod=401,survey=200,brand=405,smm=200,ssh22=OK,tcp443=OK
2026-10-03T08:50:44Z,zavod=401,survey=TIMEOUT,brand=405,smm=200,ssh22=FAIL,tcp443=FAIL
2026-10-03T08:55:30Z,zavod=401,survey=200,brand=405,smm=200,ssh22=OK,tcp443=OK
2026-10-03T09:01:05Z,zavod=401,survey=200,brand=405,smm=200,ssh22=OK,tcp443=OK
2026-10-03T09:05:26Z,zavod=401,survey=TIMEOUT,brand=TIMEOUT,smm=200,ssh22=OK,tcp443=OK
2026-10-03T09:10:57Z,zavod=401,survey=TIMEOUT,brand=405,smm=200,ssh22=OK,tcp443=OK
2026-10-03T09:15:50Z,zavod=401,survey=TIMEOUT,brand=TIMEOUT,smm=200,ssh22=OK,tcp443=OK
2026-10-03T09:20:40Z,zavod=401,survey=200,brand=405,smm=200,ssh22=OK,tcp443=OK
2026-10-03T09:25:27Z,zavod=401,survey=200,brand=405,smm=200,ssh22=OK,tcp443=OK
2026-10-03T09:30:54Z,zavod=401,survey=200,brand=TIMEOUT,smm=200,ssh22=OK,tcp443=OK
2026-10-03T09:35:54Z,zavod=401,survey=TIMEOUT,brand=405,smm=200,ssh22=OK,tcp443=OK
2026-10-03T09:40:45Z,zavod=401,survey=200,brand=405,smm=200,ssh22=OK,tcp443=OK
2026-10-03T09:45:34Z,zavod=401,survey=200,brand=TIMEOUT,smm=200,ssh22=OK,tcp443=OK
2026-10-03T09:50:55Z,zavod=401,survey=200,brand=405,smm=200,ssh22=OK,tcp443=OK
2026-10-03T09:55:42Z,zavod=401,survey=200,brand=405,smm=200,ssh22=OK,tcp443=OK
2026-10-03T10:00:59Z,zavod=401,survey=TIMEOUT,brand=405,smm=200,ssh22=OK,tcp443=OK
2026-10-03T10:05:50Z,zavod=401,survey=200,brand=TIMEOUT,smm=200,ssh22=OK,tcp443=OK
2026-10-03T10:10:52Z,zavod=TIMEOUT,survey=200,brand=405,smm=200,ssh22=OK,tcp443=OK
2026-10-03T10:15:45Z,zavod=401,survey=200,brand=405,smm=200,ssh22=OK,tcp443=OK
2026-10-03T10:20:35Z,zavod=401,survey=TIMEOUT,brand=405,smm=200,ssh22=OK,tcp443=OK
2026-10-03T10:25:32Z,zavod=401,survey=TIMEOUT,brand=405,smm=200,ssh22=OK,tcp443=OK
2026-10-03T10:30:38Z,zavod=401,survey=TIMEOUT,brand=TIMEOUT,smm=200,ssh22=OK,tcp443=OK
2026-10-03T10:35:37Z,zavod=401,survey=200,brand=405,smm=200,ssh22=OK,tcp443=OK
2026-10-03T10:40:37Z,zavod=401,survey=200,brand=TIMEOUT,smm=200,ssh22=OK,tcp443=OK
2026-10-03T10:46:02Z,zavod=401,survey=200,brand=405,smm=200,ssh22=OK,tcp443=OK
2026-10-03T10:50:29Z,zavod=401,survey=200,brand=TIMEOUT,smm=200,ssh22=OK,tcp443=OK
2026-10-03T10:55:46Z,zavod=TIMEOUT,survey=200,brand=TIMEOUT,smm=TIMEOUT,ssh22=OK,tcp443=OK
2026-10-03T11:00:59Z,zavod=401,survey=200,brand=405,smm=200,ssh22=OK,tcp443=OK
2026-10-03T11:05:51Z,zavod=401,survey=TIMEOUT,brand=TIMEOUT,smm=200,ssh22=OK,tcp443=OK
2026-10-03T11:10:41Z,zavod=401,survey=200,brand=405,smm=200,ssh22=OK,tcp443=OK
2026-10-03T11:15:31Z,zavod=401,survey=TIMEOUT,brand=TIMEOUT,smm=200,ssh22=OK,tcp443=OK
2026-10-03T11:20:53Z,zavod=401,survey=TIMEOUT,brand=405,smm=200,ssh22=OK,tcp443=OK
2026-10-03T11:25:40Z,zavod=401,survey=200,brand=405,smm=200,ssh22=OK,tcp443=OK
2026-10-03T11:30:35Z,zavod=401,survey=200,brand=TIMEOUT,smm=200,ssh22=OK,tcp443=OK
2026-10-03T11:35:53Z,zavod=401,survey=TIMEOUT,brand=TIMEOUT,smm=200,ssh22=FAIL,tcp443=FAIL
2026-10-03T11:40:44Z,zavod=TIMEOUT,survey=200,brand=405,smm=200,ssh22=OK,tcp443=OK
2026-10-03T11:45:47Z,zavod=401,survey=200,brand=405,smm=200,ssh22=OK,tcp443=OK
2026-10-03T11:50:39Z,zavod=401,survey=200,brand=405,smm=200,ssh22=OK,tcp443=OK
2026-10-03T11:55:54Z,zavod=401,survey=200,brand=405,smm=200,ssh22=OK,tcp443=OK
2026-10-03T12:01:10Z,zavod=401,survey=200,brand=TIMEOUT,smm=200,ssh22=OK,tcp443=OK
2026-10-03T12:05:42Z,zavod=401,survey=200,brand=405,smm=200,ssh22=OK,tcp443=OK
2026-10-03T12:10:32Z,zavod=401,survey=200,brand=405,smm=200,ssh22=OK,tcp443=OK
2026-10-03T12:15:34Z,zavod=401,survey=TIMEOUT,brand=405,smm=200,ssh22=OK,tcp443=OK
2026-10-03T12:20:55Z,zavod=401,survey=TIMEOUT,brand=TIMEOUT,smm=200,ssh22=OK,tcp443=OK
2026-10-03T12:25:43Z,zavod=401,survey=TIMEOUT,brand=405,smm=200,ssh22=OK,tcp443=OK
2026-10-03T12:30:38Z,zavod=401,survey=TIMEOUT,brand=405,smm=200,ssh22=OK,tcp443=OK
2026-10-03T12:35:27Z,zavod=401,survey=TIMEOUT,brand=TIMEOUT,smm=200,ssh22=OK,tcp443=OK
2026-10-03T12:40:48Z,zavod=401,survey=TIMEOUT,brand=405,smm=200,ssh22=OK,tcp443=OK
2026-10-03T12:45:39Z,zavod=401,survey=200,brand=405,smm=200,ssh22=OK,tcp443=OK
2026-10-03T12:50:28Z,zavod=401,survey=TIMEOUT,brand=TIMEOUT,smm=200,ssh22=OK,tcp443=OK
2026-10-03T12:55:46Z,zavod=401,survey=200,brand=405,smm=200,ssh22=OK,tcp443=OK
2026-10-03T13:00:48Z,zavod=401,survey=200,brand=405,smm=200,ssh22=OK,tcp443=OK
2026-10-03T13:05:40Z,zavod=401,survey=TIMEOUT,brand=TIMEOUT,smm=200,ssh22=OK,tcp443=OK
2026-10-03T13:10:43Z,zavod=401,survey=TIMEOUT,brand=405,smm=200,ssh22=OK,tcp443=OK
2026-10-03T13:15:46Z,zavod=401,survey=200,brand=405,smm=200,ssh22=OK,tcp443=OK
2026-10-03T13:20:48Z,zavod=401,survey=TIMEOUT,brand=TIMEOUT,smm=200,ssh22=OK,tcp443=OK
2026-10-03T13:25:35Z,zavod=401,survey=200,brand=405,smm=200,ssh22=OK,tcp443=OK
2026-10-03T13:31:01Z,zavod=401,survey=200,brand=405,smm=200,ssh22=OK,tcp443=OK
2026-10-03T13:35:41Z,zavod=401,survey=200,brand=405,smm=200,ssh22=OK,tcp443=OK
2026-10-03T13:40:43Z,zavod=401,survey=200,brand=TIMEOUT,smm=200,ssh22=OK,tcp443=OK
2026-10-03T13:45:33Z,zavod=401,survey=TIMEOUT,brand=405,smm=200,ssh22=OK,tcp443=OK
2026-10-03T13:50:54Z,zavod=401,survey=200,brand=405,smm=200,ssh22=OK,tcp443=OK
2026-10-03T13:55:42Z,zavod=401,survey=200,brand=405,smm=200,ssh22=OK,tcp443=OK
2026-10-03T14:00:45Z,zavod=401,survey=TIMEOUT,brand=405,smm=200,ssh22=OK,tcp443=OK
2026-10-03T14:05:37Z,zavod=401,survey=200,brand=405,smm=200,ssh22=OK,tcp443=OK
2026-10-03T14:10:57Z,zavod=401,survey=200,brand=405,smm=200,ssh22=OK,tcp443=OK
2026-10-03T14:20:41Z,zavod=401,survey=TIMEOUT,brand=405,smm=200,ssh22=OK,tcp443=OK
2026-10-03T14:25:38Z,zavod=401,survey=200,brand=405,smm=200,ssh22=OK,tcp443=OK
2026-10-03T14:31:04Z,zavod=401,survey=200,brand=405,smm=200,ssh22=OK,tcp443=OK
2026-10-03T14:35:52Z,zavod=401,survey=200,brand=405,smm=200,ssh22=OK,tcp443=OK
2026-10-03T14:40:42Z,zavod=401,survey=TIMEOUT,brand=405,smm=200,ssh22=OK,tcp443=OK
2026-10-03T14:45:32Z,zavod=401,survey=200,brand=405,smm=200,ssh22=OK,tcp443=OK
2026-10-03T14:50:52Z,zavod=401,survey=TIMEOUT,brand=405,smm=200,ssh22=OK,tcp443=OK
2026-10-03T14:55:40Z,zavod=401,survey=200,brand=405,smm=200,ssh22=OK,tcp443=OK
2026-10-03T15:00:43Z,zavod=401,survey=TIMEOUT,brand=405,smm=200,ssh22=OK,tcp443=OK
2026-10-03T15:05:35Z,zavod=401,survey=200,brand=405,smm=200,ssh22=OK,tcp443=OK
2026-10-03T15:10:55Z,zavod=401,survey=200,brand=405,smm=200,ssh22=OK,tcp443=OK
2026-10-03T15:15:47Z,zavod=401,survey=200,brand=405,smm=200,ssh22=OK,tcp443=OK
2026-10-03T15:20:37Z,zavod=401,survey=TIMEOUT,brand=405,smm=200,ssh22=OK,tcp443=OK
2026-10-03T15:25:53Z,zavod=401,survey=200,brand=405,smm=200,ssh22=OK,tcp443=OK
2026-10-03T15:30:49Z,zavod=401,survey=200,brand=405,smm=200,ssh22=OK,tcp443=OK
2026-10-03T15:35:39Z,zavod=401,survey=200,brand=405,smm=200,ssh22=OK,tcp443=OK
2026-10-03T15:40:29Z,zavod=401,survey=200,brand=405,smm=200,ssh22=OK,tcp443=OK
2026-10-03T15:45:51Z,zavod=401,survey=TIMEOUT,brand=405,smm=200,ssh22=OK,tcp443=OK
2026-10-03T15:50:42Z,zavod=401,survey=200,brand=405,smm=200,ssh22=OK,tcp443=OK
2026-10-03T15:55:29Z,zavod=401,survey=200,brand=405,smm=200,ssh22=OK,tcp443=OK
2026-10-03T16:01:05Z,zavod=401,survey=TIMEOUT,brand=405,smm=200,ssh22=OK,tcp443=OK
2026-10-03T16:05:27Z,zavod=401,survey=200,brand=405,smm=200,ssh22=OK,tcp443=OK
2026-10-03T16:10:48Z,zavod=401,survey=TIMEOUT,brand=405,smm=200,ssh22=OK,tcp443=OK
2026-10-03T16:15:39Z,zavod=401,survey=TIMEOUT,brand=405,smm=200,ssh22=OK,tcp443=OK
2026-10-03T16:20:41Z,zavod=401,survey=200,brand=405,smm=200,ssh22=OK,tcp443=OK
2026-10-03T16:25:28Z,zavod=401,survey=200,brand=405,smm=200,ssh22=OK,tcp443=OK
2026-10-03T16:30:36Z,zavod=401,survey=TIMEOUT,brand=TIMEOUT,smm=200,ssh22=OK,tcp443=OK
2026-10-03T16:35:25Z,zavod=401,survey=200,brand=TIMEOUT,smm=200,ssh22=OK,tcp443=OK
2026-10-03T16:40:47Z,zavod=401,survey=200,brand=405,smm=200,ssh22=OK,tcp443=OK
2026-10-03T16:45:49Z,zavod=401,survey=200,brand=405,smm=200,ssh22=OK,tcp443=OK
2026-10-03T16:50:39Z,zavod=401,survey=TIMEOUT,brand=TIMEOUT,smm=200,ssh22=OK,tcp443=OK
2026-10-03T16:55:26Z,zavod=401,survey=TIMEOUT,brand=TIMEOUT,smm=200,ssh22=OK,tcp443=OK
2026-10-03T17:01:00Z,zavod=401,survey=TIMEOUT,brand=TIMEOUT,smm=200,ssh22=OK,tcp443=OK
2026-10-03T17:05:51Z,zavod=401,survey=200,brand=405,smm=200,ssh22=OK,tcp443=OK
2026-10-03T17:10:41Z,zavod=401,survey=200,brand=405,smm=200,ssh22=OK,tcp443=OK
2026-10-03T17:15:43Z,zavod=401,survey=200,brand=405,smm=200,ssh22=OK,tcp443=OK
2026-10-03T17:20:46Z,zavod=401,survey=TIMEOUT,brand=405,smm=200,ssh22=OK,tcp443=OK
2026-10-03T17:25:33Z,zavod=401,survey=200,brand=405,smm=200,ssh22=OK,tcp443=OK
2026-10-03T17:31:00Z,zavod=401,survey=200,brand=TIMEOUT,smm=200,ssh22=OK,tcp443=OK
2026-10-03T17:35:29Z,zavod=401,survey=200,brand=405,smm=200,ssh22=OK,tcp443=OK
2026-10-03T17:40:50Z,zavod=401,survey=200,brand=405,smm=200,ssh22=OK,tcp443=OK
2026-10-03T17:45:40Z,zavod=401,survey=200,brand=405,smm=200,ssh22=OK,tcp443=OK
2026-10-03T17:50:30Z,zavod=401,survey=TIMEOUT,brand=405,smm=200,ssh22=OK,tcp443=OK
2026-10-03T17:55:46Z,zavod=401,survey=TIMEOUT,brand=405,smm=200,ssh22=OK,tcp443=OK
2026-10-03T18:00:50Z,zavod=401,survey=TIMEOUT,brand=405,smm=200,ssh22=OK,tcp443=OK
2026-10-03T18:05:41Z,zavod=401,survey=200,brand=405,smm=200,ssh22=OK,tcp443=OK
2026-10-03T18:10:30Z,zavod=401,survey=200,brand=405,smm=200,ssh22=OK,tcp443=OK
2026-10-03T18:15:30Z,zavod=401,survey=200,brand=405,smm=200,ssh22=OK,tcp443=OK
2026-10-03T18:20:51Z,zavod=401,survey=200,brand=405,smm=200,ssh22=OK,tcp443=OK
2026-10-03T18:25:48Z,zavod=401,survey=200,brand=405,smm=200,ssh22=OK,tcp443=OK
2026-10-03T18:30:42Z,zavod=401,survey=TIMEOUT,brand=TIMEOUT,smm=200,ssh22=OK,tcp443=OK
2026-10-03T18:35:29Z,zavod=401,survey=TIMEOUT,brand=405,smm=200,ssh22=OK,tcp443=OK
2026-10-03T18:40:29Z,zavod=401,survey=TIMEOUT,brand=405,smm=200,ssh22=OK,tcp443=OK
2026-10-03T18:45:50Z,zavod=401,survey=TIMEOUT,brand=405,smm=200,ssh22=OK,tcp443=OK
2026-10-03T18:50:39Z,zavod=401,survey=TIMEOUT,brand=405,smm=200,ssh22=OK,tcp443=OK
2026-10-03T18:55:26Z,zavod=401,survey=TIMEOUT,brand=405,smm=200,ssh22=OK,tcp443=OK
2026-10-03T19:01:09Z,zavod=401,survey=200,brand=405,smm=200,ssh22=OK,tcp443=OK
2026-10-03T19:05:28Z,zavod=401,survey=TIMEOUT,brand=405,smm=200,ssh22=OK,tcp443=OK
2026-10-03T19:10:47Z,zavod=401,survey=TIMEOUT,brand=405,smm=200,ssh22=OK,tcp443=OK
2026-10-03T19:15:35Z,zavod=401,survey=200,brand=405,smm=200,ssh22=OK,tcp443=OK
2026-10-03T19:20:35Z,zavod=401,survey=200,brand=405,smm=200,ssh22=OK,tcp443=OK
2026-10-03T19:25:50Z,zavod=401,survey=TIMEOUT,brand=405,smm=200,ssh22=OK,tcp443=OK
2026-10-03T19:30:44Z,zavod=401,survey=TIMEOUT,brand=405,smm=200,ssh22=OK,tcp443=OK
2026-10-03T19:35:30Z,zavod=401,survey=TIMEOUT,brand=405,smm=200,ssh22=OK,tcp443=OK
2026-10-03T19:40:49Z,zavod=401,survey=TIMEOUT,brand=405,smm=200,ssh22=OK,tcp443=OK
2026-10-03T19:45:38Z,zavod=401,survey=200,brand=405,smm=200,ssh22=OK,tcp443=OK
2026-10-03T19:50:55Z,zavod=401,survey=200,brand=405,smm=200,ssh22=OK,tcp443=OK
2026-10-03T19:55:40Z,zavod=401,survey=TIMEOUT,brand=405,smm=200,ssh22=OK,tcp443=OK
2026-10-03T20:01:12Z,zavod=401,survey=200,brand=405,smm=200,ssh22=OK,tcp443=OK
2026-10-03T20:05:31Z,zavod=401,survey=200,brand=405,smm=200,ssh22=OK,tcp443=OK
2026-10-03T20:10:49Z,zavod=401,survey=TIMEOUT,brand=405,smm=200,ssh22=FAIL,tcp443=FAIL
2026-10-03T20:15:38Z,zavod=401,survey=TIMEOUT,brand=TIMEOUT,smm=200,ssh22=OK,tcp443=OK
2026-10-03T20:20:36Z,zavod=401,survey=200,brand=405,smm=200,ssh22=OK,tcp443=OK
2026-10-03T20:25:31Z,zavod=401,survey=200,brand=405,smm=200,ssh22=OK,tcp443=OK
2026-10-03T20:30:55Z,zavod=401,survey=TIMEOUT,brand=405,smm=200,ssh22=OK,tcp443=OK
2026-10-03T20:35:42Z,zavod=401,survey=200,brand=405,smm=200,ssh22=OK,tcp443=OK
2026-10-03T20:40:29Z,zavod=401,survey=200,brand=405,smm=200,ssh22=OK,tcp443=OK
2026-10-03T20:45:58Z,zavod=401,survey=TIMEOUT,brand=TIMEOUT,smm=200,ssh22=OK,tcp443=OK
2026-10-03T20:50:46Z,zavod=401,survey=200,brand=405,smm=200,ssh22=OK,tcp443=OK
2026-10-03T20:55:32Z,zavod=401,survey=200,brand=TIMEOUT,smm=200,ssh22=OK,tcp443=OK
2026-10-03T21:01:03Z,zavod=401,survey=200,brand=405,smm=200,ssh22=OK,tcp443=OK
2026-10-03T21:05:51Z,zavod=401,survey=TIMEOUT,brand=405,smm=200,ssh22=OK,tcp443=OK
2026-10-03T21:10:41Z,zavod=401,survey=200,brand=405,smm=200,ssh22=OK,tcp443=OK
2026-10-03T21:15:58Z,zavod=401,survey=200,brand=405,smm=200,ssh22=OK,tcp443=OK
2026-10-03T21:20:46Z,zavod=401,survey=TIMEOUT,brand=TIMEOUT,smm=200,ssh22=OK,tcp443=OK
2026-10-03T21:25:31Z,zavod=401,survey=TIMEOUT,brand=405,smm=200,ssh22=OK,tcp443=OK
2026-10-03T21:30:55Z,zavod=401,survey=TIMEOUT,brand=405,smm=200,ssh22=OK,tcp443=OK
2026-10-03T21:35:41Z,zavod=401,survey=200,brand=405,smm=200,ssh22=OK,tcp443=OK
2026-10-03T21:40:29Z,zavod=401,survey=200,brand=405,smm=200,ssh22=OK,tcp443=OK
2026-10-03T21:45:47Z,zavod=401,survey=200,brand=405,smm=200,ssh22=OK,tcp443=OK
2026-10-03T21:50:35Z,zavod=401,survey=TIMEOUT,brand=405,smm=200,ssh22=OK,tcp443=OK
2026-10-03T21:55:50Z,zavod=401,survey=TIMEOUT,brand=405,smm=200,ssh22=OK,tcp443=OK
2026-10-03T22:00:51Z,zavod=401,survey=200,brand=TIMEOUT,smm=200,ssh22=OK,tcp443=OK
2026-10-03T22:05:39Z,zavod=401,survey=200,brand=TIMEOUT,smm=200,ssh22=OK,tcp443=OK
2026-10-03T22:15:54Z,zavod=401,survey=200,brand=405,smm=200,ssh22=OK,tcp443=OK
2026-10-03T22:20:43Z,zavod=401,survey=200,brand=405,smm=200,ssh22=OK,tcp443=OK
2026-10-03T22:25:27Z,zavod=401,survey=200,brand=405,smm=200,ssh22=OK,tcp443=OK
2026-10-03T22:31:01Z,zavod=401,survey=200,brand=405,smm=200,ssh22=OK,tcp443=OK
2026-10-03T22:35:47Z,zavod=401,survey=200,brand=405,smm=200,ssh22=OK,tcp443=OK
2026-10-03T22:40:34Z,zavod=TIMEOUT,survey=200,brand=TIMEOUT,smm=200,ssh22=OK,tcp443=OK
2026-10-03T22:45:52Z,zavod=401,survey=200,brand=405,smm=200,ssh22=OK,tcp443=OK
2026-10-03T22:50:30Z,zavod=401,survey=200,brand=405,smm=200,ssh22=OK,tcp443=OK
2026-10-03T22:55:24Z,zavod=401,survey=200,brand=405,smm=200,ssh22=OK,tcp443=OK
2026-10-03T23:00:54Z,zavod=401,survey=200,brand=405,smm=200,ssh22=OK,tcp443=OK
2026-10-03T23:05:41Z,zavod=401,survey=200,brand=405,smm=200,ssh22=OK,tcp443=OK
2026-10-03T23:10:28Z,zavod=401,survey=200,brand=405,smm=200,ssh22=OK,tcp443=OK
2026-10-03T23:15:45Z,zavod=401,survey=TIMEOUT,brand=405,smm=200,ssh22=OK,tcp443=OK
2026-10-03T23:20:44Z,zavod=401,survey=200,brand=405,smm=200,ssh22=OK,tcp443=OK
2026-10-03T23:25:27Z,zavod=401,survey=200,brand=405,smm=200,ssh22=OK,tcp443=OK
2026-10-03T23:30:50Z,zavod=401,survey=TIMEOUT,brand=405,smm=200,ssh22=OK,tcp443=OK
2026-10-03T23:35:35Z,zavod=401,survey=200,brand=405,smm=200,ssh22=OK,tcp443=OK
2026-10-03T23:40:32Z,zavod=401,survey=200,brand=405,smm=200,ssh22=OK,tcp443=OK
2026-10-03T23:45:29Z,zavod=401,survey=TIMEOUT,brand=405,smm=200,ssh22=OK,tcp443=OK
2026-10-03T23:50:47Z,zavod=401,survey=TIMEOUT,brand=405,smm=200,ssh22=OK,tcp443=OK
2026-10-03T23:55:29Z,zavod=401,survey=200,brand=405,smm=200,ssh22=OK,tcp443=OK
2026-10-04T00:01:02Z,zavod=401,survey=200,brand=405,smm=200,ssh22=OK,tcp443=OK
2026-10-04T00:05:53Z,zavod=401,survey=200,brand=405,smm=200,ssh22=OK,tcp443=OK
2026-10-04T00:10:41Z,zavod=401,survey=TIMEOUT,brand=405,smm=200,ssh22=OK,tcp443=OK
2026-10-04T00:15:30Z,zavod=TIMEOUT,survey=200,brand=405,smm=200,ssh22=OK,tcp443=OK
2026-10-04T00:20:29Z,zavod=401,survey=200,brand=405,smm=200,ssh22=OK,tcp443=OK
2026-10-04T00:25:44Z,zavod=401,survey=200,brand=405,smm=200,ssh22=OK,tcp443=OK
2026-10-04T00:30:37Z,zavod=401,survey=200,brand=405,smm=200,ssh22=OK,tcp443=OK
2026-10-04T00:35:52Z,zavod=401,survey=200,brand=405,smm=200,ssh22=OK,tcp443=OK
2026-10-04T00:40:39Z,zavod=401,survey=200,brand=405,smm=200,ssh22=OK,tcp443=OK
2026-10-04T00:45:57Z,zavod=401,survey=200,brand=405,smm=200,ssh22=OK,tcp443=OK
2026-10-04T00:50:44Z,zavod=401,survey=200,brand=405,smm=200,ssh22=OK,tcp443=OK
2026-10-04T00:55:28Z,zavod=TIMEOUT,survey=200,brand=405,smm=200,ssh22=OK,tcp443=OK
2026-10-04T01:00:59Z,zavod=401,survey=200,brand=405,smm=200,ssh22=OK,tcp443=OK
2026-10-04T01:05:27Z,zavod=401,survey=200,brand=405,smm=200,ssh22=OK,tcp443=OK
2026-10-04T01:10:47Z,zavod=401,survey=200,brand=405,smm=200,ssh22=OK,tcp443=OK
2026-10-04T01:15:32Z,zavod=401,survey=200,brand=405,smm=200,ssh22=OK,tcp443=OK
2026-10-04T01:20:30Z,zavod=401,survey=TIMEOUT,brand=405,smm=200,ssh22=OK,tcp443=OK
2026-10-04T01:25:24Z,zavod=401,survey=200,brand=405,smm=200,ssh22=OK,tcp443=OK
2026-10-04T01:30:57Z,zavod=401,survey=200,brand=405,smm=200,ssh22=OK,tcp443=OK
2026-10-04T01:35:43Z,zavod=401,survey=200,brand=405,smm=200,ssh22=OK,tcp443=OK
2026-10-04T01:40:40Z,zavod=401,survey=TIMEOUT,brand=405,smm=200,ssh22=OK,tcp443=OK
2026-10-04T01:45:58Z,zavod=401,survey=200,brand=405,smm=200,ssh22=OK,tcp443=OK
2026-10-04T01:50:45Z,zavod=401,survey=200,brand=405,smm=200,ssh22=OK,tcp443=OK
2026-10-04T01:55:28Z,zavod=401,survey=200,brand=405,smm=200,ssh22=OK,tcp443=OK
2026-10-04T02:00:59Z,zavod=401,survey=200,brand=405,smm=200,ssh22=OK,tcp443=OK
2026-10-04T02:05:47Z,zavod=401,survey=200,brand=405,smm=200,ssh22=OK,tcp443=OK
2026-10-04T02:10:34Z,zavod=401,survey=200,brand=405,smm=200,ssh22=FAIL,tcp443=FAIL
2026-10-04T02:15:53Z,zavod=401,survey=200,brand=405,smm=200,ssh22=OK,tcp443=OK
2026-10-04T02:20:41Z,zavod=401,survey=200,brand=405,smm=200,ssh22=OK,tcp443=OK
2026-10-04T02:25:26Z,zavod=401,survey=200,brand=405,smm=200,ssh22=OK,tcp443=OK
2026-10-04T02:31:00Z,zavod=401,survey=200,brand=405,smm=200,ssh22=OK,tcp443=OK
2026-10-04T02:35:25Z,zavod=401,survey=200,brand=405,smm=200,ssh22=OK,tcp443=OK
2026-10-04T02:40:54Z,zavod=401,survey=TIMEOUT,brand=405,smm=200,ssh22=OK,tcp443=OK
2026-10-04T02:45:42Z,zavod=401,survey=200,brand=405,smm=200,ssh22=OK,tcp443=OK
2026-10-04T02:50:43Z,zavod=401,survey=TIMEOUT,brand=405,smm=200,ssh22=OK,tcp443=OK
2026-10-04T02:55:27Z,zavod=401,survey=200,brand=TIMEOUT,smm=200,ssh22=OK,tcp443=OK
2026-10-04T03:01:01Z,zavod=401,survey=200,brand=405,smm=200,ssh22=OK,tcp443=OK
2026-10-04T03:05:50Z,zavod=401,survey=200,brand=405,smm=200,ssh22=OK,tcp443=OK
2026-10-04T03:10:38Z,zavod=401,survey=200,brand=405,smm=200,ssh22=OK,tcp443=OK
2026-10-04T03:15:57Z,zavod=401,survey=200,brand=405,smm=200,ssh22=OK,tcp443=OK
2026-10-04T03:20:46Z,zavod=401,survey=200,brand=405,smm=200,ssh22=OK,tcp443=OK
2026-10-04T03:25:30Z,zavod=401,survey=200,brand=405,smm=200,ssh22=OK,tcp443=OK
2026-10-04T03:30:54Z,zavod=401,survey=TIMEOUT,brand=405,smm=200,ssh22=FAIL,tcp443=FAIL
2026-10-04T03:35:41Z,zavod=401,survey=TIMEOUT,brand=TIMEOUT,smm=200,ssh22=OK,tcp443=OK
2026-10-04T03:40:30Z,zavod=401,survey=TIMEOUT,brand=405,smm=200,ssh22=OK,tcp443=OK
2026-10-04T03:45:48Z,zavod=401,survey=200,brand=405,smm=200,ssh22=OK,tcp443=OK
2026-10-04T03:50:36Z,zavod=401,survey=TIMEOUT,brand=TIMEOUT,smm=200,ssh22=OK,tcp443=OK
2026-10-04T03:55:31Z,zavod=401,survey=200,brand=405,smm=200,ssh22=OK,tcp443=OK
2026-10-04T04:01:04Z,zavod=401,survey=TIMEOUT,brand=TIMEOUT,smm=200,ssh22=OK,tcp443=OK
2026-10-04T04:05:53Z,zavod=401,survey=TIMEOUT,brand=405,smm=200,ssh22=OK,tcp443=OK
2026-10-04T04:10:43Z,zavod=401,survey=TIMEOUT,brand=TIMEOUT,smm=200,ssh22=OK,tcp443=OK
2026-10-04T04:15:44Z,zavod=401,survey=200,brand=405,smm=200,ssh22=OK,tcp443=OK
2026-10-04T04:20:32Z,zavod=401,survey=200,brand=405,smm=200,ssh22=OK,tcp443=OK
2026-10-04T04:25:48Z,zavod=401,survey=200,brand=405,smm=200,ssh22=OK,tcp443=OK
2026-10-04T04:30:42Z,zavod=401,survey=200,brand=405,smm=200,ssh22=OK,tcp443=OK
2026-10-04T04:35:41Z,zavod=401,survey=TIMEOUT,brand=405,smm=200,ssh22=OK,tcp443=OK
2026-10-04T04:40:29Z,zavod=401,survey=200,brand=405,smm=200,ssh22=OK,tcp443=OK
2026-10-04T04:45:50Z,zavod=401,survey=200,brand=405,smm=200,ssh22=OK,tcp443=OK
2026-10-04T04:50:48Z,zavod=401,survey=TIMEOUT,brand=TIMEOUT,smm=200,ssh22=OK,tcp443=OK
2026-10-04T04:55:24Z,zavod=401,survey=TIMEOUT,brand=405,smm=200,ssh22=OK,tcp443=OK
2026-10-04T05:00:58Z,zavod=401,survey=200,brand=405,smm=200,ssh22=OK,tcp443=OK
2026-10-04T05:05:49Z,zavod=401,survey=TIMEOUT,brand=405,smm=200,ssh22=OK,tcp443=OK
2026-10-04T05:10:38Z,zavod=401,survey=TIMEOUT,brand=405,smm=200,ssh22=OK,tcp443=OK
2026-10-04T05:15:57Z,zavod=401,survey=200,brand=405,smm=200,ssh22=OK,tcp443=OK
2026-10-04T05:20:37Z,zavod=401,survey=200,brand=405,smm=200,ssh22=OK,tcp443=OK
2026-10-04T05:25:53Z,zavod=401,survey=TIMEOUT,brand=TIMEOUT,smm=200,ssh22=OK,tcp443=OK
2026-10-04T05:30:48Z,zavod=401,survey=200,brand=405,smm=200,ssh22=OK,tcp443=OK
2026-10-04T05:35:36Z,zavod=401,survey=TIMEOUT,brand=TIMEOUT,smm=200,ssh22=OK,tcp443=OK
2026-10-04T05:40:56Z,zavod=401,survey=200,brand=405,smm=200,ssh22=OK,tcp443=OK
2026-10-04T05:45:46Z,zavod=401,survey=TIMEOUT,brand=405,smm=200,ssh22=OK,tcp443=OK
2026-10-04T05:50:46Z,zavod=401,survey=TIMEOUT,brand=TIMEOUT,smm=200,ssh22=OK,tcp443=OK
2026-10-04T05:55:42Z,zavod=401,survey=TIMEOUT,brand=405,smm=200,ssh22=OK,tcp443=OK
2026-10-04T06:00:48Z,zavod=401,survey=200,brand=405,smm=200,ssh22=OK,tcp443=OK
2026-10-04T06:05:40Z,zavod=401,survey=TIMEOUT,brand=405,smm=200,ssh22=OK,tcp443=OK
2026-10-04T06:10:31Z,zavod=401,survey=TIMEOUT,brand=405,smm=200,ssh22=OK,tcp443=OK
2026-10-04T06:15:32Z,zavod=401,survey=TIMEOUT,brand=405,smm=200,ssh22=OK,tcp443=OK
2026-10-04T06:20:53Z,zavod=401,survey=200,brand=405,smm=200,ssh22=OK,tcp443=OK
2026-10-04T06:25:40Z,zavod=401,survey=TIMEOUT,brand=405,smm=200,ssh22=OK,tcp443=OK
2026-10-04T06:30:47Z,zavod=401,survey=TIMEOUT,brand=405,smm=200,ssh22=OK,tcp443=OK
2026-10-04T06:35:36Z,zavod=401,survey=TIMEOUT,brand=405,smm=200,ssh22=OK,tcp443=OK
2026-10-04T06:40:57Z,zavod=401,survey=200,brand=405,smm=200,ssh22=OK,tcp443=OK
2026-10-04T06:45:49Z,zavod=401,survey=200,brand=405,smm=200,ssh22=OK,tcp443=OK
2026-10-04T06:50:39Z,zavod=401,survey=200,brand=405,smm=200,ssh22=OK,tcp443=OK
2026-10-04T06:55:26Z,zavod=401,survey=200,brand=405,smm=200,ssh22=OK,tcp443=OK
2026-10-04T07:01:03Z,zavod=401,survey=200,brand=405,smm=200,ssh22=OK,tcp443=OK
2026-10-04T07:05:35Z,zavod=401,survey=200,brand=405,smm=200,ssh22=OK,tcp443=OK
2026-10-04T07:10:56Z,zavod=401,survey=TIMEOUT,brand=405,smm=200,ssh22=OK,tcp443=OK
2026-10-04T07:15:48Z,zavod=401,survey=TIMEOUT,brand=405,smm=200,ssh22=OK,tcp443=OK
2026-10-04T07:20:39Z,zavod=401,survey=200,brand=405,smm=200,ssh22=OK,tcp443=OK
2026-10-04T07:25:26Z,zavod=401,survey=200,brand=405,smm=200,ssh22=OK,tcp443=OK
2026-10-04T07:31:04Z,zavod=401,survey=TIMEOUT,brand=405,smm=200,ssh22=OK,tcp443=OK
2026-10-04T07:35:53Z,zavod=401,survey=200,brand=405,smm=200,ssh22=OK,tcp443=OK
2026-10-04T07:40:44Z,zavod=401,survey=200,brand=405,smm=200,ssh22=OK,tcp443=OK
2026-10-04T07:45:46Z,zavod=401,survey=TIMEOUT,brand=405,smm=200,ssh22=OK,tcp443=OK
2026-10-04T07:50:37Z,zavod=401,survey=200,brand=405,smm=200,ssh22=OK,tcp443=OK
2026-10-04T07:55:34Z,zavod=401,survey=200,brand=405,smm=200,ssh22=OK,tcp443=OK
2026-10-04T08:00:50Z,zavod=401,survey=TIMEOUT,brand=405,smm=200,ssh22=OK,tcp443=OK
2026-10-04T08:05:34Z,zavod=401,survey=200,brand=405,smm=200,ssh22=OK,tcp443=OK
2026-10-04T08:10:55Z,zavod=401,survey=TIMEOUT,brand=405,smm=200,ssh22=OK,tcp443=OK
2026-10-04T08:15:47Z,zavod=401,survey=200,brand=405,smm=200,ssh22=OK,tcp443=OK
2026-10-04T08:20:37Z,zavod=401,survey=200,brand=405,smm=200,ssh22=OK,tcp443=OK
2026-10-04T08:25:25Z,zavod=401,survey=200,brand=405,smm=200,ssh22=OK,tcp443=OK
2026-10-04T08:31:02Z,zavod=401,survey=200,brand=405,smm=200,ssh22=OK,tcp443=OK
2026-10-04T08:35:52Z,zavod=401,survey=200,brand=405,smm=200,ssh22=OK,tcp443=OK
2026-10-04T08:40:43Z,zavod=401,survey=200,brand=405,smm=200,ssh22=OK,tcp443=OK
2026-10-04T08:45:34Z,zavod=401,survey=200,brand=405,smm=200,ssh22=OK,tcp443=OK
2026-10-04T08:50:35Z,zavod=401,survey=TIMEOUT,brand=405,smm=200,ssh22=OK,tcp443=OK
2026-10-04T08:55:52Z,zavod=401,survey=200,brand=405,smm=200,ssh22=OK,tcp443=OK
2026-10-04T09:00:58Z,zavod=401,survey=200,brand=405,smm=200,ssh22=OK,tcp443=OK
2026-10-04T09:05:32Z,zavod=401,survey=TIMEOUT,brand=405,smm=200,ssh22=OK,tcp443=OK
2026-10-04T09:10:54Z,zavod=401,survey=200,brand=405,smm=200,ssh22=OK,tcp443=OK
2026-10-04T09:15:47Z,zavod=401,survey=TIMEOUT,brand=405,smm=200,ssh22=OK,tcp443=OK
2026-10-04T09:20:39Z,zavod=401,survey=TIMEOUT,brand=405,smm=200,ssh22=OK,tcp443=OK
2026-10-04T09:25:28Z,zavod=401,survey=TIMEOUT,brand=405,smm=200,ssh22=OK,tcp443=OK
2026-10-04T09:30:57Z,zavod=401,survey=200,brand=405,smm=200,ssh22=OK,tcp443=OK
2026-10-04T09:35:28Z,zavod=401,survey=200,brand=405,smm=200,ssh22=OK,tcp443=OK
2026-10-04T09:40:40Z,zavod=401,survey=200,brand=405,smm=200,ssh22=OK,tcp443=OK
2026-10-04T09:45:46Z,zavod=401,survey=TIMEOUT,brand=405,smm=200,ssh22=OK,tcp443=OK
2026-10-04T09:50:37Z,zavod=401,survey=200,brand=405,smm=200,ssh22=OK,tcp443=OK
2026-10-04T09:55:26Z,zavod=401,survey=TIMEOUT,brand=TIMEOUT,smm=200,ssh22=OK,tcp443=OK
2026-10-04T10:01:02Z,zavod=401,survey=200,brand=405,smm=200,ssh22=OK,tcp443=OK
2026-10-04T10:05:55Z,zavod=401,survey=200,brand=405,smm=200,ssh22=OK,tcp443=OK
2026-10-04T10:10:47Z,zavod=401,survey=200,brand=405,smm=200,ssh22=OK,tcp443=OK
2026-10-04T10:15:41Z,zavod=401,survey=200,brand=405,smm=200,ssh22=OK,tcp443=OK
2026-10-04T10:20:33Z,zavod=401,survey=200,brand=405,smm=200,ssh22=OK,tcp443=OK
2026-10-04T10:25:32Z,zavod=401,survey=200,brand=405,smm=200,ssh22=OK,tcp443=OK
2026-10-04T10:31:00Z,zavod=401,survey=TIMEOUT,brand=405,smm=200,ssh22=OK,tcp443=OK
2026-10-04T10:35:51Z,zavod=401,survey=200,brand=405,smm=200,ssh22=OK,tcp443=OK
2026-10-04T10:40:43Z,zavod=401,survey=200,brand=405,smm=200,ssh22=OK,tcp443=OK
2026-10-04T10:45:36Z,zavod=401,survey=200,brand=405,smm=200,ssh22=OK,tcp443=OK
2026-10-04T10:50:57Z,zavod=401,survey=TIMEOUT,brand=405,smm=200,ssh22=OK,tcp443=OK
2026-10-04T10:55:47Z,zavod=401,survey=200,brand=405,smm=200,ssh22=OK,tcp443=OK
2026-10-04T11:00:51Z,zavod=401,survey=TIMEOUT,brand=405,smm=200,ssh22=OK,tcp443=OK
2026-10-04T11:05:44Z,zavod=401,survey=TIMEOUT,brand=405,smm=200,ssh22=OK,tcp443=OK
2026-10-04T11:10:36Z,zavod=401,survey=200,brand=405,smm=200,ssh22=OK,tcp443=OK
2026-10-04T11:15:59Z,zavod=401,survey=200,brand=405,smm=200,ssh22=OK,tcp443=OK
2026-10-04T11:20:52Z,zavod=401,survey=TIMEOUT,brand=405,smm=200,ssh22=OK,tcp443=OK
2026-10-04T11:25:40Z,zavod=401,survey=200,brand=405,smm=200,ssh22=OK,tcp443=OK
2026-10-04T11:30:48Z,zavod=401,survey=200,brand=405,smm=200,ssh22=OK,tcp443=OK
2026-10-04T11:35:39Z,zavod=401,survey=TIMEOUT,brand=405,smm=200,ssh22=OK,tcp443=OK
2026-10-04T11:40:41Z,zavod=401,survey=TIMEOUT,brand=405,smm=200,ssh22=OK,tcp443=OK
2026-10-04T11:45:34Z,zavod=401,survey=TIMEOUT,brand=405,smm=200,ssh22=OK,tcp443=OK
2026-10-04T11:50:56Z,zavod=401,survey=200,brand=405,smm=200,ssh22=OK,tcp443=OK
2026-10-04T11:55:45Z,zavod=401,survey=200,brand=405,smm=200,ssh22=OK,tcp443=OK
2026-10-04T12:00:52Z,zavod=401,survey=200,brand=405,smm=200,ssh22=OK,tcp443=OK
2026-10-04T12:05:47Z,zavod=401,survey=200,brand=405,smm=200,ssh22=OK,tcp443=OK
2026-10-04T12:10:49Z,zavod=401,survey=TIMEOUT,brand=405,smm=200,ssh22=OK,tcp443=OK
2026-10-04T12:15:41Z,zavod=401,survey=200,brand=405,smm=200,ssh22=OK,tcp443=OK
2026-10-04T12:20:56Z,zavod=401,survey=200,brand=405,smm=200,ssh22=OK,tcp443=OK
2026-10-04T12:25:43Z,zavod=401,survey=200,brand=405,smm=200,ssh22=OK,tcp443=OK
2026-10-04T12:30:39Z,zavod=401,survey=TIMEOUT,brand=405,smm=200,ssh22=OK,tcp443=OK
2026-10-04T12:35:28Z,zavod=401,survey=TIMEOUT,brand=405,smm=200,ssh22=OK,tcp443=OK
2026-10-04T12:40:51Z,zavod=401,survey=200,brand=405,smm=200,ssh22=OK,tcp443=OK
2026-10-04T12:45:43Z,zavod=TIMEOUT,survey=200,brand=TIMEOUT,smm=200,ssh22=OK,tcp443=OK
2026-10-04T12:50:44Z,zavod=401,survey=200,brand=405,smm=200,ssh22=OK,tcp443=OK
2026-10-04T12:55:31Z,zavod=401,survey=200,brand=405,smm=200,ssh22=OK,tcp443=OK
2026-10-04T13:01:05Z,zavod=401,survey=TIMEOUT,brand=TIMEOUT,smm=200,ssh22=OK,tcp443=OK
2026-10-04T13:05:26Z,zavod=401,survey=200,brand=405,smm=200,ssh22=OK,tcp443=OK
2026-10-04T13:10:47Z,zavod=401,survey=TIMEOUT,brand=TIMEOUT,smm=200,ssh22=OK,tcp443=OK
2026-10-04T13:15:38Z,zavod=401,survey=200,brand=405,smm=200,ssh22=OK,tcp443=OK
2026-10-04T13:20:29Z,zavod=401,survey=TIMEOUT,brand=405,smm=200,ssh22=OK,tcp443=OK
2026-10-04T13:25:27Z,zavod=401,survey=TIMEOUT,brand=405,smm=200,ssh22=OK,tcp443=OK
2026-10-04T13:31:05Z,zavod=401,survey=200,brand=405,smm=200,ssh22=OK,tcp443=OK
2026-10-04T13:35:54Z,zavod=401,survey=200,brand=405,smm=200,ssh22=OK,tcp443=OK
2026-10-04T13:40:44Z,zavod=401,survey=TIMEOUT,brand=405,smm=200,ssh22=OK,tcp443=OK
2026-10-04T13:45:34Z,zavod=401,survey=200,brand=405,smm=200,ssh22=OK,tcp443=OK
2026-10-04T13:50:55Z,zavod=401,survey=200,brand=405,smm=200,ssh22=OK,tcp443=OK
2026-10-04T13:55:43Z,zavod=401,survey=200,brand=405,smm=200,ssh22=OK,tcp443=OK
2026-10-04T14:00:46Z,zavod=401,survey=200,brand=405,smm=200,ssh22=OK,tcp443=OK
2026-10-04T14:05:36Z,zavod=401,survey=200,brand=405,smm=200,ssh22=OK,tcp443=OK
2026-10-04T14:10:56Z,zavod=401,survey=200,brand=405,smm=200,ssh22=OK,tcp443=OK
2026-10-04T14:15:47Z,zavod=401,survey=TIMEOUT,brand=405,smm=200,ssh22=FAIL,tcp443=FAIL
2026-10-04T14:20:37Z,zavod=401,survey=TIMEOUT,brand=TIMEOUT,smm=200,ssh22=OK,tcp443=OK
2026-10-04T14:25:35Z,zavod=401,survey=200,brand=405,smm=200,ssh22=OK,tcp443=OK
2026-10-04T14:31:01Z,zavod=401,survey=TIMEOUT,brand=405,smm=200,ssh22=OK,tcp443=OK
2026-10-04T14:35:49Z,zavod=401,survey=200,brand=405,smm=200,ssh22=OK,tcp443=OK
2026-10-04T14:40:39Z,zavod=401,survey=200,brand=405,smm=200,ssh22=OK,tcp443=OK
2026-10-04T14:45:30Z,zavod=401,survey=TIMEOUT,brand=TIMEOUT,smm=200,ssh22=OK,tcp443=OK
2026-10-04T14:50:51Z,zavod=401,survey=TIMEOUT,brand=405,smm=200,ssh22=OK,tcp443=OK
2026-10-04T14:55:38Z,zavod=401,survey=200,brand=405,smm=200,ssh22=OK,tcp443=OK
2026-10-04T15:01:12Z,zavod=401,survey=TIMEOUT,brand=405,smm=200,ssh22=OK,tcp443=OK
2026-10-04T15:05:33Z,zavod=401,survey=200,brand=405,smm=200,ssh22=OK,tcp443=OK
2026-10-04T15:10:34Z,zavod=401,survey=200,brand=405,smm=200,ssh22=OK,tcp443=OK
2026-10-04T15:15:35Z,zavod=401,survey=200,brand=405,smm=200,ssh22=OK,tcp443=OK
2026-10-04T15:20:38Z,zavod=401,survey=TIMEOUT,brand=405,smm=200,ssh22=OK,tcp443=OK
2026-10-04T15:25:33Z,zavod=401,survey=TIMEOUT,brand=405,smm=200,ssh22=OK,tcp443=OK
2026-10-04T15:30:59Z,zavod=401,survey=TIMEOUT,brand=405,smm=200,ssh22=OK,tcp443=OK
2026-10-04T15:35:49Z,zavod=401,survey=200,brand=405,smm=200,ssh22=OK,tcp443=OK
2026-10-04T15:40:50Z,zavod=401,survey=TIMEOUT,brand=TIMEOUT,smm=200,ssh22=OK,tcp443=OK
2026-10-04T15:45:41Z,zavod=401,survey=200,brand=405,smm=200,ssh22=OK,tcp443=OK
2026-10-04T15:50:31Z,zavod=401,survey=200,brand=405,smm=200,ssh22=OK,tcp443=OK
2026-10-04T15:55:49Z,zavod=401,survey=200,brand=405,smm=200,ssh22=OK,tcp443=OK
2026-10-04T16:00:54Z,zavod=401,survey=TIMEOUT,brand=405,smm=200,ssh22=OK,tcp443=OK
2026-10-04T16:05:47Z,zavod=401,survey=TIMEOUT,brand=405,smm=200,ssh22=OK,tcp443=OK
2026-10-04T16:10:37Z,zavod=401,survey=200,brand=405,smm=200,ssh22=OK,tcp443=OK
2026-10-04T16:15:58Z,zavod=401,survey=200,brand=405,smm=200,ssh22=OK,tcp443=OK
2026-10-04T16:20:49Z,zavod=401,survey=200,brand=405,smm=200,ssh22=OK,tcp443=OK
2026-10-04T16:25:47Z,zavod=401,survey=200,brand=405,smm=200,ssh22=OK,tcp443=OK
2026-10-04T16:30:53Z,zavod=401,survey=200,brand=405,smm=200,ssh22=OK,tcp443=OK
2026-10-04T16:35:43Z,zavod=401,survey=TIMEOUT,brand=405,smm=200,ssh22=OK,tcp443=OK
2026-10-04T16:40:33Z,zavod=401,survey=200,brand=405,smm=200,ssh22=OK,tcp443=OK
2026-10-04T16:45:35Z,zavod=401,survey=200,brand=405,smm=200,ssh22=OK,tcp443=OK
2026-10-04T16:50:55Z,zavod=401,survey=200,brand=405,smm=200,ssh22=OK,tcp443=OK
2026-10-04T16:55:52Z,zavod=401,survey=200,brand=405,smm=200,ssh22=OK,tcp443=OK
2026-10-04T17:01:06Z,zavod=401,survey=200,brand=405,smm=200,ssh22=OK,tcp443=OK
2026-10-04T17:05:48Z,zavod=401,survey=200,brand=405,smm=200,ssh22=OK,tcp443=OK
2026-10-04T17:10:37Z,zavod=401,survey=TIMEOUT,brand=405,smm=200,ssh22=OK,tcp443=OK
2026-10-04T17:15:58Z,zavod=401,survey=TIMEOUT,brand=405,smm=200,ssh22=FAIL,tcp443=FAIL
2026-10-04T17:20:49Z,zavod=401,survey=200,brand=TIMEOUT,smm=200,ssh22=OK,tcp443=OK
2026-10-04T17:25:35Z,zavod=401,survey=TIMEOUT,brand=405,smm=200,ssh22=OK,tcp443=OK
2026-10-04T17:31:02Z,zavod=401,survey=200,brand=405,smm=200,ssh22=OK,tcp443=OK
2026-10-04T17:35:31Z,zavod=TIMEOUT,survey=200,brand=405,smm=200,ssh22=OK,tcp443=OK
2026-10-04T17:40:31Z,zavod=401,survey=200,brand=405,smm=200,ssh22=OK,tcp443=OK
2026-10-04T17:45:32Z,zavod=401,survey=200,brand=405,smm=200,ssh22=OK,tcp443=OK
2026-10-04T17:50:52Z,zavod=401,survey=200,brand=405,smm=200,ssh22=OK,tcp443=OK
2026-10-04T17:55:39Z,zavod=401,survey=TIMEOUT,brand=TIMEOUT,smm=200,ssh22=OK,tcp443=OK
2026-10-04T18:01:12Z,zavod=401,survey=200,brand=405,smm=200,ssh22=OK,tcp443=OK
2026-10-04T18:05:43Z,zavod=401,survey=200,brand=TIMEOUT,smm=200,ssh22=OK,tcp443=OK
2026-10-04T18:10:32Z,zavod=401,survey=TIMEOUT,brand=405,smm=200,ssh22=OK,tcp443=OK
2026-10-04T18:15:53Z,zavod=401,survey=200,brand=405,smm=200,ssh22=OK,tcp443=OK
2026-10-04T18:20:44Z,zavod=401,survey=TIMEOUT,brand=405,smm=200,ssh22=OK,tcp443=OK
2026-10-04T18:25:32Z,zavod=401,survey=TIMEOUT,brand=405,smm=200,ssh22=OK,tcp443=OK
2026-10-04T18:30:38Z,zavod=401,survey=200,brand=405,smm=200,ssh22=OK,tcp443=OK
2026-10-04T18:35:26Z,zavod=401,survey=200,brand=405,smm=200,ssh22=OK,tcp443=OK
2026-10-04T18:40:56Z,zavod=401,survey=200,brand=405,smm=200,ssh22=OK,tcp443=OK
2026-10-04T18:45:47Z,zavod=401,survey=TIMEOUT,brand=405,smm=200,ssh22=OK,tcp443=OK
2026-10-04T18:50:36Z,zavod=401,survey=200,brand=405,smm=200,ssh22=OK,tcp443=OK
2026-10-04T18:55:52Z,zavod=401,survey=TIMEOUT,brand=TIMEOUT,smm=200,ssh22=OK,tcp443=OK
2026-10-04T19:00:55Z,zavod=401,survey=200,brand=405,smm=200,ssh22=OK,tcp443=OK
2026-10-04T19:05:45Z,zavod=TIMEOUT,survey=200,brand=TIMEOUT,smm=200,ssh22=OK,tcp443=OK
2026-10-04T19:10:44Z,zavod=401,survey=200,brand=405,smm=200,ssh22=OK,tcp443=OK
2026-10-04T19:15:48Z,zavod=401,survey=200,brand=TIMEOUT,smm=200,ssh22=OK,tcp443=OK
2026-10-04T19:20:48Z,zavod=401,survey=TIMEOUT,brand=405,smm=200,ssh22=OK,tcp443=OK
2026-10-04T19:25:34Z,zavod=401,survey=TIMEOUT,brand=TIMEOUT,smm=200,ssh22=OK,tcp443=OK
2026-10-04T19:30:59Z,zavod=401,survey=TIMEOUT,brand=405,smm=200,ssh22=OK,tcp443=OK
2026-10-04T19:35:46Z,zavod=401,survey=200,brand=405,smm=200,ssh22=OK,tcp443=OK
2026-10-04T19:40:34Z,zavod=401,survey=200,brand=405,smm=200,ssh22=OK,tcp443=OK
2026-10-04T19:45:54Z,zavod=401,survey=200,brand=405,smm=200,ssh22=OK,tcp443=OK
2026-10-04T19:50:53Z,zavod=401,survey=200,brand=405,smm=200,ssh22=OK,tcp443=OK
2026-10-04T19:55:39Z,zavod=401,survey=200,brand=405,smm=200,ssh22=OK,tcp443=OK
2026-10-04T20:00:51Z,zavod=401,survey=200,brand=405,smm=200,ssh22=OK,tcp443=OK
2026-10-04T20:05:40Z,zavod=401,survey=TIMEOUT,brand=405,smm=200,ssh22=OK,tcp443=OK
2026-10-04T20:10:38Z,zavod=401,survey=200,brand=405,smm=200,ssh22=OK,tcp443=OK
2026-10-04T20:15:57Z,zavod=401,survey=TIMEOUT,brand=405,smm=200,ssh22=OK,tcp443=OK
2026-10-04T20:20:46Z,zavod=401,survey=TIMEOUT,brand=405,smm=200,ssh22=OK,tcp443=OK
2026-10-04T20:25:31Z,zavod=401,survey=TIMEOUT,brand=405,smm=200,ssh22=OK,tcp443=OK
2026-10-04T20:30:37Z,zavod=401,survey=200,brand=405,smm=200,ssh22=OK,tcp443=OK
2026-10-04T20:35:53Z,zavod=401,survey=TIMEOUT,brand=405,smm=200,ssh22=OK,tcp443=OK
2026-10-04T20:40:49Z,zavod=401,survey=200,brand=405,smm=200,ssh22=OK,tcp443=OK
2026-10-04T20:45:37Z,zavod=401,survey=TIMEOUT,brand=TIMEOUT,smm=200,ssh22=OK,tcp443=OK
2026-10-04T20:50:35Z,zavod=401,survey=200,brand=405,smm=200,ssh22=OK,tcp443=OK
2026-10-04T20:55:50Z,zavod=401,survey=TIMEOUT,brand=405,smm=200,ssh22=OK,tcp443=OK
2026-10-04T21:00:50Z,zavod=401,survey=200,brand=405,smm=200,ssh22=OK,tcp443=OK
2026-10-04T21:05:39Z,zavod=401,survey=200,brand=405,smm=200,ssh22=OK,tcp443=OK
2026-10-04T21:10:58Z,zavod=401,survey=TIMEOUT,brand=405,smm=200,ssh22=OK,tcp443=OK
2026-10-04T21:15:37Z,zavod=401,survey=200,brand=405,smm=200,ssh22=OK,tcp443=OK
2026-10-04T21:20:55Z,zavod=401,survey=TIMEOUT,brand=405,smm=200,ssh22=OK,tcp443=OK
2026-10-04T21:25:41Z,zavod=401,survey=200,brand=TIMEOUT,smm=200,ssh22=OK,tcp443=OK
2026-10-04T21:31:04Z,zavod=401,survey=TIMEOUT,brand=405,smm=200,ssh22=OK,tcp443=OK
2026-10-04T21:35:49Z,zavod=401,survey=200,brand=405,smm=200,ssh22=OK,tcp443=OK
2026-10-04T21:40:37Z,zavod=401,survey=200,brand=405,smm=200,ssh22=OK,tcp443=OK
2026-10-04T21:45:55Z,zavod=401,survey=200,brand=TIMEOUT,smm=200,ssh22=OK,tcp443=OK
2026-10-04T21:50:43Z,zavod=401,survey=TIMEOUT,brand=405,smm=200,ssh22=OK,tcp443=OK
2026-10-04T21:55:27Z,zavod=401,survey=TIMEOUT,brand=405,smm=200,ssh22=OK,tcp443=OK
2026-10-04T22:00:57Z,zavod=401,survey=200,brand=405,smm=200,ssh22=OK,tcp443=OK
2026-10-04T22:05:45Z,zavod=TIMEOUT,survey=200,brand=TIMEOUT,smm=200,ssh22=OK,tcp443=OK
2026-10-04T22:10:32Z,zavod=401,survey=TIMEOUT,brand=405,smm=200,ssh22=OK,tcp443=OK
2026-10-04T22:15:30Z,zavod=TIMEOUT,survey=200,brand=405,smm=200,ssh22=OK,tcp443=OK
2026-10-04T22:20:49Z,zavod=401,survey=200,brand=405,smm=200,ssh22=OK,tcp443=OK
2026-10-04T22:25:33Z,zavod=401,survey=TIMEOUT,brand=405,smm=200,ssh22=OK,tcp443=OK
2026-10-04T22:30:57Z,zavod=401,survey=200,brand=405,smm=200,ssh22=OK,tcp443=OK
2026-10-04T22:35:43Z,zavod=401,survey=200,brand=405,smm=200,ssh22=OK,tcp443=OK
2026-10-04T22:40:30Z,zavod=401,survey=200,brand=405,smm=200,ssh22=OK,tcp443=OK
2026-10-04T22:45:29Z,zavod=401,survey=200,brand=405,smm=200,ssh22=OK,tcp443=OK
2026-10-04T22:50:46Z,zavod=401,survey=200,brand=405,smm=200,ssh22=OK,tcp443=OK
2026-10-04T22:55:32Z,zavod=401,survey=200,brand=405,smm=200,ssh22=OK,tcp443=OK
2026-10-04T23:01:02Z,zavod=401,survey=200,brand=405,smm=200,ssh22=OK,tcp443=OK
2026-10-04T23:05:49Z,zavod=401,survey=TIMEOUT,brand=TIMEOUT,smm=200,ssh22=OK,tcp443=OK
2026-10-04T23:10:37Z,zavod=401,survey=200,brand=405,smm=200,ssh22=OK,tcp443=OK
2026-10-04T23:15:55Z,zavod=401,survey=200,brand=405,smm=200,ssh22=OK,tcp443=OK
2026-10-04T23:20:53Z,zavod=401,survey=200,brand=TIMEOUT,smm=200,ssh22=OK,tcp443=OK
2026-10-04T23:25:37Z,zavod=401,survey=TIMEOUT,brand=405,smm=200,ssh22=OK,tcp443=OK
2026-10-04T23:30:59Z,zavod=401,survey=200,brand=405,smm=200,ssh22=OK,tcp443=OK
2026-10-04T23:35:46Z,zavod=401,survey=TIMEOUT,brand=TIMEOUT,smm=200,ssh22=OK,tcp443=OK
2026-10-04T23:40:33Z,zavod=401,survey=200,brand=405,smm=200,ssh22=OK,tcp443=OK
2026-10-04T23:45:50Z,zavod=401,survey=TIMEOUT,brand=405,smm=200,ssh22=OK,tcp443=OK
2026-10-04T23:50:38Z,zavod=401,survey=200,brand=TIMEOUT,smm=200,ssh22=OK,tcp443=OK
2026-10-04T23:55:52Z,zavod=401,survey=200,brand=405,smm=200,ssh22=OK,tcp443=OK
2026-10-05T00:01:05Z,zavod=401,survey=TIMEOUT,brand=405,smm=200,ssh22=OK,tcp443=OK
2026-10-05T00:05:36Z,zavod=401,survey=200,brand=405,smm=200,ssh22=OK,tcp443=OK
2026-10-05T00:10:54Z,zavod=401,survey=200,brand=TIMEOUT,smm=200,ssh22=OK,tcp443=OK
2026-10-05T00:15:43Z,zavod=401,survey=TIMEOUT,brand=TIMEOUT,smm=200,ssh22=OK,tcp443=OK
2026-10-05T00:20:45Z,zavod=401,survey=TIMEOUT,brand=TIMEOUT,smm=200,ssh22=OK,tcp443=OK
2026-10-05T00:25:29Z,zavod=401,survey=TIMEOUT,brand=405,smm=200,ssh22=OK,tcp443=OK
2026-10-05T00:30:53Z,zavod=401,survey=200,brand=405,smm=200,ssh22=OK,tcp443=OK
2026-10-05T00:35:40Z,zavod=401,survey=200,brand=405,smm=200,ssh22=OK,tcp443=OK
2026-10-05T00:40:49Z,zavod=401,survey=TIMEOUT,brand=405,smm=200,ssh22=OK,tcp443=OK
2026-10-05T00:45:37Z,zavod=401,survey=200,brand=405,smm=200,ssh22=OK,tcp443=OK
2026-10-05T00:50:56Z,zavod=401,survey=TIMEOUT,brand=TIMEOUT,smm=200,ssh22=OK,tcp443=OK
2026-10-05T00:55:41Z,zavod=401,survey=200,brand=405,smm=200,ssh22=OK,tcp443=OK
2026-10-05T01:01:12Z,zavod=401,survey=200,brand=405,smm=200,ssh22=OK,tcp443=OK
2026-10-05T01:05:30Z,zavod=401,survey=TIMEOUT,brand=TIMEOUT,smm=200,ssh22=OK,tcp443=OK
2026-10-05T01:10:48Z,zavod=401,survey=TIMEOUT,brand=405,smm=200,ssh22=OK,tcp443=OK
2026-10-05T01:15:36Z,zavod=401,survey=200,brand=405,smm=200,ssh22=OK,tcp443=OK
2026-10-05T01:20:35Z,zavod=401,survey=200,brand=405,smm=200,ssh22=OK,tcp443=OK
2026-10-05T01:25:49Z,zavod=401,survey=TIMEOUT,brand=405,smm=200,ssh22=OK,tcp443=OK
2026-10-05T01:30:41Z,zavod=401,survey=200,brand=405,smm=200,ssh22=OK,tcp443=OK
2026-10-05T01:35:28Z,zavod=401,survey=200,brand=405,smm=200,ssh22=OK,tcp443=OK
2026-10-05T01:40:46Z,zavod=401,survey=200,brand=405,smm=200,ssh22=OK,tcp443=OK
2026-10-05T01:45:33Z,zavod=401,survey=200,brand=405,smm=200,ssh22=OK,tcp443=OK
2026-10-05T01:50:51Z,zavod=401,survey=200,brand=405,smm=200,ssh22=OK,tcp443=OK
2026-10-05T01:55:35Z,zavod=401,survey=200,brand=405,smm=200,ssh22=OK,tcp443=OK
2026-10-05T02:01:06Z,zavod=401,survey=200,brand=405,smm=200,ssh22=OK,tcp443=OK
2026-10-05T02:05:24Z,zavod=401,survey=200,brand=TIMEOUT,smm=200,ssh22=OK,tcp443=OK
2026-10-05T02:10:43Z,zavod=401,survey=200,brand=TIMEOUT,smm=200,ssh22=OK,tcp443=OK
2026-10-05T02:15:32Z,zavod=401,survey=TIMEOUT,brand=405,smm=200,ssh22=OK,tcp443=OK
2026-10-05T02:20:51Z,zavod=401,survey=200,brand=405,smm=200,ssh22=OK,tcp443=OK
2026-10-05T02:25:36Z,zavod=401,survey=200,brand=405,smm=200,ssh22=OK,tcp443=OK
2026-10-05T02:30:59Z,zavod=401,survey=200,brand=405,smm=200,ssh22=OK,tcp443=OK
2026-10-05T02:35:46Z,zavod=401,survey=200,brand=TIMEOUT,smm=200,ssh22=OK,tcp443=OK
2026-10-05T02:40:34Z,zavod=401,survey=200,brand=405,smm=200,ssh22=OK,tcp443=OK
2026-10-05T02:45:33Z,zavod=401,survey=200,brand=405,smm=200,ssh22=OK,tcp443=OK
2026-10-05T02:50:52Z,zavod=401,survey=200,brand=TIMEOUT,smm=200,ssh22=OK,tcp443=OK
2026-10-05T02:55:47Z,zavod=401,survey=TIMEOUT,brand=405,smm=200,ssh22=OK,tcp443=OK
2026-10-05T03:00:51Z,zavod=401,survey=200,brand=405,smm=200,ssh22=OK,tcp443=OK
2026-10-05T03:05:42Z,zavod=401,survey=200,brand=405,smm=200,ssh22=OK,tcp443=OK
2026-10-05T03:10:31Z,zavod=401,survey=TIMEOUT,brand=405,smm=200,ssh22=OK,tcp443=OK
2026-10-05T03:15:50Z,zavod=401,survey=200,brand=405,smm=200,ssh22=OK,tcp443=OK
2026-10-05T03:20:40Z,zavod=401,survey=200,brand=TIMEOUT,smm=200,ssh22=OK,tcp443=OK
2026-10-05T03:25:25Z,zavod=401,survey=TIMEOUT,brand=405,smm=200,ssh22=OK,tcp443=OK
2026-10-05T03:30:50Z,zavod=401,survey=TIMEOUT,brand=TIMEOUT,smm=200,ssh22=OK,tcp443=OK
2026-10-05T03:35:48Z,zavod=401,survey=200,brand=405,smm=200,ssh22=OK,tcp443=OK
2026-10-05T03:40:37Z,zavod=401,survey=TIMEOUT,brand=405,smm=200,ssh22=OK,tcp443=OK
2026-10-05T03:45:36Z,zavod=401,survey=TIMEOUT,brand=405,smm=200,ssh22=OK,tcp443=OK
2026-10-05T03:50:55Z,zavod=401,survey=200,brand=405,smm=200,ssh22=OK,tcp443=OK
2026-10-05T03:55:52Z,zavod=401,survey=TIMEOUT,brand=405,smm=200,ssh22=OK,tcp443=OK
2026-10-05T04:00:56Z,zavod=401,survey=TIMEOUT,brand=405,smm=200,ssh22=OK,tcp443=OK
2026-10-05T04:05:27Z,zavod=401,survey=TIMEOUT,brand=405,smm=200,ssh22=OK,tcp443=OK
2026-10-05T04:10:48Z,zavod=401,survey=TIMEOUT,brand=TIMEOUT,smm=200,ssh22=OK,tcp443=OK
2026-10-05T04:15:39Z,zavod=401,survey=200,brand=405,smm=200,ssh22=OK,tcp443=OK
2026-10-05T04:20:51Z,zavod=401,survey=200,brand=405,smm=200,ssh22=OK,tcp443=OK
2026-10-05T04:25:38Z,zavod=401,survey=200,brand=405,smm=200,ssh22=OK,tcp443=OK
2026-10-05T04:30:45Z,zavod=401,survey=TIMEOUT,brand=TIMEOUT,smm=200,ssh22=OK,tcp443=OK
2026-10-05T04:35:43Z,zavod=401,survey=200,brand=405,smm=200,ssh22=OK,tcp443=OK
2026-10-05T04:40:33Z,zavod=401,survey=200,brand=405,smm=200,ssh22=OK,tcp443=OK
2026-10-05T04:45:46Z,zavod=401,survey=TIMEOUT,brand=405,smm=200,ssh22=OK,tcp443=OK
2026-10-05T04:50:37Z,zavod=401,survey=200,brand=405,smm=200,ssh22=OK,tcp443=OK
2026-10-05T04:55:25Z,zavod=401,survey=200,brand=405,smm=200,ssh22=OK,tcp443=OK
2026-10-05T05:01:11Z,zavod=TIMEOUT,survey=200,brand=405,smm=200,ssh22=OK,tcp443=OK
2026-10-05T05:05:34Z,zavod=401,survey=200,brand=405,smm=200,ssh22=OK,tcp443=OK
2026-10-05T05:10:56Z,zavod=401,survey=200,brand=405,smm=200,ssh22=OK,tcp443=OK
2026-10-05T05:15:50Z,zavod=401,survey=TIMEOUT,brand=405,smm=200,ssh22=OK,tcp443=OK
2026-10-05T05:20:42Z,zavod=401,survey=TIMEOUT,brand=405,smm=200,ssh22=OK,tcp443=OK
2026-10-05T05:25:46Z,zavod=401,survey=200,brand=405,smm=200,ssh22=OK,tcp443=OK
2026-10-05T05:30:54Z,zavod=401,survey=200,brand=405,smm=200,ssh22=OK,tcp443=OK
2026-10-05T05:35:45Z,zavod=401,survey=TIMEOUT,brand=405,smm=200,ssh22=OK,tcp443=OK
2026-10-05T05:40:37Z,zavod=401,survey=200,brand=405,smm=200,ssh22=OK,tcp443=OK
2026-10-05T05:45:32Z,zavod=401,survey=200,brand=405,smm=200,ssh22=OK,tcp443=OK
2026-10-05T05:50:56Z,zavod=401,survey=TIMEOUT,brand=405,smm=200,ssh22=OK,tcp443=OK
2026-10-05T05:55:47Z,zavod=401,survey=200,brand=405,smm=200,ssh22=OK,tcp443=OK
2026-10-05T06:00:58Z,zavod=401,survey=200,brand=405,smm=200,ssh22=OK,tcp443=OK
2026-10-05T06:05:35Z,zavod=401,survey=TIMEOUT,brand=TIMEOUT,smm=200,ssh22=OK,tcp443=OK
2026-10-05T06:10:31Z,zavod=401,survey=200,brand=405,smm=200,ssh22=OK,tcp443=OK
2026-10-05T06:15:58Z,zavod=401,survey=200,brand=405,smm=200,ssh22=OK,tcp443=OK
2026-10-05T06:20:54Z,zavod=401,survey=TIMEOUT,brand=TIMEOUT,smm=200,ssh22=OK,tcp443=OK
2026-10-05T06:25:27Z,zavod=401,survey=200,brand=405,smm=200,ssh22=OK,tcp443=OK
2026-10-05T06:31:00Z,zavod=401,survey=200,brand=405,smm=200,ssh22=OK,tcp443=OK
2026-10-05T06:35:55Z,zavod=401,survey=200,brand=405,smm=200,ssh22=OK,tcp443=OK
2026-10-05T06:40:51Z,zavod=401,survey=200,brand=405,smm=200,ssh22=FAIL,tcp443=FAIL
2026-10-05T06:45:48Z,zavod=401,survey=200,brand=405,smm=200,ssh22=OK,tcp443=OK
2026-10-05T06:50:43Z,zavod=401,survey=200,brand=405,smm=200,ssh22=OK,tcp443=OK
2026-10-05T06:55:50Z,zavod=401,survey=200,brand=405,smm=200,ssh22=OK,tcp443=OK
2026-10-05T07:01:07Z,zavod=401,survey=200,brand=405,smm=200,ssh22=OK,tcp443=OK
2026-10-05T07:05:44Z,zavod=401,survey=TIMEOUT,brand=405,smm=200,ssh22=OK,tcp443=OK
2026-10-05T07:10:59Z,zavod=401,survey=200,brand=405,smm=200,ssh22=OK,tcp443=OK
2026-10-05T07:15:36Z,zavod=401,survey=200,brand=405,smm=200,ssh22=OK,tcp443=OK
2026-10-05T07:20:42Z,zavod=401,survey=200,brand=TIMEOUT,smm=200,ssh22=OK,tcp443=OK
2026-10-05T07:25:43Z,zavod=TIMEOUT,survey=200,brand=405,smm=200,ssh22=OK,tcp443=OK
2026-10-05T07:30:47Z,zavod=401,survey=200,brand=405,smm=200,ssh22=OK,tcp443=OK
2026-10-05T07:35:55Z,zavod=401,survey=200,brand=405,smm=200,ssh22=OK,tcp443=OK
2026-10-05T07:40:56Z,zavod=401,survey=200,brand=405,smm=200,ssh22=OK,tcp443=OK
2026-10-05T07:45:36Z,zavod=401,survey=TIMEOUT,brand=TIMEOUT,smm=200,ssh22=OK,tcp443=OK
2026-10-05T07:50:48Z,zavod=401,survey=TIMEOUT,brand=405,smm=200,ssh22=OK,tcp443=OK
2026-10-05T07:56:00Z,zavod=401,survey=TIMEOUT,brand=405,smm=200,ssh22=OK,tcp443=OK
2026-10-05T08:00:56Z,zavod=401,survey=TIMEOUT,brand=405,smm=200,ssh22=OK,tcp443=OK
2026-10-05T08:05:31Z,zavod=401,survey=200,brand=405,smm=200,ssh22=OK,tcp443=OK
2026-10-05T08:10:38Z,zavod=401,survey=200,brand=TIMEOUT,smm=200,ssh22=OK,tcp443=OK
2026-10-05T08:15:44Z,zavod=401,survey=TIMEOUT,brand=TIMEOUT,smm=200,ssh22=OK,tcp443=OK
2026-10-05T08:20:40Z,zavod=401,survey=200,brand=405,smm=200,ssh22=OK,tcp443=OK
2026-10-05T08:25:38Z,zavod=401,survey=TIMEOUT,brand=405,smm=200,ssh22=OK,tcp443=OK
2026-10-05T08:30:46Z,zavod=401,survey=200,brand=405,smm=200,ssh22=OK,tcp443=OK
2026-10-05T08:35:47Z,zavod=401,survey=200,brand=405,smm=200,ssh22=OK,tcp443=OK
2026-10-05T08:40:48Z,zavod=401,survey=TIMEOUT,brand=405,smm=200,ssh22=OK,tcp443=OK
2026-10-05T08:45:52Z,zavod=401,survey=200,brand=405,smm=200,ssh22=OK,tcp443=OK
2026-10-05T08:50:53Z,zavod=401,survey=200,brand=405,smm=200,ssh22=OK,tcp443=OK
2026-10-05T08:55:52Z,zavod=401,survey=200,brand=405,smm=200,ssh22=OK,tcp443=OK
2026-10-05T09:00:50Z,zavod=401,survey=200,brand=405,smm=200,ssh22=OK,tcp443=OK
2026-10-05T09:05:54Z,zavod=401,survey=200,brand=405,smm=200,ssh22=OK,tcp443=OK
2026-10-05T09:10:54Z,zavod=401,survey=200,brand=405,smm=200,ssh22=OK,tcp443=OK
2026-10-05T09:15:57Z,zavod=401,survey=TIMEOUT,brand=405,smm=200,ssh22=OK,tcp443=OK
2026-10-05T09:20:59Z,zavod=401,survey=200,brand=405,smm=200,ssh22=OK,tcp443=OK
2026-10-05T09:25:27Z,zavod=401,survey=200,brand=405,smm=200,ssh22=OK,tcp443=OK
2026-10-05T09:30:44Z,zavod=401,survey=200,brand=405,smm=200,ssh22=OK,tcp443=OK
2026-10-05T09:35:48Z,zavod=401,survey=200,brand=405,smm=200,ssh22=OK,tcp443=OK
2026-10-05T09:40:48Z,zavod=401,survey=TIMEOUT,brand=405,smm=200,ssh22=OK,tcp443=OK
2026-10-05T09:45:34Z,zavod=401,survey=TIMEOUT,brand=405,smm=200,ssh22=OK,tcp443=OK
2026-10-05T09:50:37Z,zavod=401,survey=200,brand=405,smm=200,ssh22=OK,tcp443=OK
2026-10-05T09:55:38Z,zavod=401,survey=200,brand=405,smm=200,ssh22=OK,tcp443=OK
2026-10-05T10:00:55Z,zavod=401,survey=TIMEOUT,brand=405,smm=200,ssh22=OK,tcp443=OK
2026-10-05T10:05:32Z,zavod=401,survey=200,brand=405,smm=200,ssh22=OK,tcp443=OK
2026-10-05T10:10:36Z,zavod=401,survey=TIMEOUT,brand=405,smm=200,ssh22=OK,tcp443=OK
2026-10-05T10:15:42Z,zavod=401,survey=TIMEOUT,brand=405,smm=200,ssh22=OK,tcp443=OK
2026-10-05T10:20:46Z,zavod=401,survey=200,brand=405,smm=200,ssh22=OK,tcp443=OK
2026-10-05T10:25:46Z,zavod=401,survey=TIMEOUT,brand=405,smm=200,ssh22=OK,tcp443=OK
2026-10-05T10:30:55Z,zavod=401,survey=200,brand=405,smm=200,ssh22=OK,tcp443=OK
2026-10-05T10:35:28Z,zavod=401,survey=200,brand=405,smm=200,ssh22=OK,tcp443=OK
2026-10-05T10:40:33Z,zavod=TIMEOUT,survey=200,brand=405,smm=200,ssh22=OK,tcp443=OK
2026-10-05T10:45:36Z,zavod=401,survey=200,brand=TIMEOUT,smm=200,ssh22=OK,tcp443=OK
2026-10-05T10:50:38Z,zavod=401,survey=200,brand=405,smm=200,ssh22=OK,tcp443=OK
2026-10-05T10:55:38Z,zavod=401,survey=TIMEOUT,brand=405,smm=200,ssh22=OK,tcp443=OK
2026-10-05T11:01:07Z,zavod=401,survey=TIMEOUT,brand=405,smm=200,ssh22=OK,tcp443=OK
2026-10-05T11:05:41Z,zavod=401,survey=TIMEOUT,brand=405,smm=200,ssh22=FAIL,tcp443=FAIL
2026-10-05T11:10:44Z,zavod=TIMEOUT,survey=200,brand=405,smm=200,ssh22=OK,tcp443=OK
2026-10-05T11:15:49Z,zavod=401,survey=200,brand=405,smm=200,ssh22=OK,tcp443=OK
2026-10-05T11:20:53Z,zavod=401,survey=TIMEOUT,brand=TIMEOUT,smm=200,ssh22=OK,tcp443=OK
2026-10-05T11:25:53Z,zavod=401,survey=200,brand=405,smm=200,ssh22=OK,tcp443=OK
2026-10-05T11:30:42Z,zavod=401,survey=TIMEOUT,brand=405,smm=200,ssh22=OK,tcp443=OK
2026-10-05T11:35:43Z,zavod=401,survey=TIMEOUT,brand=TIMEOUT,smm=200,ssh22=OK,tcp443=OK
2026-10-05T11:40:47Z,zavod=401,survey=200,brand=405,smm=200,ssh22=OK,tcp443=OK
2026-10-05T11:45:51Z,zavod=401,survey=200,brand=405,smm=200,ssh22=OK,tcp443=OK
2026-10-05T11:50:54Z,zavod=401,survey=TIMEOUT,brand=405,smm=200,ssh22=OK,tcp443=OK
2026-10-05T11:55:54Z,zavod=401,survey=TIMEOUT,brand=405,smm=200,ssh22=OK,tcp443=OK
2026-10-05T12:01:14Z,zavod=401,survey=200,brand=405,smm=200,ssh22=OK,tcp443=OK
2026-10-05T12:05:49Z,zavod=401,survey=200,brand=405,smm=200,ssh22=OK,tcp443=OK
2026-10-05T12:10:32Z,zavod=401,survey=TIMEOUT,brand=405,smm=200,ssh22=OK,tcp443=OK
2026-10-05T12:15:36Z,zavod=401,survey=TIMEOUT,brand=405,smm=200,ssh22=OK,tcp443=OK
2026-10-05T12:20:51Z,zavod=401,survey=TIMEOUT,brand=TIMEOUT,smm=200,ssh22=OK,tcp443=OK
2026-10-05T12:25:53Z,zavod=401,survey=200,brand=405,smm=200,ssh22=OK,tcp443=OK
2026-10-05T12:31:03Z,zavod=401,survey=200,brand=405,smm=200,ssh22=OK,tcp443=OK
2026-10-05T12:35:36Z,zavod=401,survey=200,brand=405,smm=200,ssh22=OK,tcp443=OK
2026-10-05T12:40:41Z,zavod=401,survey=200,brand=405,smm=200,ssh22=OK,tcp443=OK
2026-10-05T12:45:47Z,zavod=401,survey=TIMEOUT,brand=TIMEOUT,smm=200,ssh22=OK,tcp443=OK
2026-10-05T12:50:55Z,zavod=401,survey=TIMEOUT,brand=TIMEOUT,smm=200,ssh22=OK,tcp443=OK
2026-10-05T12:55:29Z,zavod=401,survey=200,brand=405,smm=200,ssh22=OK,tcp443=OK
2026-10-05T13:00:51Z,zavod=401,survey=200,brand=405,smm=200,ssh22=OK,tcp443=OK
2026-10-05T13:05:30Z,zavod=401,survey=200,brand=405,smm=200,ssh22=OK,tcp443=OK
2026-10-05T13:10:37Z,zavod=401,survey=200,brand=405,smm=200,ssh22=OK,tcp443=OK
2026-10-05T13:15:47Z,zavod=401,survey=200,brand=405,smm=200,ssh22=OK,tcp443=OK
2026-10-05T13:20:55Z,zavod=401,survey=200,brand=TIMEOUT,smm=200,ssh22=OK,tcp443=OK
2026-10-05T13:25:29Z,zavod=401,survey=200,brand=405,smm=200,ssh22=OK,tcp443=OK
2026-10-05T13:30:43Z,zavod=401,survey=TIMEOUT,brand=405,smm=200,ssh22=OK,tcp443=OK
2026-10-05T13:35:49Z,zavod=401,survey=TIMEOUT,brand=405,smm=200,ssh22=OK,tcp443=OK
2026-10-05T13:40:36Z,zavod=401,survey=200,brand=405,smm=200,ssh22=OK,tcp443=OK
2026-10-05T13:45:44Z,zavod=401,survey=TIMEOUT,brand=TIMEOUT,smm=200,ssh22=OK,tcp443=OK
2026-10-05T13:50:50Z,zavod=401,survey=TIMEOUT,brand=405,smm=200,ssh22=OK,tcp443=OK
2026-10-05T13:55:51Z,zavod=401,survey=TIMEOUT,brand=405,smm=200,ssh22=OK,tcp443=OK
2026-10-05T14:01:10Z,zavod=401,survey=TIMEOUT,brand=TIMEOUT,smm=200,ssh22=OK,tcp443=OK
2026-10-05T14:05:45Z,zavod=401,survey=200,brand=TIMEOUT,smm=200,ssh22=OK,tcp443=OK
2026-10-05T14:10:48Z,zavod=401,survey=200,brand=405,smm=200,ssh22=FAIL,tcp443=FAIL
2026-10-05T14:15:53Z,zavod=401,survey=200,brand=405,smm=200,ssh22=OK,tcp443=OK
2026-10-05T14:20:58Z,zavod=401,survey=200,brand=405,smm=200,ssh22=OK,tcp443=OK
2026-10-05T14:25:27Z,zavod=401,survey=TIMEOUT,brand=405,smm=200,ssh22=OK,tcp443=OK
2026-10-05T14:31:09Z,zavod=401,survey=TIMEOUT,brand=405,smm=200,ssh22=OK,tcp443=OK
2026-10-05T14:35:41Z,zavod=401,survey=200,brand=405,smm=200,ssh22=OK,tcp443=OK
2026-10-05T14:40:44Z,zavod=401,survey=TIMEOUT,brand=405,smm=200,ssh22=OK,tcp443=OK
2026-10-05T14:45:49Z,zavod=401,survey=200,brand=405,smm=200,ssh22=OK,tcp443=OK
2026-10-05T14:50:54Z,zavod=401,survey=TIMEOUT,brand=405,smm=200,ssh22=OK,tcp443=OK
2026-10-05T14:55:54Z,zavod=401,survey=200,brand=405,smm=200,ssh22=OK,tcp443=OK
2026-10-05T15:01:12Z,zavod=401,survey=200,brand=405,smm=200,ssh22=OK,tcp443=OK
2026-10-05T15:05:47Z,zavod=401,survey=TIMEOUT,brand=405,smm=200,ssh22=OK,tcp443=OK
2026-10-05T15:10:49Z,zavod=401,survey=200,brand=405,smm=200,ssh22=OK,tcp443=OK
2026-10-05T15:15:53Z,zavod=401,survey=200,brand=405,smm=200,ssh22=OK,tcp443=OK
2026-10-05T15:20:57Z,zavod=401,survey=200,brand=405,smm=200,ssh22=OK,tcp443=OK
2026-10-05T15:25:35Z,zavod=401,survey=200,brand=405,smm=200,ssh22=OK,tcp443=OK
2026-10-05T15:30:43Z,zavod=401,survey=200,brand=405,smm=200,ssh22=OK,tcp443=OK
2026-10-05T15:35:43Z,zavod=401,survey=200,brand=405,smm=200,ssh22=OK,tcp443=OK
2026-10-05T15:40:44Z,zavod=401,survey=200,brand=405,smm=200,ssh22=OK,tcp443=OK
2026-10-05T15:45:47Z,zavod=401,survey=200,brand=405,smm=200,ssh22=OK,tcp443=OK
2026-10-05T15:50:48Z,zavod=TIMEOUT,survey=200,brand=405,smm=200,ssh22=OK,tcp443=OK
2026-10-05T15:55:46Z,zavod=401,survey=200,brand=405,smm=200,ssh22=OK,tcp443=OK
2026-10-05T16:01:02Z,zavod=401,survey=200,brand=405,smm=200,ssh22=OK,tcp443=OK
2026-10-05T16:05:45Z,zavod=401,survey=200,brand=405,smm=200,ssh22=OK,tcp443=OK
2026-10-05T16:10:46Z,zavod=401,survey=200,brand=405,smm=200,ssh22=OK,tcp443=OK
2026-10-05T16:15:48Z,zavod=401,survey=TIMEOUT,brand=405,smm=200,ssh22=OK,tcp443=OK
2026-10-05T16:21:00Z,zavod=401,survey=200,brand=405,smm=200,ssh22=OK,tcp443=OK
2026-10-05T16:25:28Z,zavod=401,survey=200,brand=405,smm=200,ssh22=OK,tcp443=OK
2026-10-05T16:30:46Z,zavod=401,survey=200,brand=405,smm=200,ssh22=OK,tcp443=OK
2026-10-05T16:35:46Z,zavod=401,survey=200,brand=405,smm=200,ssh22=OK,tcp443=OK
2026-10-05T16:40:47Z,zavod=401,survey=TIMEOUT,brand=405,smm=200,ssh22=OK,tcp443=OK
2026-10-05T16:45:50Z,zavod=401,survey=200,brand=405,smm=200,ssh22=OK,tcp443=OK
2026-10-05T16:50:51Z,zavod=401,survey=TIMEOUT,brand=TIMEOUT,smm=200,ssh22=FAIL,tcp443=FAIL
2026-10-05T16:55:48Z,zavod=401,survey=200,brand=405,smm=200,ssh22=OK,tcp443=OK
2026-10-05T17:01:03Z,zavod=401,survey=200,brand=405,smm=200,ssh22=OK,tcp443=OK
2026-10-05T17:05:35Z,zavod=401,survey=TIMEOUT,brand=405,smm=200,ssh22=OK,tcp443=OK
2026-10-05T17:10:34Z,zavod=401,survey=TIMEOUT,brand=405,smm=200,ssh22=OK,tcp443=OK
2026-10-05T17:15:55Z,zavod=401,survey=TIMEOUT,brand=405,smm=200,ssh22=OK,tcp443=OK
2026-10-05T17:20:56Z,zavod=401,survey=TIMEOUT,brand=405,smm=200,ssh22=OK,tcp443=OK
2026-10-05T17:25:52Z,zavod=401,survey=200,brand=405,smm=200,ssh22=OK,tcp443=OK
2026-10-05T17:30:38Z,zavod=401,survey=200,brand=405,smm=200,ssh22=OK,tcp443=OK
2026-10-05T17:35:36Z,zavod=401,survey=TIMEOUT,brand=405,smm=200,ssh22=OK,tcp443=OK
2026-10-05T17:40:35Z,zavod=401,survey=200,brand=405,smm=200,ssh22=OK,tcp443=OK
2026-10-05T17:45:36Z,zavod=401,survey=200,brand=405,smm=200,ssh22=OK,tcp443=OK
2026-10-05T17:50:34Z,zavod=401,survey=TIMEOUT,brand=405,smm=200,ssh22=OK,tcp443=OK
2026-10-05T17:55:41Z,zavod=401,survey=200,brand=405,smm=200,ssh22=OK,tcp443=OK
2026-10-05T18:00:54Z,zavod=TIMEOUT,survey=200,brand=TIMEOUT,smm=200,ssh22=OK,tcp443=OK
2026-10-05T18:05:55Z,zavod=401,survey=200,brand=405,smm=200,ssh22=OK,tcp443=OK
2026-10-05T18:10:54Z,zavod=401,survey=200,brand=405,smm=200,ssh22=OK,tcp443=OK
2026-10-05T18:15:54Z,zavod=401,survey=TIMEOUT,brand=405,smm=200,ssh22=OK,tcp443=OK
2026-10-05T18:20:54Z,zavod=401,survey=200,brand=405,smm=200,ssh22=OK,tcp443=OK
2026-10-05T18:25:50Z,zavod=401,survey=200,brand=TIMEOUT,smm=200,ssh22=OK,tcp443=OK
2026-10-05T18:30:54Z,zavod=TIMEOUT,survey=200,brand=TIMEOUT,smm=200,ssh22=OK,tcp443=OK
2026-10-05T18:35:52Z,zavod=401,survey=200,brand=405,smm=200,ssh22=OK,tcp443=OK
2026-10-05T18:40:41Z,zavod=401,survey=200,brand=405,smm=200,ssh22=OK,tcp443=OK
2026-10-05T18:45:51Z,zavod=401,survey=TIMEOUT,brand=405,smm=200,ssh22=OK,tcp443=OK
2026-10-05T18:50:50Z,zavod=401,survey=200,brand=405,smm=200,ssh22=OK,tcp443=OK
2026-10-05T18:55:46Z,zavod=401,survey=TIMEOUT,brand=405,smm=200,ssh22=OK,tcp443=OK
2026-10-05T19:00:57Z,zavod=401,survey=200,brand=405,smm=200,ssh22=OK,tcp443=OK
2026-10-05T19:05:37Z,zavod=401,survey=200,brand=405,smm=200,ssh22=OK,tcp443=OK
2026-10-05T19:10:45Z,zavod=401,survey=200,brand=405,smm=200,ssh22=OK,tcp443=OK
2026-10-05T19:15:44Z,zavod=401,survey=TIMEOUT,brand=405,smm=200,ssh22=OK,tcp443=OK
2026-10-05T19:20:53Z,zavod=TIMEOUT,survey=200,brand=405,smm=200,ssh22=OK,tcp443=OK
2026-10-05T19:25:47Z,zavod=401,survey=200,brand=405,smm=200,ssh22=OK,tcp443=OK
2026-10-05T19:30:51Z,zavod=401,survey=TIMEOUT,brand=405,smm=200,ssh22=OK,tcp443=OK
2026-10-05T19:35:47Z,zavod=401,survey=200,brand=405,smm=200,ssh22=OK,tcp443=OK
2026-10-05T19:40:45Z,zavod=401,survey=200,brand=405,smm=200,ssh22=OK,tcp443=OK
2026-10-05T19:45:43Z,zavod=401,survey=200,brand=405,smm=200,ssh22=OK,tcp443=OK
2026-10-05T19:50:40Z,zavod=401,survey=200,brand=405,smm=200,ssh22=OK,tcp443=OK
2026-10-05T19:55:33Z,zavod=401,survey=TIMEOUT,brand=405,smm=200,ssh22=OK,tcp443=OK
2026-10-05T20:01:15Z,zavod=401,survey=TIMEOUT,brand=TIMEOUT,smm=200,ssh22=OK,tcp443=OK
2026-10-05T20:05:43Z,zavod=401,survey=200,brand=405,smm=200,ssh22=OK,tcp443=OK
2026-10-05T20:10:40Z,zavod=401,survey=200,brand=405,smm=200,ssh22=OK,tcp443=OK
2026-10-05T20:15:37Z,zavod=401,survey=TIMEOUT,brand=405,smm=200,ssh22=OK,tcp443=OK
2026-10-05T20:20:45Z,zavod=401,survey=TIMEOUT,brand=405,smm=200,ssh22=OK,tcp443=OK
2026-10-05T20:25:38Z,zavod=401,survey=200,brand=405,smm=200,ssh22=OK,tcp443=OK
2026-10-05T20:30:40Z,zavod=401,survey=TIMEOUT,brand=405,smm=200,ssh22=OK,tcp443=OK
2026-10-05T20:35:34Z,zavod=401,survey=200,brand=405,smm=200,ssh22=OK,tcp443=OK
2026-10-05T20:40:30Z,zavod=401,survey=200,brand=405,smm=200,ssh22=OK,tcp443=OK
2026-10-05T20:45:57Z,zavod=401,survey=200,brand=405,smm=200,ssh22=OK,tcp443=OK
2026-10-05T20:50:54Z,zavod=401,survey=TIMEOUT,brand=405,smm=200,ssh22=OK,tcp443=OK
2026-10-05T20:55:47Z,zavod=401,survey=200,brand=405,smm=200,ssh22=OK,tcp443=OK
2026-10-05T21:01:06Z,zavod=401,survey=TIMEOUT,brand=405,smm=200,ssh22=OK,tcp443=OK
2026-10-05T21:05:33Z,zavod=401,survey=200,brand=405,smm=200,ssh22=OK,tcp443=OK
2026-10-05T21:10:59Z,zavod=401,survey=200,brand=405,smm=200,ssh22=OK,tcp443=OK
2026-10-05T21:15:56Z,zavod=401,survey=200,brand=405,smm=200,ssh22=OK,tcp443=OK
2026-10-05T21:20:52Z,zavod=401,survey=200,brand=405,smm=200,ssh22=OK,tcp443=OK
2026-10-05T21:25:45Z,zavod=401,survey=200,brand=405,smm=200,ssh22=OK,tcp443=OK
2026-10-05T21:30:46Z,zavod=401,survey=TIMEOUT,brand=405,smm=200,ssh22=OK,tcp443=OK
2026-10-05T21:35:40Z,zavod=401,survey=200,brand=405,smm=200,ssh22=OK,tcp443=OK
2026-10-05T21:40:35Z,zavod=401,survey=TIMEOUT,brand=405,smm=200,ssh22=OK,tcp443=OK
2026-10-05T21:45:31Z,zavod=401,survey=200,brand=405,smm=200,ssh22=OK,tcp443=OK
2026-10-05T21:50:37Z,zavod=401,survey=200,brand=405,smm=200,ssh22=OK,tcp443=OK
2026-10-05T21:55:39Z,zavod=401,survey=TIMEOUT,brand=405,smm=200,ssh22=OK,tcp443=OK
2026-10-05T22:00:57Z,zavod=401,survey=TIMEOUT,brand=405,smm=200,ssh22=OK,tcp443=OK
2026-10-05T22:05:52Z,zavod=401,survey=200,brand=405,smm=200,ssh22=OK,tcp443=OK
2026-10-05T22:10:47Z,zavod=401,survey=200,brand=405,smm=200,ssh22=OK,tcp443=OK
2026-10-05T22:15:43Z,zavod=401,survey=200,brand=405,smm=200,ssh22=OK,tcp443=OK
2026-10-05T22:20:39Z,zavod=401,survey=200,brand=405,smm=200,ssh22=OK,tcp443=OK
2026-10-05T22:25:42Z,zavod=401,survey=200,brand=405,smm=200,ssh22=OK,tcp443=OK
2026-10-05T22:30:43Z,zavod=401,survey=TIMEOUT,brand=405,smm=200,ssh22=OK,tcp443=OK
2026-10-05T22:35:36Z,zavod=401,survey=TIMEOUT,brand=405,smm=200,ssh22=OK,tcp443=OK
2026-10-05T22:40:41Z,zavod=401,survey=200,brand=405,smm=200,ssh22=OK,tcp443=OK
2026-10-05T22:45:47Z,zavod=401,survey=200,brand=TIMEOUT,smm=200,ssh22=OK,tcp443=OK
2026-10-05T22:50:42Z,zavod=401,survey=200,brand=405,smm=200,ssh22=OK,tcp443=OK
2026-10-05T22:55:54Z,zavod=401,survey=TIMEOUT,brand=405,smm=200,ssh22=OK,tcp443=OK
2026-10-05T23:01:02Z,zavod=401,survey=200,brand=405,smm=200,ssh22=OK,tcp443=OK
2026-10-05T23:05:27Z,zavod=401,survey=200,brand=405,smm=200,ssh22=OK,tcp443=OK
2026-10-05T23:10:52Z,zavod=401,survey=200,brand=405,smm=200,ssh22=OK,tcp443=OK
2026-10-05T23:15:48Z,zavod=401,survey=200,brand=405,smm=200,ssh22=OK,tcp443=OK
2026-10-05T23:20:43Z,zavod=401,survey=200,brand=405,smm=200,ssh22=OK,tcp443=OK
2026-10-05T23:25:35Z,zavod=401,survey=TIMEOUT,brand=405,smm=200,ssh22=OK,tcp443=OK
2026-10-05T23:31:07Z,zavod=401,survey=200,brand=405,smm=200,ssh22=OK,tcp443=OK
2026-10-05T23:35:30Z,zavod=401,survey=200,brand=405,smm=200,ssh22=OK,tcp443=OK
2026-10-05T23:40:35Z,zavod=401,survey=200,brand=405,smm=200,ssh22=OK,tcp443=OK
2026-10-05T23:45:40Z,zavod=401,survey=200,brand=405,smm=200,ssh22=OK,tcp443=OK
2026-10-05T23:50:35Z,zavod=401,survey=200,brand=405,smm=200,ssh22=FAIL,tcp443=FAIL
2026-10-05T23:55:26Z,zavod=401,survey=TIMEOUT,brand=405,smm=200,ssh22=OK,tcp443=OK
2026-10-06T00:01:09Z,zavod=401,survey=200,brand=405,smm=200,ssh22=OK,tcp443=OK
2026-10-06T00:05:38Z,zavod=401,survey=TIMEOUT,brand=TIMEOUT,smm=200,ssh22=OK,tcp443=OK
2026-10-06T00:10:47Z,zavod=401,survey=TIMEOUT,brand=405,smm=200,ssh22=OK,tcp443=OK
2026-10-06T00:15:43Z,zavod=401,survey=TIMEOUT,brand=405,smm=200,ssh22=OK,tcp443=OK
2026-10-06T00:20:39Z,zavod=401,survey=200,brand=405,smm=200,ssh22=OK,tcp443=OK
2026-10-06T00:25:43Z,zavod=401,survey=200,brand=405,smm=200,ssh22=OK,tcp443=OK
2026-10-06T00:30:42Z,zavod=401,survey=TIMEOUT,brand=405,smm=200,ssh22=OK,tcp443=OK
2026-10-06T00:35:36Z,zavod=401,survey=TIMEOUT,brand=TIMEOUT,smm=200,ssh22=OK,tcp443=OK
2026-10-06T00:40:43Z,zavod=401,survey=200,brand=405,smm=200,ssh22=OK,tcp443=OK
2026-10-06T00:45:39Z,zavod=401,survey=TIMEOUT,brand=TIMEOUT,smm=200,ssh22=OK,tcp443=OK
2026-10-06T00:50:35Z,zavod=401,survey=TIMEOUT,brand=TIMEOUT,smm=200,ssh22=OK,tcp443=OK
2026-10-06T00:55:26Z,zavod=401,survey=200,brand=405,smm=200,ssh22=OK,tcp443=OK
2026-10-06T01:01:06Z,zavod=401,survey=200,brand=405,smm=200,ssh22=OK,tcp443=OK
2026-10-06T01:05:33Z,zavod=401,survey=200,brand=405,smm=200,ssh22=OK,tcp443=OK
2026-10-06T01:10:38Z,zavod=401,survey=200,brand=405,smm=200,ssh22=OK,tcp443=OK
2026-10-06T01:15:34Z,zavod=401,survey=TIMEOUT,brand=405,smm=200,ssh22=OK,tcp443=OK
2026-10-06T01:20:30Z,zavod=401,survey=200,brand=405,smm=200,ssh22=OK,tcp443=OK
2026-10-06T01:25:52Z,zavod=401,survey=200,brand=405,smm=200,ssh22=OK,tcp443=OK
2026-10-06T01:30:53Z,zavod=401,survey=TIMEOUT,brand=TIMEOUT,smm=200,ssh22=OK,tcp443=OK
2026-10-06T01:35:47Z,zavod=401,survey=200,brand=405,smm=200,ssh22=OK,tcp443=OK
2026-10-06T01:40:43Z,zavod=401,survey=200,brand=405,smm=200,ssh22=OK,tcp443=OK
2026-10-06T01:45:38Z,zavod=401,survey=200,brand=405,smm=200,ssh22=OK,tcp443=OK
2026-10-06T01:50:33Z,zavod=TIMEOUT,survey=200,brand=405,smm=200,ssh22=OK,tcp443=OK
2026-10-06T01:55:34Z,zavod=401,survey=200,brand=405,smm=200,ssh22=OK,tcp443=OK
2026-10-06T02:00:53Z,zavod=401,survey=200,brand=405,smm=200,ssh22=OK,tcp443=OK
2026-10-06T02:05:50Z,zavod=401,survey=TIMEOUT,brand=TIMEOUT,smm=200,ssh22=OK,tcp443=OK
2026-10-06T02:10:55Z,zavod=401,survey=200,brand=405,smm=200,ssh22=OK,tcp443=OK
2026-10-06T02:15:34Z,zavod=401,survey=TIMEOUT,brand=TIMEOUT,smm=200,ssh22=OK,tcp443=OK
2026-10-06T02:20:38Z,zavod=401,survey=TIMEOUT,brand=405,smm=200,ssh22=OK,tcp443=OK
2026-10-06T02:25:30Z,zavod=401,survey=200,brand=405,smm=200,ssh22=OK,tcp443=OK
2026-10-06T02:31:02Z,zavod=401,survey=200,brand=405,smm=200,ssh22=OK,tcp443=OK
2026-10-06T02:35:47Z,zavod=401,survey=TIMEOUT,brand=405,smm=200,ssh22=OK,tcp443=OK
2026-10-06T02:40:41Z,zavod=401,survey=200,brand=405,smm=200,ssh22=OK,tcp443=OK
2026-10-06T02:45:37Z,zavod=401,survey=200,brand=405,smm=200,ssh22=OK,tcp443=OK
2026-10-06T02:50:32Z,zavod=401,survey=200,brand=405,smm=200,ssh22=OK,tcp443=OK
2026-10-06T02:55:55Z,zavod=401,survey=TIMEOUT,brand=405,smm=200,ssh22=OK,tcp443=OK
2026-10-06T03:01:06Z,zavod=401,survey=TIMEOUT,brand=TIMEOUT,smm=200,ssh22=OK,tcp443=OK
2026-10-06T03:05:45Z,zavod=401,survey=200,brand=405,smm=200,ssh22=OK,tcp443=OK
2026-10-06T03:10:51Z,zavod=401,survey=TIMEOUT,brand=405,smm=200,ssh22=OK,tcp443=OK
2026-10-06T03:15:48Z,zavod=401,survey=200,brand=405,smm=200,ssh22=OK,tcp443=OK
2026-10-06T03:20:45Z,zavod=401,survey=200,brand=405,smm=200,ssh22=OK,tcp443=OK
2026-10-06T03:25:38Z,zavod=401,survey=200,brand=405,smm=200,ssh22=OK,tcp443=OK
2026-10-06T03:30:40Z,zavod=401,survey=200,brand=TIMEOUT,smm=200,ssh22=OK,tcp443=OK
2026-10-06T03:35:34Z,zavod=401,survey=TIMEOUT,brand=TIMEOUT,smm=200,ssh22=OK,tcp443=OK
2026-10-06T03:40:30Z,zavod=401,survey=200,brand=405,smm=200,ssh22=OK,tcp443=OK
2026-10-06T03:45:58Z,zavod=401,survey=200,brand=405,smm=200,ssh22=OK,tcp443=OK
2026-10-06T03:50:54Z,zavod=401,survey=200,brand=405,smm=200,ssh22=OK,tcp443=OK
2026-10-06T03:55:47Z,zavod=401,survey=200,brand=405,smm=200,ssh22=OK,tcp443=OK
2026-10-06T04:00:59Z,zavod=401,survey=200,brand=405,smm=200,ssh22=OK,tcp443=OK
2026-10-06T04:05:28Z,zavod=401,survey=200,brand=405,smm=200,ssh22=OK,tcp443=OK
2026-10-06T04:10:57Z,zavod=401,survey=200,brand=405,smm=200,ssh22=OK,tcp443=OK
2026-10-06T04:15:56Z,zavod=401,survey=200,brand=405,smm=200,ssh22=OK,tcp443=OK
2026-10-06T04:20:58Z,zavod=401,survey=200,brand=405,smm=200,ssh22=OK,tcp443=OK
2026-10-06T04:25:50Z,zavod=401,survey=TIMEOUT,brand=405,smm=200,ssh22=OK,tcp443=OK
2026-10-06T04:30:54Z,zavod=401,survey=200,brand=405,smm=200,ssh22=OK,tcp443=OK
2026-10-06T04:35:51Z,zavod=401,survey=200,brand=405,smm=200,ssh22=OK,tcp443=OK
2026-10-06T04:40:49Z,zavod=401,survey=TIMEOUT,brand=405,smm=200,ssh22=OK,tcp443=OK
2026-10-06T04:45:48Z,zavod=401,survey=TIMEOUT,brand=405,smm=200,ssh22=OK,tcp443=OK
2026-10-06T04:50:37Z,zavod=401,survey=200,brand=405,smm=200,ssh22=OK,tcp443=OK
2026-10-06T04:55:31Z,zavod=TIMEOUT,survey=200,brand=405,smm=200,ssh22=OK,tcp443=OK
2026-10-06T05:00:56Z,zavod=401,survey=TIMEOUT,brand=405,smm=200,ssh22=OK,tcp443=OK
2026-10-06T05:05:57Z,zavod=401,survey=200,brand=405,smm=200,ssh22=OK,tcp443=OK
2026-10-06T05:11:01Z,zavod=401,survey=TIMEOUT,brand=405,smm=200,ssh22=OK,tcp443=OK
2026-10-06T05:15:59Z,zavod=401,survey=200,brand=405,smm=200,ssh22=OK,tcp443=OK
2026-10-06T05:20:58Z,zavod=401,survey=TIMEOUT,brand=TIMEOUT,smm=200,ssh22=OK,tcp443=OK
2026-10-06T05:25:55Z,zavod=401,survey=200,brand=TIMEOUT,smm=200,ssh22=OK,tcp443=OK
2026-10-06T05:31:01Z,zavod=401,survey=TIMEOUT,brand=405,smm=200,ssh22=OK,tcp443=OK
2026-10-06T05:35:40Z,zavod=401,survey=200,brand=405,smm=200,ssh22=OK,tcp443=OK
2026-10-06T05:40:39Z,zavod=401,survey=TIMEOUT,brand=405,smm=200,ssh22=OK,tcp443=OK
2026-10-06T05:45:39Z,zavod=401,survey=TIMEOUT,brand=TIMEOUT,smm=200,ssh22=OK,tcp443=OK
2026-10-06T05:50:49Z,zavod=401,survey=TIMEOUT,brand=405,smm=200,ssh22=OK,tcp443=OK
2026-10-06T05:55:57Z,zavod=401,survey=200,brand=405,smm=200,ssh22=OK,tcp443=OK
2026-10-06T06:01:17Z,zavod=401,survey=200,brand=405,smm=200,ssh22=OK,tcp443=OK
2026-10-06T06:05:28Z,zavod=401,survey=TIMEOUT,brand=405,smm=200,ssh22=FAIL,tcp443=FAIL
2026-10-06T06:10:40Z,zavod=401,survey=TIMEOUT,brand=405,smm=200,ssh22=OK,tcp443=OK
2026-10-06T06:15:43Z,zavod=401,survey=TIMEOUT,brand=TIMEOUT,smm=200,ssh22=OK,tcp443=OK
2026-10-06T06:20:45Z,zavod=401,survey=200,brand=405,smm=200,ssh22=OK,tcp443=OK
2026-10-06T06:25:44Z,zavod=401,survey=200,brand=405,smm=200,ssh22=OK,tcp443=OK
2026-10-06T06:30:52Z,zavod=401,survey=200,brand=405,smm=200,ssh22=OK,tcp443=OK
2026-10-06T06:35:53Z,zavod=401,survey=200,brand=405,smm=200,ssh22=OK,tcp443=OK
2026-10-06T06:40:35Z,zavod=401,survey=TIMEOUT,brand=405,smm=200,ssh22=OK,tcp443=OK
2026-10-06T06:45:49Z,zavod=401,survey=200,brand=405,smm=200,ssh22=OK,tcp443=OK
2026-10-06T06:50:50Z,zavod=401,survey=TIMEOUT,brand=405,smm=200,ssh22=OK,tcp443=OK
2026-10-06T06:55:29Z,zavod=401,survey=200,brand=405,smm=200,ssh22=OK,tcp443=OK
2026-10-06T07:01:18Z,zavod=401,survey=200,brand=405,smm=200,ssh22=OK,tcp443=OK
2026-10-06T07:05:53Z,zavod=401,survey=TIMEOUT,brand=405,smm=200,ssh22=OK,tcp443=OK
2026-10-06T07:10:35Z,zavod=401,survey=200,brand=405,smm=200,ssh22=FAIL,tcp443=FAIL
2026-10-06T07:16:01Z,zavod=401,survey=200,brand=405,smm=200,ssh22=OK,tcp443=OK
2026-10-06T07:20:35Z,zavod=401,survey=200,brand=405,smm=200,ssh22=OK,tcp443=OK
2026-10-06T07:25:35Z,zavod=401,survey=200,brand=405,smm=200,ssh22=OK,tcp443=OK
2026-10-06T07:30:45Z,zavod=401,survey=TIMEOUT,brand=TIMEOUT,smm=200,ssh22=OK,tcp443=OK
2026-10-06T07:35:48Z,zavod=401,survey=200,brand=405,smm=200,ssh22=FAIL,tcp443=FAIL
2026-10-06T07:41:02Z,zavod=TIMEOUT,survey=200,brand=405,smm=200,ssh22=OK,tcp443=OK
2026-10-06T07:45:47Z,zavod=401,survey=200,brand=405,smm=200,ssh22=OK,tcp443=OK
2026-10-06T07:50:50Z,zavod=401,survey=TIMEOUT,brand=405,smm=200,ssh22=OK,tcp443=OK
2026-10-06T07:55:50Z,zavod=401,survey=TIMEOUT,brand=405,smm=200,ssh22=OK,tcp443=OK
2026-10-06T08:01:10Z,zavod=401,survey=200,brand=405,smm=200,ssh22=OK,tcp443=OK
2026-10-06T08:05:47Z,zavod=401,survey=TIMEOUT,brand=TIMEOUT,smm=200,ssh22=OK,tcp443=OK
2026-10-06T08:10:51Z,zavod=401,survey=TIMEOUT,brand=405,smm=200,ssh22=OK,tcp443=OK
2026-10-06T08:15:56Z,zavod=401,survey=200,brand=405,smm=200,ssh22=OK,tcp443=OK
2026-10-06T08:21:01Z,zavod=401,survey=TIMEOUT,brand=405,smm=200,ssh22=OK,tcp443=OK
2026-10-06T08:25:30Z,zavod=401,survey=200,brand=405,smm=200,ssh22=OK,tcp443=OK
2026-10-06T08:30:43Z,zavod=401,survey=TIMEOUT,brand=TIMEOUT,smm=200,ssh22=OK,tcp443=OK
2026-10-06T08:35:44Z,zavod=401,survey=200,brand=405,smm=200,ssh22=OK,tcp443=OK
2026-10-06T08:40:47Z,zavod=401,survey=200,brand=405,smm=200,ssh22=OK,tcp443=OK
2026-10-06T08:45:52Z,zavod=401,survey=200,brand=405,smm=200,ssh22=OK,tcp443=OK
2026-10-06T08:50:57Z,zavod=401,survey=200,brand=TIMEOUT,smm=200,ssh22=OK,tcp443=OK
2026-10-06T08:55:57Z,zavod=401,survey=200,brand=405,smm=200,ssh22=OK,tcp443=OK
2026-10-06T09:01:18Z,zavod=401,survey=200,brand=405,smm=200,ssh22=OK,tcp443=OK
2026-10-06T09:05:34Z,zavod=401,survey=200,brand=405,smm=200,ssh22=OK,tcp443=OK
2026-10-06T09:10:48Z,zavod=401,survey=TIMEOUT,brand=405,smm=200,ssh22=OK,tcp443=OK
2026-10-06T09:15:53Z,zavod=401,survey=200,brand=405,smm=200,ssh22=OK,tcp443=OK
2026-10-06T09:20:58Z,zavod=401,survey=200,brand=405,smm=200,ssh22=OK,tcp443=OK
2026-10-06T09:25:30Z,zavod=401,survey=200,brand=405,smm=200,ssh22=OK,tcp443=OK
2026-10-06T09:30:42Z,zavod=401,survey=TIMEOUT,brand=405,smm=200,ssh22=OK,tcp443=OK
2026-10-06T09:35:43Z,zavod=401,survey=TIMEOUT,brand=405,smm=200,ssh22=OK,tcp443=OK
2026-10-06T09:40:47Z,zavod=401,survey=200,brand=405,smm=200,ssh22=OK,tcp443=OK
2026-10-06T09:45:52Z,zavod=401,survey=200,brand=405,smm=200,ssh22=OK,tcp443=OK
2026-10-06T09:50:56Z,zavod=401,survey=TIMEOUT,brand=405,smm=200,ssh22=OK,tcp443=OK
2026-10-06T09:55:57Z,zavod=401,survey=TIMEOUT,brand=TIMEOUT,smm=200,ssh22=OK,tcp443=OK
2026-10-06T10:01:16Z,zavod=401,survey=TIMEOUT,brand=405,smm=200,ssh22=OK,tcp443=OK
2026-10-06T10:05:51Z,zavod=401,survey=TIMEOUT,brand=405,smm=200,ssh22=OK,tcp443=OK
2026-10-06T10:10:55Z,zavod=401,survey=200,brand=405,smm=200,ssh22=OK,tcp443=OK
2026-10-06T10:15:59Z,zavod=401,survey=TIMEOUT,brand=405,smm=200,ssh22=OK,tcp443=OK
2026-10-06T10:20:45Z,zavod=401,survey=200,brand=405,smm=200,ssh22=OK,tcp443=OK
2026-10-06T10:25:46Z,zavod=401,survey=TIMEOUT,brand=405,smm=200,ssh22=OK,tcp443=OK
2026-10-06T10:31:05Z,zavod=401,survey=TIMEOUT,brand=405,smm=200,ssh22=OK,tcp443=OK
2026-10-06T10:35:37Z,zavod=401,survey=TIMEOUT,brand=405,smm=200,ssh22=OK,tcp443=OK
2026-10-06T10:40:41Z,zavod=401,survey=200,brand=405,smm=200,ssh22=OK,tcp443=OK
2026-10-06T10:45:46Z,zavod=401,survey=200,brand=405,smm=200,ssh22=OK,tcp443=OK
2026-10-06T10:50:51Z,zavod=401,survey=200,brand=405,smm=200,ssh22=OK,tcp443=OK
2026-10-06T10:55:51Z,zavod=401,survey=TIMEOUT,brand=405,smm=200,ssh22=OK,tcp443=OK
2026-10-06T11:01:10Z,zavod=401,survey=200,brand=405,smm=200,ssh22=OK,tcp443=OK
2026-10-06T11:05:44Z,zavod=401,survey=200,brand=405,smm=200,ssh22=OK,tcp443=OK
2026-10-06T11:10:49Z,zavod=401,survey=200,brand=TIMEOUT,smm=200,ssh22=OK,tcp443=OK
2026-10-06T11:15:53Z,zavod=401,survey=TIMEOUT,brand=TIMEOUT,smm=200,ssh22=OK,tcp443=OK
2026-10-06T11:20:58Z,zavod=401,survey=200,brand=405,smm=200,ssh22=OK,tcp443=OK
2026-10-06T11:25:39Z,zavod=401,survey=200,brand=405,smm=200,ssh22=OK,tcp443=OK
2026-10-06T11:30:50Z,zavod=401,survey=200,brand=405,smm=200,ssh22=OK,tcp443=OK
2026-10-06T11:35:50Z,zavod=401,survey=TIMEOUT,brand=TIMEOUT,smm=200,ssh22=OK,tcp443=OK
2026-10-06T11:40:57Z,zavod=401,survey=200,brand=405,smm=200,ssh22=OK,tcp443=OK
2026-10-06T11:45:58Z,zavod=401,survey=TIMEOUT,brand=405,smm=200,ssh22=OK,tcp443=OK
2026-10-06T11:50:43Z,zavod=401,survey=200,brand=405,smm=200,ssh22=OK,tcp443=OK
2026-10-06T11:55:44Z,zavod=401,survey=200,brand=405,smm=200,ssh22=OK,tcp443=OK
2026-10-06T12:01:03Z,zavod=401,survey=200,brand=405,smm=200,ssh22=OK,tcp443=OK
2026-10-06T12:05:37Z,zavod=401,survey=200,brand=405,smm=200,ssh22=OK,tcp443=OK
2026-10-06T12:10:41Z,zavod=401,survey=200,brand=405,smm=200,ssh22=OK,tcp443=OK
2026-10-06T12:15:46Z,zavod=401,survey=TIMEOUT,brand=TIMEOUT,smm=200,ssh22=OK,tcp443=OK
2026-10-06T12:20:51Z,zavod=401,survey=TIMEOUT,brand=405,smm=200,ssh22=OK,tcp443=OK
2026-10-06T12:25:53Z,zavod=401,survey=200,brand=405,smm=200,ssh22=OK,tcp443=OK
2026-10-06T12:30:43Z,zavod=401,survey=TIMEOUT,brand=405,smm=200,ssh22=OK,tcp443=OK
2026-10-06T12:35:46Z,zavod=401,survey=200,brand=405,smm=200,ssh22=OK,tcp443=OK
2026-10-06T12:40:50Z,zavod=401,survey=TIMEOUT,brand=405,smm=200,ssh22=OK,tcp443=OK
2026-10-06T12:45:56Z,zavod=401,survey=TIMEOUT,brand=405,smm=200,ssh22=OK,tcp443=OK
2026-10-06T12:50:32Z,zavod=401,survey=TIMEOUT,brand=405,smm=200,ssh22=OK,tcp443=OK
2026-10-06T12:55:34Z,zavod=401,survey=200,brand=TIMEOUT,smm=200,ssh22=OK,tcp443=OK
2026-10-06T13:00:54Z,zavod=401,survey=TIMEOUT,brand=405,smm=200,ssh22=OK,tcp443=OK
2026-10-06T13:05:31Z,zavod=401,survey=200,brand=405,smm=200,ssh22=OK,tcp443=OK
2026-10-06T13:10:34Z,zavod=401,survey=200,brand=405,smm=200,ssh22=OK,tcp443=OK
2026-10-06T13:15:40Z,zavod=401,survey=TIMEOUT,brand=405,smm=200,ssh22=OK,tcp443=OK
2026-10-06T13:20:44Z,zavod=401,survey=200,brand=TIMEOUT,smm=200,ssh22=OK,tcp443=OK
2026-10-06T13:25:45Z,zavod=401,survey=200,brand=TIMEOUT,smm=200,ssh22=OK,tcp443=OK
2026-10-06T13:30:54Z,zavod=401,survey=200,brand=405,smm=200,ssh22=OK,tcp443=OK
2026-10-06T13:35:34Z,zavod=401,survey=200,brand=405,smm=200,ssh22=OK,tcp443=OK
2026-10-06T13:40:48Z,zavod=401,survey=200,brand=405,smm=200,ssh22=OK,tcp443=OK
2026-10-06T13:45:50Z,zavod=401,survey=200,brand=405,smm=200,ssh22=OK,tcp443=OK
2026-10-06T13:50:52Z,zavod=401,survey=TIMEOUT,brand=TIMEOUT,smm=200,ssh22=OK,tcp443=OK
2026-10-06T13:55:51Z,zavod=401,survey=200,brand=405,smm=200,ssh22=OK,tcp443=OK
2026-10-06T14:01:09Z,zavod=401,survey=200,brand=405,smm=200,ssh22=OK,tcp443=OK
2026-10-06T14:05:43Z,zavod=401,survey=200,brand=405,smm=200,ssh22=OK,tcp443=OK
2026-10-06T14:10:46Z,zavod=401,survey=TIMEOUT,brand=405,smm=200,ssh22=OK,tcp443=OK
2026-10-06T14:15:48Z,zavod=401,survey=200,brand=405,smm=200,ssh22=OK,tcp443=OK
2026-10-06T14:20:52Z,zavod=401,survey=200,brand=405,smm=200,ssh22=OK,tcp443=OK
2026-10-06T14:25:51Z,zavod=401,survey=200,brand=405,smm=200,ssh22=OK,tcp443=OK
2026-10-06T14:31:01Z,zavod=401,survey=200,brand=405,smm=200,ssh22=OK,tcp443=OK
2026-10-06T14:35:33Z,zavod=401,survey=200,brand=405,smm=200,ssh22=OK,tcp443=OK
2026-10-06T14:40:36Z,zavod=401,survey=TIMEOUT,brand=405,smm=200,ssh22=OK,tcp443=OK
2026-10-06T14:45:41Z,zavod=401,survey=TIMEOUT,brand=TIMEOUT,smm=200,ssh22=OK,tcp443=OK
2026-10-06T14:50:43Z,zavod=401,survey=TIMEOUT,brand=405,smm=200,ssh22=OK,tcp443=OK
2026-10-06T14:55:44Z,zavod=401,survey=TIMEOUT,brand=405,smm=200,ssh22=OK,tcp443=OK
2026-10-06T15:01:01Z,zavod=401,survey=200,brand=TIMEOUT,smm=200,ssh22=OK,tcp443=OK
2026-10-06T15:05:35Z,zavod=401,survey=TIMEOUT,brand=405,smm=200,ssh22=OK,tcp443=OK
2026-10-06T15:10:48Z,zavod=401,survey=TIMEOUT,brand=TIMEOUT,smm=200,ssh22=OK,tcp443=OK
2026-10-06T15:15:51Z,zavod=401,survey=200,brand=405,smm=200,ssh22=OK,tcp443=OK
2026-10-06T15:20:34Z,zavod=401,survey=200,brand=405,smm=200,ssh22=OK,tcp443=OK
2026-10-06T15:25:33Z,zavod=401,survey=TIMEOUT,brand=405,smm=200,ssh22=OK,tcp443=OK
2026-10-06T15:30:39Z,zavod=401,survey=TIMEOUT,brand=405,smm=200,ssh22=OK,tcp443=OK
2026-10-06T15:35:40Z,zavod=401,survey=TIMEOUT,brand=405,smm=200,ssh22=OK,tcp443=OK
2026-10-06T15:40:51Z,zavod=401,survey=TIMEOUT,brand=405,smm=200,ssh22=OK,tcp443=OK
2026-10-06T15:45:54Z,zavod=401,survey=TIMEOUT,brand=TIMEOUT,smm=200,ssh22=OK,tcp443=OK
2026-10-06T15:50:56Z,zavod=401,survey=200,brand=405,smm=200,ssh22=OK,tcp443=OK
2026-10-06T15:55:43Z,zavod=401,survey=200,brand=405,smm=200,ssh22=OK,tcp443=OK
2026-10-06T16:00:58Z,zavod=401,survey=200,brand=405,smm=200,ssh22=OK,tcp443=OK
2026-10-06T16:05:40Z,zavod=401,survey=200,brand=405,smm=200,ssh22=OK,tcp443=OK
2026-10-06T16:10:39Z,zavod=401,survey=200,brand=405,smm=200,ssh22=OK,tcp443=OK
2026-10-06T16:15:38Z,zavod=401,survey=200,brand=TIMEOUT,smm=200,ssh22=OK,tcp443=OK
2026-10-06T16:20:39Z,zavod=401,survey=200,brand=405,smm=200,ssh22=OK,tcp443=OK
2026-10-06T16:25:32Z,zavod=401,survey=TIMEOUT,brand=405,smm=200,ssh22=OK,tcp443=OK
2026-10-06T16:31:07Z,zavod=401,survey=200,brand=405,smm=200,ssh22=OK,tcp443=OK
2026-10-06T16:35:33Z,zavod=401,survey=TIMEOUT,brand=405,smm=200,ssh22=OK,tcp443=OK
2026-10-06T16:40:44Z,zavod=401,survey=TIMEOUT,brand=405,smm=200,ssh22=OK,tcp443=OK
2026-10-06T16:45:53Z,zavod=401,survey=200,brand=405,smm=200,ssh22=OK,tcp443=OK
2026-10-06T16:50:52Z,zavod=401,survey=200,brand=405,smm=200,ssh22=OK,tcp443=OK
2026-10-06T16:55:47Z,zavod=401,survey=TIMEOUT,brand=405,smm=200,ssh22=OK,tcp443=OK
2026-10-06T17:01:09Z,zavod=401,survey=TIMEOUT,brand=405,smm=200,ssh22=OK,tcp443=OK
2026-10-06T17:05:37Z,zavod=401,survey=TIMEOUT,brand=405,smm=200,ssh22=OK,tcp443=OK
2026-10-06T17:10:45Z,zavod=401,survey=200,brand=405,smm=200,ssh22=OK,tcp443=OK
2026-10-06T17:15:34Z,zavod=401,survey=200,brand=405,smm=200,ssh22=OK,tcp443=OK
2026-10-06T17:20:31Z,zavod=401,survey=TIMEOUT,brand=405,smm=200,ssh22=OK,tcp443=OK
2026-10-06T17:25:55Z,zavod=401,survey=TIMEOUT,brand=405,smm=200,ssh22=OK,tcp443=OK
2026-10-06T17:30:58Z,zavod=401,survey=200,brand=405,smm=200,ssh22=OK,tcp443=OK
2026-10-06T17:35:53Z,zavod=401,survey=200,brand=405,smm=200,ssh22=OK,tcp443=OK
2026-10-06T17:40:50Z,zavod=401,survey=TIMEOUT,brand=405,smm=200,ssh22=OK,tcp443=OK
2026-10-06T17:45:48Z,zavod=401,survey=200,brand=405,smm=200,ssh22=OK,tcp443=OK
2026-10-06T17:50:44Z,zavod=401,survey=200,brand=405,smm=200,ssh22=OK,tcp443=OK
2026-10-06T17:55:39Z,zavod=401,survey=200,brand=405,smm=200,ssh22=OK,tcp443=OK
2026-10-06T18:00:58Z,zavod=401,survey=200,brand=405,smm=200,ssh22=OK,tcp443=OK
2026-10-06T18:05:56Z,zavod=401,survey=200,brand=405,smm=200,ssh22=OK,tcp443=OK
2026-10-06T18:10:52Z,zavod=401,survey=TIMEOUT,brand=405,smm=200,ssh22=OK,tcp443=OK
2026-10-06T18:16:01Z,zavod=401,survey=TIMEOUT,brand=405,smm=200,ssh22=OK,tcp443=OK
2026-10-06T18:20:59Z,zavod=TIMEOUT,survey=200,brand=405,smm=200,ssh22=OK,tcp443=OK
2026-10-06T18:25:33Z,zavod=401,survey=200,brand=405,smm=200,ssh22=OK,tcp443=OK
2026-10-06T18:31:05Z,zavod=401,survey=TIMEOUT,brand=405,smm=200,ssh22=OK,tcp443=OK
2026-10-06T18:35:27Z,zavod=401,survey=200,brand=405,smm=200,ssh22=OK,tcp443=OK
2026-10-06T18:40:54Z,zavod=401,survey=200,brand=405,smm=200,ssh22=OK,tcp443=OK
2026-10-06T18:46:00Z,zavod=401,survey=200,brand=405,smm=200,ssh22=OK,tcp443=OK
2026-10-06T18:50:54Z,zavod=401,survey=200,brand=405,smm=200,ssh22=OK,tcp443=OK
2026-10-06T18:55:47Z,zavod=401,survey=200,brand=405,smm=200,ssh22=OK,tcp443=OK
2026-10-06T19:00:55Z,zavod=401,survey=200,brand=405,smm=200,ssh22=OK,tcp443=OK
2026-10-06T19:05:51Z,zavod=401,survey=200,brand=405,smm=200,ssh22=OK,tcp443=OK
2026-10-06T19:10:45Z,zavod=401,survey=TIMEOUT,brand=405,smm=200,ssh22=OK,tcp443=OK
2026-10-06T19:15:41Z,zavod=401,survey=TIMEOUT,brand=405,smm=200,ssh22=OK,tcp443=OK
2026-10-06T19:20:59Z,zavod=401,survey=TIMEOUT,brand=405,smm=200,ssh22=OK,tcp443=OK
2026-10-06T19:25:51Z,zavod=401,survey=TIMEOUT,brand=TIMEOUT,smm=200,ssh22=OK,tcp443=OK
2026-10-06T19:30:52Z,zavod=401,survey=200,brand=405,smm=200,ssh22=OK,tcp443=OK
2026-10-06T19:35:46Z,zavod=401,survey=200,brand=405,smm=200,ssh22=OK,tcp443=OK
2026-10-06T19:40:41Z,zavod=401,survey=TIMEOUT,brand=405,smm=200,ssh22=OK,tcp443=OK
2026-10-06T19:45:36Z,zavod=401,survey=200,brand=405,smm=200,ssh22=OK,tcp443=OK
2026-10-06T19:50:30Z,zavod=401,survey=200,brand=405,smm=200,ssh22=OK,tcp443=OK
2026-10-06T19:55:51Z,zavod=401,survey=200,brand=405,smm=200,ssh22=OK,tcp443=OK
2026-10-06T20:01:08Z,zavod=401,survey=200,brand=405,smm=200,ssh22=OK,tcp443=OK
2026-10-06T20:05:33Z,zavod=401,survey=TIMEOUT,brand=405,smm=200,ssh22=OK,tcp443=OK
2026-10-06T20:10:35Z,zavod=401,survey=200,brand=405,smm=200,ssh22=OK,tcp443=OK
2026-10-06T20:15:39Z,zavod=401,survey=TIMEOUT,brand=405,smm=200,ssh22=OK,tcp443=OK
2026-10-06T20:20:31Z,zavod=401,survey=200,brand=405,smm=200,ssh22=OK,tcp443=OK
2026-10-06T20:25:50Z,zavod=401,survey=TIMEOUT,brand=405,smm=200,ssh22=OK,tcp443=OK
2026-10-06T20:30:47Z,zavod=401,survey=200,brand=405,smm=200,ssh22=OK,tcp443=OK
2026-10-06T20:35:48Z,zavod=401,survey=TIMEOUT,brand=405,smm=200,ssh22=OK,tcp443=OK
2026-10-06T20:40:40Z,zavod=401,survey=200,brand=405,smm=200,ssh22=OK,tcp443=OK
2026-10-06T20:45:33Z,zavod=401,survey=200,brand=405,smm=200,ssh22=OK,tcp443=OK
2026-10-06T20:50:34Z,zavod=401,survey=TIMEOUT,brand=405,smm=200,ssh22=OK,tcp443=OK
2026-10-06T20:55:54Z,zavod=401,survey=200,brand=405,smm=200,ssh22=OK,tcp443=OK
2026-10-06T21:00:55Z,zavod=401,survey=200,brand=405,smm=200,ssh22=OK,tcp443=OK
2026-10-06T21:05:47Z,zavod=401,survey=TIMEOUT,brand=405,smm=200,ssh22=OK,tcp443=OK
2026-10-06T21:10:47Z,zavod=401,survey=200,brand=405,smm=200,ssh22=OK,tcp443=OK
2026-10-06T21:15:37Z,zavod=401,survey=200,brand=405,smm=200,ssh22=OK,tcp443=OK
2026-10-06T21:20:57Z,zavod=401,survey=200,brand=405,smm=200,ssh22=OK,tcp443=OK
2026-10-06T21:25:44Z,zavod=401,survey=TIMEOUT,brand=405,smm=200,ssh22=OK,tcp443=OK
2026-10-06T21:30:39Z,zavod=401,survey=200,brand=405,smm=200,ssh22=OK,tcp443=OK
2026-10-06T21:35:27Z,zavod=401,survey=200,brand=405,smm=200,ssh22=OK,tcp443=OK
2026-10-06T21:40:47Z,zavod=401,survey=200,brand=405,smm=200,ssh22=OK,tcp443=OK
2026-10-06T21:45:37Z,zavod=401,survey=TIMEOUT,brand=TIMEOUT,smm=200,ssh22=OK,tcp443=OK
2026-10-06T21:50:36Z,zavod=401,survey=200,brand=405,smm=200,ssh22=OK,tcp443=OK
2026-10-06T21:55:52Z,zavod=401,survey=200,brand=405,smm=200,ssh22=OK,tcp443=OK
2026-10-06T22:00:54Z,zavod=401,survey=200,brand=405,smm=200,ssh22=OK,tcp443=OK
2026-10-06T22:05:54Z,zavod=401,survey=200,brand=405,smm=200,ssh22=OK,tcp443=OK
2026-10-06T22:10:42Z,zavod=401,survey=TIMEOUT,brand=405,smm=200,ssh22=OK,tcp443=OK
2026-10-06T22:15:29Z,zavod=401,survey=200,brand=405,smm=200,ssh22=OK,tcp443=OK
2026-10-06T22:20:28Z,zavod=401,survey=200,brand=405,smm=200,ssh22=OK,tcp443=OK
2026-10-06T22:25:45Z,zavod=401,survey=TIMEOUT,brand=405,smm=200,ssh22=OK,tcp443=OK
2026-10-06T22:30:38Z,zavod=401,survey=200,brand=405,smm=200,ssh22=OK,tcp443=OK
2026-10-06T22:35:56Z,zavod=401,survey=TIMEOUT,brand=405,smm=200,ssh22=OK,tcp443=OK
2026-10-06T22:40:41Z,zavod=401,survey=TIMEOUT,brand=405,smm=200,ssh22=OK,tcp443=OK
2026-10-06T22:45:40Z,zavod=401,survey=TIMEOUT,brand=405,smm=200,ssh22=OK,tcp443=OK
2026-10-06T22:50:57Z,zavod=401,survey=TIMEOUT,brand=405,smm=200,ssh22=OK,tcp443=OK
2026-10-06T22:55:41Z,zavod=401,survey=TIMEOUT,brand=405,smm=200,ssh22=OK,tcp443=OK
2026-10-06T23:01:14Z,zavod=401,survey=200,brand=405,smm=200,ssh22=OK,tcp443=OK
2026-10-06T23:05:31Z,zavod=TIMEOUT,survey=200,brand=405,smm=200,ssh22=OK,tcp443=OK
2026-10-06T23:10:30Z,zavod=401,survey=200,brand=405,smm=200,ssh22=OK,tcp443=OK
2026-10-06T23:15:51Z,zavod=401,survey=TIMEOUT,brand=405,smm=200,ssh22=OK,tcp443=OK
2026-10-06T23:20:50Z,zavod=401,survey=200,brand=405,smm=200,ssh22=OK,tcp443=OK
2026-10-06T23:25:45Z,zavod=401,survey=200,brand=405,smm=200,ssh22=OK,tcp443=OK
2026-10-06T23:30:51Z,zavod=401,survey=200,brand=405,smm=200,ssh22=OK,tcp443=OK
2026-10-06T23:35:48Z,zavod=401,survey=200,brand=405,smm=200,ssh22=OK,tcp443=OK
2026-10-06T23:40:38Z,zavod=401,survey=200,brand=405,smm=200,ssh22=OK,tcp443=OK
2026-10-06T23:45:56Z,zavod=401,survey=TIMEOUT,brand=405,smm=200,ssh22=OK,tcp443=OK
2026-10-06T23:50:45Z,zavod=401,survey=200,brand=405,smm=200,ssh22=OK,tcp443=OK
2026-10-06T23:55:31Z,zavod=401,survey=200,brand=405,smm=200,ssh22=OK,tcp443=OK
2026-10-07T00:01:08Z,zavod=401,survey=200,brand=405,smm=200,ssh22=OK,tcp443=OK
2026-10-07T00:05:33Z,zavod=401,survey=200,brand=405,smm=200,ssh22=OK,tcp443=OK
2026-10-07T00:10:34Z,zavod=401,survey=TIMEOUT,brand=405,smm=200,ssh22=OK,tcp443=OK
2026-10-07T00:15:36Z,zavod=401,survey=200,brand=TIMEOUT,smm=200,ssh22=OK,tcp443=OK
2026-10-07T00:20:55Z,zavod=401,survey=200,brand=405,smm=200,ssh22=OK,tcp443=OK
2026-10-07T00:25:42Z,zavod=401,survey=TIMEOUT,brand=405,smm=200,ssh22=OK,tcp443=OK
2026-10-07T00:30:37Z,zavod=401,survey=200,brand=405,smm=200,ssh22=OK,tcp443=OK
2026-10-07T00:35:36Z,zavod=401,survey=200,brand=405,smm=200,ssh22=OK,tcp443=OK
2026-10-07T00:40:35Z,zavod=401,survey=TIMEOUT,brand=405,smm=200,ssh22=OK,tcp443=OK
2026-10-07T00:45:54Z,zavod=401,survey=TIMEOUT,brand=405,smm=200,ssh22=OK,tcp443=OK
2026-10-07T00:50:43Z,zavod=401,survey=TIMEOUT,brand=405,smm=200,ssh22=OK,tcp443=OK
2026-10-07T00:55:28Z,zavod=401,survey=200,brand=405,smm=200,ssh22=OK,tcp443=OK
2026-10-07T01:01:01Z,zavod=401,survey=200,brand=405,smm=200,ssh22=OK,tcp443=OK
2026-10-07T01:05:51Z,zavod=401,survey=200,brand=405,smm=200,ssh22=OK,tcp443=OK
2026-10-07T01:10:39Z,zavod=401,survey=TIMEOUT,brand=405,smm=200,ssh22=OK,tcp443=OK
2026-10-07T01:15:40Z,zavod=401,survey=200,brand=405,smm=200,ssh22=OK,tcp443=OK
2026-10-07T01:20:29Z,zavod=401,survey=TIMEOUT,brand=405,smm=200,ssh22=OK,tcp443=OK
2026-10-07T01:25:45Z,zavod=401,survey=200,brand=405,smm=200,ssh22=OK,tcp443=OK
2026-10-07T01:30:39Z,zavod=401,survey=200,brand=TIMEOUT,smm=200,ssh22=OK,tcp443=OK
2026-10-07T01:35:28Z,zavod=401,survey=200,brand=405,smm=200,ssh22=OK,tcp443=OK
2026-10-07T01:40:48Z,zavod=401,survey=200,brand=405,smm=200,ssh22=OK,tcp443=OK
2026-10-07T01:45:37Z,zavod=401,survey=200,brand=405,smm=200,ssh22=OK,tcp443=OK
2026-10-07T01:50:36Z,zavod=TIMEOUT,survey=200,brand=TIMEOUT,smm=200,ssh22=OK,tcp443=OK
2026-10-07T01:55:32Z,zavod=401,survey=200,brand=405,smm=200,ssh22=OK,tcp443=OK
2026-10-07T02:01:03Z,zavod=401,survey=200,brand=405,smm=200,ssh22=OK,tcp443=OK
2026-10-07T02:05:32Z,zavod=401,survey=200,brand=405,smm=200,ssh22=OK,tcp443=OK
2026-10-07T02:10:45Z,zavod=401,survey=TIMEOUT,brand=TIMEOUT,smm=200,ssh22=OK,tcp443=OK
2026-10-07T02:15:34Z,zavod=401,survey=TIMEOUT,brand=TIMEOUT,smm=200,ssh22=OK,tcp443=OK
2026-10-07T02:20:53Z,zavod=401,survey=200,brand=405,smm=200,ssh22=OK,tcp443=OK
2026-10-07T02:25:38Z,zavod=401,survey=TIMEOUT,brand=405,smm=200,ssh22=FAIL,tcp443=FAIL
2026-10-07T02:31:05Z,zavod=401,survey=TIMEOUT,brand=405,smm=200,ssh22=OK,tcp443=OK
2026-10-07T02:35:54Z,zavod=401,survey=200,brand=405,smm=200,ssh22=OK,tcp443=OK
2026-10-07T02:40:35Z,zavod=401,survey=200,brand=405,smm=200,ssh22=OK,tcp443=OK
2026-10-07T02:45:56Z,zavod=401,survey=200,brand=405,smm=200,ssh22=OK,tcp443=OK
2026-10-07T02:50:45Z,zavod=401,survey=TIMEOUT,brand=405,smm=200,ssh22=OK,tcp443=OK
2026-10-07T02:55:31Z,zavod=401,survey=200,brand=405,smm=200,ssh22=OK,tcp443=OK
2026-10-07T03:01:06Z,zavod=401,survey=200,brand=405,smm=200,ssh22=OK,tcp443=OK
2026-10-07T03:05:49Z,zavod=401,survey=200,brand=405,smm=200,ssh22=OK,tcp443=OK
2026-10-07T03:10:41Z,zavod=401,survey=200,brand=405,smm=200,ssh22=OK,tcp443=OK
2026-10-07T03:15:32Z,zavod=401,survey=200,brand=405,smm=200,ssh22=OK,tcp443=OK
2026-10-07T03:20:53Z,zavod=401,survey=TIMEOUT,brand=TIMEOUT,smm=200,ssh22=OK,tcp443=OK
2026-10-07T03:25:42Z,zavod=401,survey=200,brand=405,smm=200,ssh22=OK,tcp443=OK
2026-10-07T03:30:39Z,zavod=401,survey=TIMEOUT,brand=405,smm=200,ssh22=OK,tcp443=OK
2026-10-07T03:35:33Z,zavod=401,survey=200,brand=405,smm=200,ssh22=OK,tcp443=OK
2026-10-07T03:40:54Z,zavod=401,survey=200,brand=405,smm=200,ssh22=OK,tcp443=OK
2026-10-07T03:45:58Z,zavod=401,survey=200,brand=405,smm=200,ssh22=OK,tcp443=OK
2026-10-07T03:50:31Z,zavod=401,survey=200,brand=405,smm=200,ssh22=OK,tcp443=OK
2026-10-07T03:55:50Z,zavod=401,survey=200,brand=405,smm=200,ssh22=OK,tcp443=OK
2026-10-07T04:00:58Z,zavod=401,survey=TIMEOUT,brand=TIMEOUT,smm=200,ssh22=OK,tcp443=OK
2026-10-07T04:05:54Z,zavod=401,survey=200,brand=405,smm=200,ssh22=OK,tcp443=OK
2026-10-07T04:10:58Z,zavod=401,survey=200,brand=405,smm=200,ssh22=OK,tcp443=OK
2026-10-07T04:15:53Z,zavod=401,survey=200,brand=405,smm=200,ssh22=OK,tcp443=OK
2026-10-07T04:20:47Z,zavod=401,survey=TIMEOUT,brand=405,smm=200,ssh22=OK,tcp443=OK
2026-10-07T04:25:38Z,zavod=401,survey=200,brand=405,smm=200,ssh22=OK,tcp443=OK
2026-10-07T04:30:38Z,zavod=401,survey=200,brand=405,smm=200,ssh22=OK,tcp443=OK
2026-10-07T04:35:30Z,zavod=401,survey=TIMEOUT,brand=405,smm=200,ssh22=OK,tcp443=OK
2026-10-07T04:40:54Z,zavod=401,survey=200,brand=405,smm=200,ssh22=OK,tcp443=OK
2026-10-07T04:45:49Z,zavod=401,survey=TIMEOUT,brand=405,smm=200,ssh22=OK,tcp443=OK
2026-10-07T04:50:42Z,zavod=401,survey=TIMEOUT,brand=405,smm=200,ssh22=OK,tcp443=OK
2026-10-07T04:55:32Z,zavod=401,survey=200,brand=405,smm=200,ssh22=OK,tcp443=OK
2026-10-07T05:01:11Z,zavod=401,survey=200,brand=405,smm=200,ssh22=OK,tcp443=OK
2026-10-07T05:05:37Z,zavod=401,survey=200,brand=TIMEOUT,smm=200,ssh22=OK,tcp443=OK
2026-10-07T05:10:33Z,zavod=401,survey=200,brand=405,smm=200,ssh22=OK,tcp443=OK
2026-10-07T05:15:53Z,zavod=401,survey=200,brand=405,smm=200,ssh22=OK,tcp443=OK
2026-10-07T05:20:47Z,zavod=401,survey=TIMEOUT,brand=TIMEOUT,smm=200,ssh22=OK,tcp443=OK
2026-10-07T05:25:40Z,zavod=401,survey=TIMEOUT,brand=405,smm=200,ssh22=OK,tcp443=OK
2026-10-07T05:30:42Z,zavod=401,survey=TIMEOUT,brand=405,smm=200,ssh22=OK,tcp443=OK
2026-10-07T05:35:37Z,zavod=401,survey=TIMEOUT,brand=405,smm=200,ssh22=OK,tcp443=OK
2026-10-07T05:40:33Z,zavod=401,survey=200,brand=405,smm=200,ssh22=OK,tcp443=OK
2026-10-07T05:45:41Z,zavod=401,survey=200,brand=405,smm=200,ssh22=OK,tcp443=OK
2026-10-07T05:50:36Z,zavod=401,survey=TIMEOUT,brand=405,smm=200,ssh22=OK,tcp443=OK
2026-10-07T05:55:28Z,zavod=401,survey=200,brand=405,smm=200,ssh22=OK,tcp443=OK
2026-10-07T06:00:54Z,zavod=401,survey=200,brand=405,smm=200,ssh22=OK,tcp443=OK
2026-10-07T06:05:35Z,zavod=401,survey=200,brand=405,smm=200,ssh22=OK,tcp443=OK
2026-10-07T06:10:33Z,zavod=401,survey=200,brand=405,smm=200,ssh22=OK,tcp443=OK
2026-10-07T06:15:44Z,zavod=401,survey=200,brand=405,smm=200,ssh22=OK,tcp443=OK
2026-10-07T06:20:42Z,zavod=401,survey=200,brand=405,smm=200,ssh22=OK,tcp443=OK
2026-10-07T06:25:37Z,zavod=401,survey=200,brand=405,smm=200,ssh22=OK,tcp443=OK
2026-10-07T06:30:43Z,zavod=401,survey=TIMEOUT,brand=405,smm=200,ssh22=OK,tcp443=OK
2026-10-07T06:35:49Z,zavod=401,survey=200,brand=405,smm=200,ssh22=OK,tcp443=OK
2026-10-07T06:40:50Z,zavod=401,survey=TIMEOUT,brand=TIMEOUT,smm=200,ssh22=OK,tcp443=OK
2026-10-07T06:45:51Z,zavod=401,survey=200,brand=405,smm=200,ssh22=OK,tcp443=OK
2026-10-07T06:50:52Z,zavod=401,survey=200,brand=405,smm=200,ssh22=OK,tcp443=OK
2026-10-07T06:55:50Z,zavod=401,survey=200,brand=405,smm=200,ssh22=OK,tcp443=OK
2026-10-07T07:01:15Z,zavod=401,survey=200,brand=405,smm=200,ssh22=OK,tcp443=OK
2026-10-07T07:05:48Z,zavod=401,survey=TIMEOUT,brand=405,smm=200,ssh22=OK,tcp443=OK
2026-10-07T07:10:59Z,zavod=401,survey=TIMEOUT,brand=405,smm=200,ssh22=OK,tcp443=OK
2026-10-07T07:16:02Z,zavod=401,survey=200,brand=405,smm=200,ssh22=OK,tcp443=OK
2026-10-07T07:20:34Z,zavod=401,survey=TIMEOUT,brand=405,smm=200,ssh22=OK,tcp443=OK
2026-10-07T07:25:31Z,zavod=401,survey=TIMEOUT,brand=405,smm=200,ssh22=OK,tcp443=OK
2026-10-07T07:30:48Z,zavod=401,survey=200,brand=405,smm=200,ssh22=OK,tcp443=OK
2026-10-07T07:35:47Z,zavod=401,survey=TIMEOUT,brand=405,smm=200,ssh22=OK,tcp443=OK
2026-10-07T07:40:46Z,zavod=401,survey=TIMEOUT,brand=405,smm=200,ssh22=FAIL,tcp443=FAIL
2026-10-07T07:45:47Z,zavod=401,survey=200,brand=405,smm=200,ssh22=OK,tcp443=OK
2026-10-07T07:50:47Z,zavod=401,survey=200,brand=405,smm=200,ssh22=OK,tcp443=OK
2026-10-07T07:55:44Z,zavod=401,survey=200,brand=405,smm=200,ssh22=OK,tcp443=OK
2026-10-07T08:01:10Z,zavod=401,survey=200,brand=405,smm=200,ssh22=OK,tcp443=OK
2026-10-07T08:05:53Z,zavod=401,survey=TIMEOUT,brand=405,smm=200,ssh22=OK,tcp443=OK
2026-10-07T08:10:34Z,zavod=401,survey=TIMEOUT,brand=405,smm=200,ssh22=OK,tcp443=OK
2026-10-07T08:15:47Z,zavod=401,survey=TIMEOUT,brand=405,smm=200,ssh22=OK,tcp443=OK
2026-10-07T08:21:01Z,zavod=401,survey=200,brand=405,smm=200,ssh22=OK,tcp443=OK
2026-10-07T08:25:30Z,zavod=401,survey=200,brand=405,smm=200,ssh22=OK,tcp443=OK
2026-10-07T08:30:48Z,zavod=401,survey=200,brand=405,smm=200,ssh22=OK,tcp443=OK
2026-10-07T08:35:49Z,zavod=401,survey=200,brand=405,smm=200,ssh22=OK,tcp443=OK
2026-10-07T08:40:50Z,zavod=401,survey=200,brand=405,smm=200,ssh22=OK,tcp443=OK
2026-10-07T08:45:52Z,zavod=401,survey=TIMEOUT,brand=405,smm=200,ssh22=OK,tcp443=OK
2026-10-07T08:50:34Z,zavod=401,survey=200,brand=405,smm=200,ssh22=OK,tcp443=OK
2026-10-07T08:55:53Z,zavod=401,survey=200,brand=405,smm=200,ssh22=OK,tcp443=OK
2026-10-07T09:01:12Z,zavod=401,survey=TIMEOUT,brand=405,smm=200,ssh22=OK,tcp443=OK
2026-10-07T09:05:46Z,zavod=401,survey=TIMEOUT,brand=405,smm=200,ssh22=OK,tcp443=OK
2026-10-07T09:10:51Z,zavod=401,survey=TIMEOUT,brand=TIMEOUT,smm=200,ssh22=OK,tcp443=OK
2026-10-07T09:15:56Z,zavod=401,survey=TIMEOUT,brand=405,smm=200,ssh22=OK,tcp443=OK
2026-10-07T09:20:52Z,zavod=401,survey=200,brand=405,smm=200,ssh22=OK,tcp443=OK
2026-10-07T09:25:52Z,zavod=401,survey=200,brand=405,smm=200,ssh22=FAIL,tcp443=FAIL
2026-10-07T09:31:02Z,zavod=401,survey=200,brand=405,smm=200,ssh22=OK,tcp443=OK
2026-10-07T09:35:33Z,zavod=401,survey=200,brand=405,smm=200,ssh22=OK,tcp443=OK
2026-10-07T09:40:38Z,zavod=401,survey=TIMEOUT,brand=405,smm=200,ssh22=OK,tcp443=OK
2026-10-07T09:45:43Z,zavod=401,survey=200,brand=405,smm=200,ssh22=OK,tcp443=OK
2026-10-07T09:50:46Z,zavod=401,survey=200,brand=405,smm=200,ssh22=OK,tcp443=OK
2026-10-07T09:55:47Z,zavod=401,survey=200,brand=405,smm=200,ssh22=OK,tcp443=OK
2026-10-07T10:01:05Z,zavod=401,survey=200,brand=405,smm=200,ssh22=OK,tcp443=OK
2026-10-07T10:05:41Z,zavod=401,survey=TIMEOUT,brand=405,smm=200,ssh22=OK,tcp443=OK
2026-10-07T10:10:55Z,zavod=401,survey=200,brand=405,smm=200,ssh22=OK,tcp443=OK
2026-10-07T10:15:41Z,zavod=401,survey=200,brand=405,smm=200,ssh22=OK,tcp443=OK
2026-10-07T10:20:47Z,zavod=401,survey=200,brand=405,smm=200,ssh22=OK,tcp443=OK
2026-10-07T10:25:48Z,zavod=401,survey=200,brand=TIMEOUT,smm=200,ssh22=OK,tcp443=OK
2026-10-07T10:30:58Z,zavod=401,survey=200,brand=405,smm=200,ssh22=OK,tcp443=OK
2026-10-07T10:35:31Z,zavod=401,survey=TIMEOUT,brand=405,smm=200,ssh22=OK,tcp443=OK
2026-10-07T10:40:36Z,zavod=401,survey=200,brand=405,smm=200,ssh22=OK,tcp443=OK
2026-10-07T10:45:43Z,zavod=401,survey=TIMEOUT,brand=405,smm=200,ssh22=OK,tcp443=OK
2026-10-07T10:50:59Z,zavod=401,survey=200,brand=TIMEOUT,smm=200,ssh22=OK,tcp443=OK
2026-10-07T10:55:30Z,zavod=401,survey=TIMEOUT,brand=405,smm=200,ssh22=OK,tcp443=OK
2026-10-07T11:00:48Z,zavod=401,survey=200,brand=TIMEOUT,smm=200,ssh22=OK,tcp443=OK
2026-10-07T11:05:54Z,zavod=401,survey=TIMEOUT,brand=TIMEOUT,smm=200,ssh22=OK,tcp443=OK
2026-10-07T11:10:58Z,zavod=401,survey=TIMEOUT,brand=405,smm=200,ssh22=OK,tcp443=OK
2026-10-07T11:15:33Z,zavod=401,survey=200,brand=405,smm=200,ssh22=OK,tcp443=OK
2026-10-07T11:20:38Z,zavod=401,survey=TIMEOUT,brand=405,smm=200,ssh22=OK,tcp443=OK
2026-10-07T11:25:40Z,zavod=401,survey=200,brand=405,smm=200,ssh22=OK,tcp443=OK
2026-10-07T11:31:01Z,zavod=401,survey=200,brand=405,smm=200,ssh22=OK,tcp443=OK
2026-10-07T11:35:32Z,zavod=401,survey=200,brand=405,smm=200,ssh22=OK,tcp443=OK
2026-10-07T11:40:36Z,zavod=401,survey=200,brand=405,smm=200,ssh22=OK,tcp443=OK
2026-10-07T11:45:53Z,zavod=401,survey=200,brand=405,smm=200,ssh22=OK,tcp443=OK
2026-10-07T11:50:56Z,zavod=401,survey=200,brand=405,smm=200,ssh22=OK,tcp443=OK
2026-10-07T11:55:56Z,zavod=401,survey=200,brand=405,smm=200,ssh22=OK,tcp443=OK
2026-10-07T12:01:18Z,zavod=401,survey=200,brand=405,smm=200,ssh22=FAIL,tcp443=FAIL
2026-10-07T12:05:54Z,zavod=401,survey=200,brand=405,smm=200,ssh22=OK,tcp443=OK
2026-10-07T12:10:59Z,zavod=401,survey=200,brand=405,smm=200,ssh22=OK,tcp443=OK
2026-10-07T12:15:35Z,zavod=401,survey=TIMEOUT,brand=TIMEOUT,smm=200,ssh22=OK,tcp443=OK
2026-10-07T12:20:40Z,zavod=401,survey=200,brand=405,smm=200,ssh22=OK,tcp443=OK
2026-10-07T12:25:42Z,zavod=401,survey=TIMEOUT,brand=405,smm=200,ssh22=OK,tcp443=OK
2026-10-07T12:30:46Z,zavod=401,survey=TIMEOUT,brand=TIMEOUT,smm=200,ssh22=OK,tcp443=OK
2026-10-07T12:35:50Z,zavod=401,survey=200,brand=405,smm=200,ssh22=OK,tcp443=OK
2026-10-07T12:40:55Z,zavod=401,survey=TIMEOUT,brand=TIMEOUT,smm=200,ssh22=OK,tcp443=OK
2026-10-07T12:46:02Z,zavod=401,survey=TIMEOUT,brand=405,smm=200,ssh22=OK,tcp443=OK
2026-10-07T12:50:38Z,zavod=401,survey=200,brand=405,smm=200,ssh22=OK,tcp443=OK
2026-10-07T12:55:39Z,zavod=401,survey=200,brand=405,smm=200,ssh22=OK,tcp443=OK
2026-10-07T13:00:57Z,zavod=TIMEOUT,survey=200,brand=TIMEOUT,smm=200,ssh22=OK,tcp443=OK
2026-10-07T13:05:34Z,zavod=401,survey=200,brand=405,smm=200,ssh22=OK,tcp443=OK
2026-10-07T13:10:39Z,zavod=401,survey=200,brand=405,smm=200,ssh22=OK,tcp443=OK
2026-10-07T13:15:45Z,zavod=401,survey=200,brand=405,smm=200,ssh22=FAIL,tcp443=FAIL
2026-10-07T13:20:50Z,zavod=401,survey=200,brand=TIMEOUT,smm=200,ssh22=OK,tcp443=OK
2026-10-07T13:25:33Z,zavod=401,survey=200,brand=405,smm=200,ssh22=OK,tcp443=OK
2026-10-07T13:30:45Z,zavod=401,survey=200,brand=405,smm=200,ssh22=OK,tcp443=OK
2026-10-07T13:35:49Z,zavod=401,survey=200,brand=405,smm=200,ssh22=OK,tcp443=OK
2026-10-07T13:40:52Z,zavod=401,survey=200,brand=405,smm=200,ssh22=OK,tcp443=OK
2026-10-07T13:45:38Z,zavod=401,survey=200,brand=405,smm=200,ssh22=OK,tcp443=OK
2026-10-07T13:50:52Z,zavod=401,survey=TIMEOUT,brand=TIMEOUT,smm=200,ssh22=OK,tcp443=OK
2026-10-07T13:55:53Z,zavod=401,survey=200,brand=405,smm=200,ssh22=OK,tcp443=OK
2026-10-07T14:01:14Z,zavod=401,survey=200,brand=405,smm=200,ssh22=OK,tcp443=OK
2026-10-07T14:05:51Z,zavod=401,survey=200,brand=405,smm=200,ssh22=OK,tcp443=OK
2026-10-07T14:10:55Z,zavod=401,survey=200,brand=405,smm=200,ssh22=OK,tcp443=OK
2026-10-07T14:16:03Z,zavod=401,survey=TIMEOUT,brand=405,smm=200,ssh22=OK,tcp443=OK
2026-10-07T14:20:35Z,zavod=401,survey=TIMEOUT,brand=TIMEOUT,smm=200,ssh22=OK,tcp443=OK
2026-10-07T14:25:48Z,zavod=401,survey=TIMEOUT,brand=TIMEOUT,smm=200,ssh22=OK,tcp443=OK
2026-10-07T14:30:58Z,zavod=401,survey=200,brand=405,smm=200,ssh22=OK,tcp443=OK
2026-10-07T14:35:30Z,zavod=401,survey=TIMEOUT,brand=405,smm=200,ssh22=OK,tcp443=OK
2026-10-07T14:40:34Z,zavod=401,survey=200,brand=405,smm=200,ssh22=OK,tcp443=OK
2026-10-07T14:45:38Z,zavod=401,survey=200,brand=TIMEOUT,smm=200,ssh22=OK,tcp443=OK
2026-10-07T14:50:50Z,zavod=401,survey=200,brand=405,smm=200,ssh22=OK,tcp443=OK
2026-10-07T14:55:49Z,zavod=401,survey=TIMEOUT,brand=405,smm=200,ssh22=OK,tcp443=OK
2026-10-07T15:01:05Z,zavod=401,survey=200,brand=405,smm=200,ssh22=OK,tcp443=OK
2026-10-07T15:05:39Z,zavod=401,survey=200,brand=405,smm=200,ssh22=OK,tcp443=OK
2026-10-07T15:20:53Z,zavod=401,survey=200,brand=405,smm=200,ssh22=OK,tcp443=OK
2026-10-07T15:25:52Z,zavod=401,survey=200,brand=405,smm=200,ssh22=OK,tcp443=OK
2026-10-07T15:30:59Z,zavod=401,survey=200,brand=405,smm=200,ssh22=OK,tcp443=OK
2026-10-07T15:35:40Z,zavod=401,survey=200,brand=405,smm=200,ssh22=OK,tcp443=OK
2026-10-07T15:40:50Z,zavod=401,survey=200,brand=405,smm=200,ssh22=OK,tcp443=OK
2026-10-07T15:45:52Z,zavod=401,survey=200,brand=405,smm=200,ssh22=OK,tcp443=OK
2026-10-07T15:50:50Z,zavod=401,survey=TIMEOUT,brand=405,smm=200,ssh22=OK,tcp443=OK
2026-10-07T15:55:47Z,zavod=401,survey=200,brand=405,smm=200,ssh22=OK,tcp443=OK
2026-10-07T16:01:10Z,zavod=401,survey=200,brand=405,smm=200,ssh22=OK,tcp443=OK
2026-10-07T16:05:40Z,zavod=401,survey=200,brand=405,smm=200,ssh22=OK,tcp443=OK
2026-10-07T16:10:50Z,zavod=401,survey=200,brand=TIMEOUT,smm=200,ssh22=OK,tcp443=OK
2026-10-07T16:15:49Z,zavod=401,survey=200,brand=405,smm=200,ssh22=OK,tcp443=OK
2026-10-07T16:20:46Z,zavod=401,survey=200,brand=405,smm=200,ssh22=OK,tcp443=OK
2026-10-07T16:25:40Z,zavod=401,survey=200,brand=405,smm=200,ssh22=OK,tcp443=OK
2026-10-07T16:30:43Z,zavod=401,survey=200,brand=405,smm=200,ssh22=FAIL,tcp443=FAIL
2026-10-07T16:35:39Z,zavod=401,survey=200,brand=405,smm=200,ssh22=OK,tcp443=OK
2026-10-07T16:40:35Z,zavod=401,survey=200,brand=405,smm=200,ssh22=OK,tcp443=OK
2026-10-07T16:45:34Z,zavod=401,survey=200,brand=405,smm=200,ssh22=OK,tcp443=OK
2026-10-07T16:50:30Z,zavod=401,survey=200,brand=405,smm=200,ssh22=OK,tcp443=OK
2026-10-07T17:01:10Z,zavod=TIMEOUT,survey=200,brand=405,smm=200,ssh22=OK,tcp443=OK
2026-10-07T17:05:39Z,zavod=401,survey=200,brand=405,smm=200,ssh22=OK,tcp443=OK
2026-10-07T17:10:32Z,zavod=401,survey=200,brand=405,smm=200,ssh22=OK,tcp443=OK
2026-10-07T17:16:03Z,zavod=401,survey=TIMEOUT,brand=405,smm=200,ssh22=OK,tcp443=OK
2026-10-07T17:20:57Z,zavod=401,survey=TIMEOUT,brand=405,smm=200,ssh22=OK,tcp443=OK
2026-10-07T17:25:30Z,zavod=401,survey=TIMEOUT,brand=TIMEOUT,smm=200,ssh22=OK,tcp443=OK
2026-10-07T17:31:04Z,zavod=401,survey=TIMEOUT,brand=405,smm=200,ssh22=OK,tcp443=OK
2026-10-07T17:35:27Z,zavod=401,survey=200,brand=405,smm=200,ssh22=OK,tcp443=OK
2026-10-07T17:40:54Z,zavod=401,survey=200,brand=405,smm=200,ssh22=OK,tcp443=OK
2026-10-07T17:45:53Z,zavod=401,survey=200,brand=405,smm=200,ssh22=OK,tcp443=OK
2026-10-07T17:50:52Z,zavod=401,survey=200,brand=TIMEOUT,smm=200,ssh22=OK,tcp443=OK
2026-10-07T17:55:45Z,zavod=401,survey=TIMEOUT,brand=405,smm=200,ssh22=OK,tcp443=OK
2026-10-07T18:00:57Z,zavod=401,survey=200,brand=405,smm=200,ssh22=OK,tcp443=OK
2026-10-07T18:05:55Z,zavod=401,survey=200,brand=TIMEOUT,smm=200,ssh22=OK,tcp443=OK
2026-10-07T18:10:53Z,zavod=401,survey=200,brand=405,smm=200,ssh22=OK,tcp443=OK
2026-10-07T18:15:52Z,zavod=401,survey=200,brand=405,smm=200,ssh22=OK,tcp443=OK
2026-10-07T18:20:50Z,zavod=401,survey=TIMEOUT,brand=TIMEOUT,smm=200,ssh22=OK,tcp443=OK
2026-10-07T18:25:44Z,zavod=401,survey=TIMEOUT,brand=405,smm=200,ssh22=OK,tcp443=OK
2026-10-07T18:30:46Z,zavod=401,survey=TIMEOUT,brand=405,smm=200,ssh22=OK,tcp443=OK
2026-10-07T18:35:43Z,zavod=401,survey=200,brand=405,smm=200,ssh22=OK,tcp443=OK
2026-10-07T18:40:39Z,zavod=401,survey=200,brand=405,smm=200,ssh22=OK,tcp443=OK
2026-10-07T18:45:47Z,zavod=401,survey=200,brand=405,smm=200,ssh22=OK,tcp443=OK
2026-10-07T18:50:42Z,zavod=401,survey=TIMEOUT,brand=405,smm=200,ssh22=OK,tcp443=OK
2026-10-07T18:55:34Z,zavod=401,survey=TIMEOUT,brand=TIMEOUT,smm=200,ssh22=OK,tcp443=OK
2026-10-07T19:01:14Z,zavod=401,survey=200,brand=405,smm=200,ssh22=OK,tcp443=OK
2026-10-07T19:05:42Z,zavod=401,survey=TIMEOUT,brand=405,smm=200,ssh22=OK,tcp443=OK
2026-10-07T19:10:36Z,zavod=401,survey=TIMEOUT,brand=TIMEOUT,smm=200,ssh22=OK,tcp443=OK
2026-10-07T19:15:43Z,zavod=401,survey=200,brand=405,smm=200,ssh22=OK,tcp443=OK
2026-10-07T19:20:37Z,zavod=401,survey=200,brand=405,smm=200,ssh22=OK,tcp443=OK
2026-10-07T19:25:42Z,zavod=401,survey=200,brand=405,smm=200,ssh22=OK,tcp443=OK
2026-10-07T19:30:41Z,zavod=401,survey=200,brand=405,smm=200,ssh22=OK,tcp443=OK
2026-10-07T19:35:36Z,zavod=401,survey=200,brand=405,smm=200,ssh22=OK,tcp443=OK
2026-10-07T19:40:31Z,zavod=401,survey=TIMEOUT,brand=TIMEOUT,smm=200,ssh22=OK,tcp443=OK
2026-10-07T19:45:57Z,zavod=401,survey=200,brand=405,smm=200,ssh22=OK,tcp443=OK
2026-10-07T19:50:32Z,zavod=401,survey=200,brand=405,smm=200,ssh22=OK,tcp443=OK
2026-10-07T19:55:54Z,zavod=401,survey=200,brand=405,smm=200,ssh22=OK,tcp443=OK
2026-10-07T20:01:14Z,zavod=401,survey=200,brand=405,smm=200,ssh22=OK,tcp443=OK
2026-10-07T20:05:40Z,zavod=401,survey=200,brand=405,smm=200,ssh22=OK,tcp443=OK
2026-10-07T20:10:33Z,zavod=401,survey=200,brand=405,smm=200,ssh22=OK,tcp443=OK
2026-10-07T20:15:58Z,zavod=401,survey=200,brand=405,smm=200,ssh22=OK,tcp443=OK
2026-10-07T20:20:32Z,zavod=401,survey=200,brand=405,smm=200,ssh22=OK,tcp443=OK
2026-10-07T20:25:32Z,zavod=401,survey=200,brand=405,smm=200,ssh22=OK,tcp443=OK
2026-10-07T20:31:04Z,zavod=401,survey=200,brand=405,smm=200,ssh22=FAIL,tcp443=FAIL
2026-10-07T20:35:54Z,zavod=401,survey=200,brand=405,smm=200,ssh22=OK,tcp443=OK
2026-10-07T20:40:48Z,zavod=401,survey=TIMEOUT,brand=405,smm=200,ssh22=OK,tcp443=OK
2026-10-07T20:45:54Z,zavod=401,survey=200,brand=405,smm=200,ssh22=OK,tcp443=OK
2026-10-07T20:50:46Z,zavod=401,survey=TIMEOUT,brand=TIMEOUT,smm=200,ssh22=OK,tcp443=OK
2026-10-07T20:55:44Z,zavod=401,survey=200,brand=405,smm=200,ssh22=OK,tcp443=OK
2026-10-07T21:00:52Z,zavod=401,survey=TIMEOUT,brand=405,smm=200,ssh22=OK,tcp443=OK
2026-10-07T21:05:46Z,zavod=401,survey=TIMEOUT,brand=405,smm=200,ssh22=OK,tcp443=OK
2026-10-07T21:10:39Z,zavod=401,survey=200,brand=405,smm=200,ssh22=OK,tcp443=OK
2026-10-07T21:15:35Z,zavod=401,survey=TIMEOUT,brand=405,smm=200,ssh22=OK,tcp443=OK
2026-10-07T21:20:59Z,zavod=401,survey=200,brand=405,smm=200,ssh22=OK,tcp443=OK
2026-10-07T21:25:50Z,zavod=401,survey=TIMEOUT,brand=405,smm=200,ssh22=OK,tcp443=OK
2026-10-07T21:30:48Z,zavod=401,survey=200,brand=405,smm=200,ssh22=OK,tcp443=OK
2026-10-07T21:35:42Z,zavod=401,survey=TIMEOUT,brand=405,smm=200,ssh22=OK,tcp443=OK
2026-10-07T21:40:32Z,zavod=401,survey=200,brand=405,smm=200,ssh22=OK,tcp443=OK
2026-10-07T21:45:55Z,zavod=401,survey=200,brand=405,smm=200,ssh22=OK,tcp443=OK
2026-10-07T21:50:47Z,zavod=401,survey=200,brand=405,smm=200,ssh22=OK,tcp443=OK
2026-10-07T21:55:36Z,zavod=401,survey=TIMEOUT,brand=405,smm=200,ssh22=FAIL,tcp443=FAIL
2026-10-07T22:01:14Z,zavod=401,survey=200,brand=405,smm=200,ssh22=OK,tcp443=OK
2026-10-07T22:05:44Z,zavod=401,survey=200,brand=405,smm=200,ssh22=OK,tcp443=OK
2026-10-07T22:10:34Z,zavod=401,survey=200,brand=405,smm=200,ssh22=OK,tcp443=OK
2026-10-07T22:15:57Z,zavod=401,survey=TIMEOUT,brand=405,smm=200,ssh22=OK,tcp443=OK
2026-10-07T22:20:49Z,zavod=401,survey=TIMEOUT,brand=405,smm=200,ssh22=OK,tcp443=OK
2026-10-07T22:25:47Z,zavod=401,survey=TIMEOUT,brand=405,smm=200,ssh22=OK,tcp443=OK
2026-10-07T22:30:55Z,zavod=401,survey=TIMEOUT,brand=TIMEOUT,smm=200,ssh22=OK,tcp443=OK
2026-10-07T22:35:45Z,zavod=401,survey=TIMEOUT,brand=405,smm=200,ssh22=OK,tcp443=OK
2026-10-07T22:40:46Z,zavod=401,survey=200,brand=405,smm=200,ssh22=OK,tcp443=OK
2026-10-07T22:45:48Z,zavod=401,survey=TIMEOUT,brand=405,smm=200,ssh22=OK,tcp443=OK
2026-10-07T22:50:49Z,zavod=401,survey=TIMEOUT,brand=405,smm=200,ssh22=OK,tcp443=OK
2026-10-07T22:55:27Z,zavod=401,survey=TIMEOUT,brand=TIMEOUT,smm=200,ssh22=OK,tcp443=OK
2026-10-07T23:01:13Z,zavod=401,survey=TIMEOUT,brand=TIMEOUT,smm=200,ssh22=OK,tcp443=OK
2026-10-07T23:05:55Z,zavod=401,survey=200,brand=405,smm=200,ssh22=OK,tcp443=OK
2026-10-07T23:10:35Z,zavod=401,survey=200,brand=405,smm=200,ssh22=OK,tcp443=OK
2026-10-07T23:15:45Z,zavod=401,survey=200,brand=405,smm=200,ssh22=OK,tcp443=OK
2026-10-07T23:20:43Z,zavod=401,survey=TIMEOUT,brand=405,smm=200,ssh22=OK,tcp443=OK
2026-10-08T00:28:23Z,zavod=401,survey=TIMEOUT,brand=405,smm=200,ssh22=OK,tcp443=OK
2026-10-08T00:29:36Z,zavod=401,survey=200,brand=405,smm=200,ssh22=OK,tcp443=OK
2026-10-08T00:30:37Z,zavod=401,survey=200,brand=405,smm=200,ssh22=OK,tcp443=OK
2026-10-08T00:31:31Z,zavod=401,survey=200,brand=405,smm=200,ssh22=OK,tcp443=OK
2026-10-08T00:32:21Z,zavod=401,survey=200,brand=405,smm=200,ssh22=OK,tcp443=OK
2026-10-08T00:33:07Z,zavod=401,survey=200,brand=405,smm=200,ssh22=OK,tcp443=OK
2026-10-08T00:33:48Z,zavod=401,survey=200,brand=405,smm=200,ssh22=OK,tcp443=OK
2026-10-08T00:34:28Z,zavod=401,survey=200,brand=405,smm=200,ssh22=OK,tcp443=OK
2026-10-08T00:35:09Z,zavod=401,survey=200,brand=405,smm=200,ssh22=OK,tcp443=OK
2026-10-08T00:35:49Z,zavod=401,survey=200,brand=405,smm=200,ssh22=OK,tcp443=OK
2026-10-08T00:36:52Z,zavod=401,survey=200,brand=405,smm=200,ssh22=OK,tcp443=OK
2026-10-08T00:37:36Z,zavod=401,survey=200,brand=405,smm=200,ssh22=OK,tcp443=OK
2026-10-08T00:41:48Z,zavod=401,survey=TIMEOUT,brand=TIMEOUT,smm=200,ssh22=OK,tcp443=OK
2026-10-08T00:45:56Z,zavod=401,survey=200,brand=405,smm=200,ssh22=OK,tcp443=OK
2026-10-08T00:50:53Z,zavod=401,survey=200,brand=405,smm=200,ssh22=OK,tcp443=OK
2026-10-08T00:55:55Z,zavod=401,survey=200,brand=405,smm=200,ssh22=OK,tcp443=OK
2026-10-08T01:01:04Z,zavod=TIMEOUT,survey=200,brand=TIMEOUT,smm=200,ssh22=OK,tcp443=OK
2026-10-08T01:05:44Z,zavod=401,survey=200,brand=405,smm=200,ssh22=OK,tcp443=OK
2026-10-08T01:10:50Z,zavod=401,survey=200,brand=405,smm=200,ssh22=OK,tcp443=OK
2026-10-08T01:15:34Z,zavod=401,survey=TIMEOUT,brand=405,smm=200,ssh22=OK,tcp443=OK
2026-10-08T01:20:38Z,zavod=401,survey=200,brand=405,smm=200,ssh22=OK,tcp443=OK
2026-10-08T01:25:38Z,zavod=401,survey=200,brand=405,smm=200,ssh22=OK,tcp443=OK
2026-10-08T01:30:49Z,zavod=401,survey=200,brand=405,smm=200,ssh22=OK,tcp443=OK
2026-10-08T01:35:51Z,zavod=401,survey=200,brand=405,smm=200,ssh22=OK,tcp443=OK
2026-10-08T01:40:34Z,zavod=401,survey=200,brand=405,smm=200,ssh22=OK,tcp443=OK
2026-10-08T01:45:49Z,zavod=401,survey=200,brand=405,smm=200,ssh22=OK,tcp443=OK
2026-10-08T01:50:32Z,zavod=401,survey=200,brand=405,smm=200,ssh22=OK,tcp443=OK
2026-10-08T01:55:32Z,zavod=401,survey=200,brand=405,smm=200,ssh22=OK,tcp443=OK
2026-10-08T02:01:01Z,zavod=401,survey=200,brand=405,smm=200,ssh22=OK,tcp443=OK
2026-10-08T02:05:46Z,zavod=401,survey=200,brand=405,smm=200,ssh22=OK,tcp443=OK
2026-10-08T02:10:51Z,zavod=401,survey=200,brand=405,smm=200,ssh22=OK,tcp443=OK
2026-10-08T02:16:00Z,zavod=401,survey=200,brand=405,smm=200,ssh22=OK,tcp443=OK
2026-10-08T02:20:34Z,zavod=401,survey=200,brand=405,smm=200,ssh22=OK,tcp443=OK
2026-10-08T02:25:36Z,zavod=401,survey=TIMEOUT,brand=TIMEOUT,smm=200,ssh22=OK,tcp443=OK
2026-10-08T02:30:57Z,zavod=401,survey=200,brand=405,smm=200,ssh22=OK,tcp443=OK
2026-10-08T02:35:28Z,zavod=401,survey=200,brand=405,smm=200,ssh22=OK,tcp443=OK
2026-10-08T02:41:02Z,zavod=401,survey=200,brand=405,smm=200,ssh22=OK,tcp443=OK
2026-10-08T02:45:37Z,zavod=401,survey=200,brand=405,smm=200,ssh22=OK,tcp443=OK
2026-10-08T02:50:43Z,zavod=401,survey=TIMEOUT,brand=405,smm=200,ssh22=OK,tcp443=OK
2026-10-08T02:55:54Z,zavod=401,survey=TIMEOUT,brand=405,smm=200,ssh22=OK,tcp443=OK
2026-10-08T03:01:06Z,zavod=401,survey=200,brand=405,smm=200,ssh22=OK,tcp443=OK
2026-10-08T03:05:52Z,zavod=401,survey=200,brand=405,smm=200,ssh22=OK,tcp443=OK
2026-10-08T03:10:49Z,zavod=401,survey=200,brand=405,smm=200,ssh22=OK,tcp443=OK
2026-10-08T03:15:36Z,zavod=401,survey=TIMEOUT,brand=TIMEOUT,smm=200,ssh22=OK,tcp443=OK
2026-10-08T03:20:54Z,zavod=401,survey=200,brand=405,smm=200,ssh22=OK,tcp443=OK
2026-10-08T03:25:57Z,zavod=401,survey=200,brand=405,smm=200,ssh22=OK,tcp443=OK
2026-10-08T03:31:10Z,zavod=401,survey=200,brand=405,smm=200,ssh22=OK,tcp443=OK
2026-10-08T03:35:56Z,zavod=401,survey=200,brand=405,smm=200,ssh22=OK,tcp443=OK
2026-10-08T03:40:33Z,zavod=401,survey=TIMEOUT,brand=405,smm=200,ssh22=OK,tcp443=OK
2026-10-08T03:45:41Z,zavod=401,survey=TIMEOUT,brand=405,smm=200,ssh22=OK,tcp443=OK
2026-10-08T03:50:49Z,zavod=401,survey=200,brand=405,smm=200,ssh22=OK,tcp443=OK
2026-10-08T03:55:51Z,zavod=401,survey=TIMEOUT,brand=405,smm=200,ssh22=OK,tcp443=OK
2026-10-08T04:00:55Z,zavod=401,survey=TIMEOUT,brand=405,smm=200,ssh22=OK,tcp443=OK
2026-10-08T04:05:30Z,zavod=401,survey=200,brand=405,smm=200,ssh22=OK,tcp443=OK
2026-10-08T04:10:56Z,zavod=401,survey=200,brand=405,smm=200,ssh22=OK,tcp443=OK
2026-10-08T04:15:39Z,zavod=401,survey=200,brand=TIMEOUT,smm=200,ssh22=OK,tcp443=OK
2026-10-08T04:20:53Z,zavod=401,survey=200,brand=405,smm=200,ssh22=OK,tcp443=OK
2026-10-08T04:25:49Z,zavod=401,survey=TIMEOUT,brand=405,smm=200,ssh22=OK,tcp443=OK
2026-10-08T04:30:47Z,zavod=401,survey=200,brand=405,smm=200,ssh22=OK,tcp443=OK
2026-10-08T04:35:56Z,zavod=401,survey=200,brand=405,smm=200,ssh22=OK,tcp443=OK
2026-10-08T04:40:36Z,zavod=401,survey=TIMEOUT,brand=405,smm=200,ssh22=OK,tcp443=OK
2026-10-08T04:45:46Z,zavod=401,survey=200,brand=405,smm=200,ssh22=OK,tcp443=OK
2026-10-08T04:50:57Z,zavod=401,survey=200,brand=405,smm=200,ssh22=OK,tcp443=OK
2026-10-08T04:55:54Z,zavod=401,survey=200,brand=405,smm=200,ssh22=OK,tcp443=OK
2026-10-08T05:01:02Z,zavod=401,survey=200,brand=405,smm=200,ssh22=OK,tcp443=OK
2026-10-08T05:05:45Z,zavod=401,survey=200,brand=405,smm=200,ssh22=OK,tcp443=OK
2026-10-08T05:10:37Z,zavod=401,survey=TIMEOUT,brand=TIMEOUT,smm=200,ssh22=OK,tcp443=OK
2026-10-08T05:15:53Z,zavod=401,survey=200,brand=405,smm=200,ssh22=OK,tcp443=OK
2026-10-08T05:20:47Z,zavod=401,survey=200,brand=405,smm=200,ssh22=OK,tcp443=OK
2026-10-08T05:25:37Z,zavod=401,survey=200,brand=405,smm=200,ssh22=OK,tcp443=OK
2026-10-08T05:31:07Z,zavod=401,survey=200,brand=405,smm=200,ssh22=OK,tcp443=OK
2026-10-08T05:35:48Z,zavod=401,survey=200,brand=405,smm=200,ssh22=OK,tcp443=OK
2026-10-08T05:40:40Z,zavod=401,survey=200,brand=405,smm=200,ssh22=OK,tcp443=OK
2026-10-08T05:45:55Z,zavod=401,survey=200,brand=405,smm=200,ssh22=OK,tcp443=OK
2026-10-08T05:50:39Z,zavod=401,survey=TIMEOUT,brand=405,smm=200,ssh22=OK,tcp443=OK
2026-10-08T05:55:38Z,zavod=401,survey=200,brand=405,smm=200,ssh22=OK,tcp443=OK
2026-10-08T06:01:24Z,zavod=401,survey=TIMEOUT,brand=405,smm=200,ssh22=OK,tcp443=OK
2026-10-08T06:05:41Z,zavod=401,survey=200,brand=405,smm=200,ssh22=OK,tcp443=OK
2026-10-08T06:10:47Z,zavod=401,survey=200,brand=TIMEOUT,smm=200,ssh22=OK,tcp443=OK
2026-10-08T06:15:45Z,zavod=401,survey=200,brand=405,smm=200,ssh22=OK,tcp443=OK
2026-10-08T06:21:01Z,zavod=401,survey=200,brand=405,smm=200,ssh22=OK,tcp443=OK
2026-10-08T06:25:43Z,zavod=401,survey=TIMEOUT,brand=405,smm=200,ssh22=OK,tcp443=OK
2026-10-08T06:31:06Z,zavod=401,survey=200,brand=405,smm=200,ssh22=OK,tcp443=OK
2026-10-08T06:35:37Z,zavod=401,survey=200,brand=405,smm=200,ssh22=OK,tcp443=OK
2026-10-08T06:40:52Z,zavod=401,survey=200,brand=405,smm=200,ssh22=OK,tcp443=OK
2026-10-08T06:45:48Z,zavod=401,survey=200,brand=405,smm=200,ssh22=OK,tcp443=OK
2026-10-08T06:50:44Z,zavod=401,survey=TIMEOUT,brand=405,smm=200,ssh22=OK,tcp443=OK
2026-10-08T06:55:55Z,zavod=401,survey=200,brand=405,smm=200,ssh22=OK,tcp443=OK
2026-10-08T07:01:01Z,zavod=401,survey=TIMEOUT,brand=405,smm=200,ssh22=OK,tcp443=OK
2026-10-08T07:05:37Z,zavod=401,survey=TIMEOUT,brand=TIMEOUT,smm=200,ssh22=OK,tcp443=OK
2026-10-08T07:10:41Z,zavod=401,survey=200,brand=405,smm=200,ssh22=OK,tcp443=OK
2026-10-08T07:15:41Z,zavod=401,survey=200,brand=405,smm=200,ssh22=OK,tcp443=OK
2026-10-08T07:20:57Z,zavod=401,survey=200,brand=405,smm=200,ssh22=OK,tcp443=OK
2026-10-08T07:25:58Z,zavod=401,survey=TIMEOUT,brand=405,smm=200,ssh22=OK,tcp443=OK
2026-10-08T07:30:47Z,zavod=401,survey=TIMEOUT,brand=405,smm=200,ssh22=OK,tcp443=OK
2026-10-08T07:36:00Z,zavod=401,survey=200,brand=405,smm=200,ssh22=OK,tcp443=OK
2026-10-08T07:40:44Z,zavod=401,survey=200,brand=405,smm=200,ssh22=OK,tcp443=OK
2026-10-08T07:46:03Z,zavod=401,survey=200,brand=405,smm=200,ssh22=OK,tcp443=OK
2026-10-08T07:50:48Z,zavod=401,survey=200,brand=405,smm=200,ssh22=OK,tcp443=OK
